日期,股票代码,开盘,收盘,最高,最低,成交量,成交额,振幅,涨跌幅,涨跌额,换手率
2021-01-11,003033,27.94,33.52,33.52,27.94,2101,7030285.0,23.97,43.99,10.24,1.03
2021-01-12,003033,36.87,35.4,36.87,33.78,93339,331121712.0,9.22,5.61,1.88,45.64
2021-01-13,003033,32.87,31.86,34.75,31.86,67072,218004061.0,8.16,-10.0,-3.54,32.8
2021-01-14,003033,30.6,29.45,30.6,29.32,51236,152690142.0,4.02,-7.56,-2.41,25.05
2021-01-15,003033,29.16,30.19,31.5,28.9,44409,133864469.0,8.83,2.51,0.74,21.72
2021-01-18,003033,29.86,29.54,29.96,29.3,32281,95411975.0,2.19,-2.15,-0.65,15.79
2021-01-19,003033,29.25,29.31,29.72,29.22,25628,75463074.0,1.69,-0.78,-0.23,12.53
2021-01-20,003033,29.25,29.51,29.77,28.82,27208,79853114.0,3.24,0.68,0.2,13.3
2021-01-21,003033,29.28,29.88,30.55,29.15,31741,94921362.0,4.74,1.25,0.37,15.52
2021-01-22,003033,29.4,30.3,30.49,29.4,33017,99501154.0,3.65,1.41,0.42,16.15
2021-01-25,003033,30.3,29.6,30.3,28.82,31368,91922647.0,4.88,-2.31,-0.7,15.34
2021-01-26,003033,29.36,30.09,30.2,29.36,31017,92767595.0,2.84,1.66,0.49,15.17
2021-01-27,003033,29.7,29.48,29.99,29.05,21559,63497975.0,3.12,-2.03,-0.61,10.54
2021-01-28,003033,29.0,28.51,29.45,28.5,19639,56903546.0,3.22,-3.29,-0.97,9.6
2021-01-29,003033,28.51,27.82,28.74,27.23,23827,66596181.0,5.3,-2.42,-0.69,11.65
2021-02-01,003033,27.8,29.39,30.3,27.56,33413,97333567.0,9.85,5.64,1.57,16.34
2021-02-02,003033,28.81,30.11,30.55,28.8,32855,97909270.0,5.95,2.45,0.72,16.07
2021-02-03,003033,30.0,28.8,30.0,28.8,22972,67273550.0,3.99,-4.35,-1.31,11.23
2021-02-04,003033,28.61,31.68,31.68,28.61,42872,133041667.0,10.66,10.0,2.88,20.96
2021-02-05,003033,32.0,30.84,34.85,30.68,79961,265551772.0,13.16,-2.65,-0.84,39.1
2021-02-08,003033,28.66,30.31,31.31,28.66,50745,151683013.0,8.59,-1.72,-0.53,24.81
2021-02-09,003033,30.31,29.5,30.78,29.01,31030,92192647.0,5.84,-2.67,-0.81,15.17
2021-02-10,003033,29.55,28.59,29.89,28.51,26758,77470700.0,4.68,-3.08,-0.91,13.08
2021-02-18,003033,28.85,29.44,29.77,28.57,21820,63839837.0,4.2,2.97,0.85,10.67
2021-02-19,003033,29.21,30.46,30.49,29.03,23126,69355499.0,4.96,3.46,1.02,11.31
2021-02-22,003033,30.71,30.0,31.58,29.85,29519,90533203.0,5.68,-1.51,-0.46,14.43
2021-02-23,003033,29.86,30.29,30.45,29.33,20942,62553927.0,3.73,0.97,0.29,10.24
2021-02-24,003033,30.03,30.98,31.28,29.75,28404,87083302.0,5.05,2.28,0.69,13.89
2021-02-25,003033,30.87,31.17,31.35,30.12,22265,68211220.0,3.97,0.61,0.19,10.89
2021-02-26,003033,30.85,31.98,33.18,30.62,40929,131422395.0,8.21,2.6,0.81,20.01
2021-03-01,003033,31.9,32.6,32.73,31.32,28382,90730689.0,4.41,1.94,0.62,13.88
2021-03-02,003033,32.1,31.34,33.12,31.25,24596,78821091.0,5.74,-3.87,-1.26,12.03
2021-03-03,003033,31.07,34.47,34.47,30.94,57453,194719669.0,11.26,9.99,3.13,28.09
2021-03-04,003033,35.0,37.92,37.92,34.58,107430,397240144.0,9.69,10.01,3.45,52.53
2021-03-05,003033,34.13,34.39,36.48,34.13,95339,335491120.0,6.2,-9.31,-3.53,46.62
2021-03-08,003033,33.33,33.24,34.32,32.89,55971,187908041.0,4.16,-3.34,-1.15,27.37
2021-03-09,003033,33.0,31.14,33.38,31.0,44831,142109144.0,7.16,-6.32,-2.1,21.92
2021-03-10,003033,31.33,30.6,31.5,29.9,30482,93065888.0,5.14,-1.73,-0.54,14.91
2021-03-11,003033,30.33,30.76,31.1,30.21,21669,66493486.0,2.91,0.52,0.16,10.6
2021-03-12,003033,30.77,29.93,30.77,29.92,23309,70219726.0,2.76,-2.7,-0.83,11.4
2021-03-15,003033,29.75,30.35,30.62,29.11,26693,79711381.0,5.05,1.4,0.42,13.05
2021-03-16,003033,30.17,30.72,30.79,30.04,19616,59773125.0,2.47,1.22,0.37,9.59
2021-03-17,003033,30.51,31.2,31.59,30.5,22842,71298784.0,3.55,1.56,0.48,11.17
2021-03-18,003033,31.0,30.86,31.24,30.51,21106,65185827.0,2.34,-1.09,-0.34,10.32
2021-03-19,003033,30.63,31.88,32.4,30.56,30107,95706415.0,5.96,3.31,1.02,14.72
2021-03-22,003033,31.88,33.0,33.7,31.6,31601,102423806.0,6.59,3.51,1.12,15.45
2021-03-23,003033,32.6,32.16,33.19,31.85,21889,70750934.0,4.06,-2.55,-0.84,10.7
2021-03-24,003033,31.85,32.29,33.15,31.5,21087,68193245.0,5.13,0.4,0.13,10.31
2021-03-25,003033,32.38,31.18,32.5,31.13,18162,57532615.0,4.24,-3.44,-1.11,8.88
2021-03-26,003033,31.1,31.17,31.48,30.68,17632,54807040.0,2.57,-0.03,-0.01,8.62
2021-03-29,003033,31.21,31.05,31.36,30.63,15024,46447388.0,2.34,-0.38,-0.12,7.35
2021-03-30,003033,30.84,31.67,31.71,30.61,19489,60633126.0,3.54,2.0,0.62,9.53
2021-03-31,003033,31.31,32.46,34.84,31.19,49768,163870328.0,11.53,2.49,0.79,24.34
2021-04-01,003033,32.02,33.97,34.67,32.01,55677,187375925.0,8.19,4.65,1.51,27.23
2021-04-02,003033,33.67,34.0,34.47,32.8,35890,120867083.0,4.92,0.09,0.03,17.55
2021-04-06,003033,33.9,33.75,34.35,33.37,22494,76175336.0,2.88,-0.74,-0.25,11.0
2021-04-07,003033,37.13,37.13,37.13,37.13,22722,84367862.0,0.0,10.01,3.38,11.11
2021-04-08,003033,40.8,40.84,40.84,38.94,79758,323099168.0,5.12,9.99,3.71,39.0
2021-04-09,003033,42.47,44.92,44.92,40.88,127901,555272176.0,9.89,9.99,4.08,62.54
2021-04-12,003033,45.0,49.41,49.41,40.43,83846,375166816.0,19.99,10.0,4.49,41.0
2021-04-13,003033,48.99,54.35,54.35,48.0,89780,463217936.0,12.85,10.0,4.94,43.9
2021-04-14,003033,54.35,48.92,55.02,48.92,31943,160942892.0,11.22,-9.99,-5.43,15.62
2021-04-15,003033,44.03,44.03,46.22,44.03,51882,229426739.0,4.48,-10.0,-4.89,25.37
2021-04-16,003033,42.2,39.9,42.2,39.63,121625,486798448.0,5.84,-9.38,-4.13,59.47
2021-04-19,003033,38.68,38.96,39.64,38.23,69030,268173297.0,3.53,-2.36,-0.94,33.76
2021-04-20,003033,38.51,38.99,39.89,38.29,63765,248530223.0,4.11,0.08,0.03,31.18
2021-04-21,003033,38.6,37.11,38.62,36.72,52324,195945224.0,4.87,-4.82,-1.88,25.59
2021-04-22,003033,37.13,37.54,37.97,36.97,43085,161780141.0,2.69,1.16,0.43,21.07
2021-04-23,003033,37.45,36.51,37.54,35.91,40566,147927486.0,4.34,-2.74,-1.03,19.84
2021-04-26,003033,36.51,35.67,36.76,35.5,25898,93266886.0,3.45,-2.3,-0.84,12.66
2021-04-27,003033,35.03,34.65,35.47,34.3,39306,136229469.0,3.28,-2.86,-1.02,19.22
2021-04-28,003033,34.42,34.75,35.14,34.25,29469,102038040.0,2.57,0.29,0.1,14.41
2021-04-29,003033,34.48,34.5,35.26,34.2,31528,109596596.0,3.05,-0.72,-0.25,15.42
2021-04-30,003033,34.52,33.15,34.68,32.8,33591,112478169.0,5.45,-3.91,-1.35,16.43
2021-05-06,003033,33.06,33.48,33.92,33.02,19908,66728323.0,2.71,1.0,0.33,9.73
2021-05-07,003033,33.48,33.68,33.85,33.1,21199,70993168.0,2.24,0.6,0.2,10.37
2021-05-10,003033,33.38,33.62,33.67,32.56,21926,72826080.0,3.3,-0.18,-0.06,10.72
2021-05-11,003033,33.46,34.19,34.28,33.23,27757,94193290.0,3.12,1.7,0.57,13.57
2021-05-12,003033,34.41,35.24,35.46,34.02,36411,127051249.0,4.21,3.07,1.05,17.8
2021-05-13,003033,34.6,33.65,34.95,33.6,29306,100510723.0,3.83,-4.51,-1.59,14.33
2021-05-14,003033,33.53,33.69,34.03,33.3,17689,59593884.0,2.17,0.12,0.04,8.65
2021-05-17,003033,33.3,32.22,33.61,31.59,29350,94515737.0,6.0,-4.36,-1.47,14.35
2021-05-18,003033,32.4,33.14,33.33,32.17,20529,67298232.0,3.6,2.86,0.92,10.04
2021-05-19,003033,33.14,33.2,33.45,32.55,15633,51746074.0,2.72,0.18,0.06,7.64
2021-05-20,003033,33.2,33.59,33.88,32.68,18745,62463843.0,3.61,1.17,0.39,9.17
2021-05-21,003033,33.56,33.62,33.91,33.18,16487,55419945.0,2.17,0.09,0.03,8.06
2021-05-24,003033,33.62,34.11,34.5,33.62,23318,79544567.0,2.62,1.46,0.49,11.4
2021-05-25,003033,34.36,34.11,34.58,32.89,27850,93784323.0,4.95,0.0,0.0,13.62
2021-05-26,003033,33.84,34.27,34.56,33.81,21695,74278250.0,2.2,0.47,0.16,10.61
2021-05-27,003033,34.6,35.03,35.3,34.22,29687,103306143.0,3.15,2.22,0.76,14.52
2021-05-28,003033,34.72,34.15,34.8,33.88,23775,81439836.0,2.63,-2.51,-0.88,11.63
2021-05-31,003033,33.9,34.59,34.65,33.82,17643,60693681.0,2.43,1.29,0.44,8.63
2021-06-01,003033,34.5,34.59,34.83,34.21,15484,53579640.0,1.79,0.0,0.0,7.57
2021-06-02,003033,34.3,35.63,37.19,33.6,44031,153883256.0,10.38,3.01,1.04,21.53
2021-06-03,003033,35.58,36.03,36.26,35.06,37955,134132878.0,3.37,1.12,0.4,18.56
2021-06-04,003033,36.16,37.2,38.2,35.8,60649,224053365.0,6.66,3.25,1.17,29.66
2021-06-07,003033,36.76,39.25,39.26,36.4,59090,223514027.0,7.69,5.51,2.05,28.89
2021-06-08,003033,38.45,39.02,39.25,37.92,42855,163656704.0,3.39,-0.59,-0.23,20.96
2021-06-09,003033,38.52,36.79,38.87,36.4,40197,148605246.0,6.33,-5.72,-2.23,19.66
2021-06-10,003033,36.46,35.44,36.78,35.4,34540,122204600.0,3.75,-3.67,-1.35,16.89
2021-06-11,003033,35.46,34.06,35.75,33.9,30402,104886479.0,5.22,-3.89,-1.38,14.87
2021-06-15,003033,33.73,33.65,34.37,33.09,18302,61140703.0,3.76,-1.2,-0.41,8.95
2021-06-16,003033,33.5,33.82,34.08,33.09,16511,54874526.0,2.94,0.51,0.17,8.07
2021-06-17,003033,33.73,33.7,34.27,33.41,16545,55324032.0,2.54,-0.35,-0.12,8.09
2021-06-18,003033,33.5,32.33,33.5,31.91,27614,88373664.0,4.72,-4.07,-1.37,13.5
2021-06-21,003033,32.17,32.53,32.9,31.96,15093,48266264.0,2.91,0.62,0.2,7.38
2021-06-22,003033,32.41,32.83,32.88,32.3,13256,42799268.0,1.78,0.92,0.3,6.48
2021-06-23,003033,32.83,32.58,33.02,32.09,16384,52592874.0,2.83,-0.76,-0.25,8.01
2021-06-24,003033,32.58,31.9,32.66,31.9,13323,42227033.0,2.33,-2.09,-0.68,6.51
2021-06-25,003033,31.89,32.23,32.35,31.6,10984,34766423.0,2.35,1.03,0.33,5.37
2021-06-28,003033,32.18,33.12,33.18,32.06,15911,51546351.0,3.48,2.76,0.89,7.78
2021-06-29,003033,33.32,32.55,33.33,32.48,9976,32172891.0,2.57,-1.72,-0.57,4.88
2021-06-30,003033,32.55,32.09,32.68,32.08,9469,30164997.0,1.84,-1.41,-0.46,4.63
2021-07-01,003033,32.2,31.76,32.3,31.7,9505,29985453.0,1.87,-1.03,-0.33,4.65
2021-07-02,003033,31.78,30.51,31.88,30.29,15135,45849847.0,5.01,-3.94,-1.25,7.4
2021-07-05,003033,30.45,30.45,30.7,30.32,7220,21704888.0,1.25,-0.2,-0.06,3.53
2021-07-06,003033,30.45,30.45,30.6,29.93,11446,34129222.0,2.2,0.0,0.0,5.6
2021-07-07,003033,30.35,30.95,31.25,30.34,10895,33190801.0,2.99,1.64,0.5,5.33
2021-07-08,003033,30.93,30.37,30.93,30.33,8811,26513917.0,1.94,-1.87,-0.58,4.31
2021-07-09,003033,30.3,30.56,30.7,30.02,5791,17419256.0,2.24,0.63,0.19,2.83
2021-07-12,003033,30.63,30.82,31.19,30.63,8239,25122247.0,1.83,0.85,0.26,4.03
2021-07-13,003033,30.8,30.91,31.0,30.21,9649,29090114.0,2.56,0.29,0.09,4.72
2021-07-14,003033,30.9,30.56,31.18,30.48,8350,25393585.0,2.26,-1.13,-0.35,4.08
2021-07-15,003033,30.42,29.62,30.75,29.57,11298,33348962.0,3.86,-3.08,-0.94,5.52
2021-07-16,003033,29.6,29.24,29.75,29.2,8584,24900980.0,1.86,-1.28,-0.38,4.2
2021-07-19,003033,29.15,28.65,29.32,28.55,7703,21861807.0,2.63,-2.02,-0.59,3.77
2021-07-20,003033,28.6,28.98,28.99,28.45,4863,13827105.0,1.88,1.15,0.33,2.38
2021-07-21,003033,28.83,29.35,29.58,28.83,7118,20575773.0,2.59,1.28,0.37,3.48
2021-07-22,003033,29.06,29.33,29.6,29.06,6725,19449851.0,1.84,-0.07,-0.02,3.29
2021-07-23,003033,29.5,28.54,29.5,28.53,7625,21682379.0,3.31,-2.69,-0.79,3.73
2021-07-26,003033,28.64,27.8,28.64,27.42,10072,27597327.0,4.27,-2.59,-0.74,4.93
2021-07-27,003033,27.8,27.82,28.55,27.62,7583,20982869.0,3.35,0.07,0.02,3.71
2021-07-28,003033,27.8,26.62,27.93,26.18,7401,19614348.0,6.29,-4.31,-1.2,3.62
2021-07-29,003033,27.02,26.96,27.27,26.7,5884,15691440.0,2.14,1.28,0.34,2.88
2021-07-30,003033,26.96,27.15,27.27,26.59,7009,18587328.0,2.52,0.7,0.19,3.43
2021-08-02,003033,27.08,28.13,28.28,26.7,10051,27347121.0,5.82,3.61,0.98,4.91
2021-08-03,003033,28.08,28.07,28.54,27.93,8213,22859608.0,2.17,-0.21,-0.06,4.02
2021-08-04,003033,28.02,28.23,28.29,27.92,5493,15242721.0,1.32,0.57,0.16,2.69
2021-08-05,003033,27.92,28.05,28.32,27.87,4530,12525727.0,1.59,-0.64,-0.18,2.22
2021-08-06,003033,28.05,27.56,28.2,27.18,6605,17886082.0,3.64,-1.75,-0.49,3.23
2021-08-09,003033,28.46,30.28,30.28,28.4,16897,49311855.0,6.82,9.87,2.72,8.26
2021-08-10,003033,31.07,30.42,31.36,30.09,33533,101659917.0,4.19,0.46,0.14,16.4
2021-08-11,003033,30.25,29.92,30.28,29.71,19619,57943942.0,1.87,-1.64,-0.5,9.59
2021-08-12,003033,29.75,30.33,30.96,29.64,18205,54669478.0,4.41,1.37,0.41,8.9
2021-08-13,003033,30.32,29.7,30.32,29.7,10254,30246383.0,2.04,-2.08,-0.63,5.01
2021-08-16,003033,30.09,30.8,31.7,29.73,22256,67939890.0,6.63,3.7,1.1,10.88
2021-08-17,003033,30.6,29.88,31.38,29.8,15303,46014655.0,5.13,-2.99,-0.92,7.48
2021-08-18,003033,29.71,31.26,31.29,29.66,21619,65563139.0,5.46,4.62,1.38,10.57
2021-08-19,003033,31.21,30.89,31.21,30.62,13667,41602848.0,1.89,-1.18,-0.37,6.68
2021-08-20,003033,30.89,30.04,30.89,29.71,10066,29840279.0,3.82,-2.75,-0.85,4.92
2021-08-23,003033,30.18,31.47,31.78,30.18,23380,72019344.0,5.33,4.76,1.43,11.43
2021-08-24,003033,31.67,31.18,33.0,30.96,25613,80125438.0,6.48,-0.92,-0.29,12.52
2021-08-25,003033,30.01,29.98,30.52,29.41,21536,63506475.0,3.56,-3.85,-1.2,10.53
2021-08-26,003033,29.99,28.63,30.13,28.63,19101,54769044.0,5.0,-4.5,-1.35,9.34
2021-08-27,003033,28.65,28.76,29.14,28.3,9450,26792887.0,2.93,0.45,0.13,4.62
2021-08-30,003033,28.94,28.57,29.58,28.4,8697,24801283.0,4.1,-0.66,-0.19,4.25
2021-08-31,003033,28.57,28.09,29.14,27.91,7775,21558460.0,4.31,-1.68,-0.48,3.8
2021-09-01,003033,28.09,28.48,28.71,27.55,8645,23901319.0,4.13,1.39,0.39,4.23
2021-09-02,003033,28.34,28.65,28.69,28.2,6257,17522873.0,1.72,0.6,0.17,3.06
2021-09-03,003033,28.9,29.25,29.5,28.72,10048,28938714.0,2.72,2.09,0.6,4.91
2021-09-06,003033,29.19,29.26,29.52,29.04,7205,20757300.0,1.64,0.03,0.01,3.52
2021-09-07,003033,29.32,29.13,29.35,28.94,6503,18656757.0,1.4,-0.44,-0.13,3.18
2021-09-08,003033,29.14,29.13,29.39,28.94,5692,16327394.0,1.54,0.0,0.0,2.78
2021-09-09,003033,29.1,30.21,30.88,28.69,22868,67401052.0,7.52,3.71,1.08,11.18
2021-09-10,003033,30.21,29.87,30.21,29.66,12340,36360964.0,1.82,-1.13,-0.34,6.03
2021-09-13,003033,29.87,29.4,29.87,29.23,6303,18278603.0,2.14,-1.57,-0.47,3.08
2021-09-14,003033,29.35,28.99,29.66,28.83,6403,18492750.0,2.82,-1.39,-0.41,3.13
2021-09-15,003033,28.99,28.91,29.34,28.81,4313,12329273.0,1.83,-0.28,-0.08,2.11
2021-09-16,003033,28.91,28.36,29.14,28.32,5253,14887519.0,2.84,-1.9,-0.55,2.57
2021-09-17,003033,28.31,28.33,28.58,27.85,5331,14790620.0,2.57,-0.11,-0.03,2.61
2021-09-22,003033,28.16,28.7,28.85,27.9,3655,10254159.0,3.35,1.31,0.37,1.79
2021-09-23,003033,28.7,28.5,29.05,28.47,3663,10333917.0,2.02,-0.7,-0.2,1.79
2021-09-24,003033,28.5,27.8,28.53,27.8,4511,12475420.0,2.56,-2.46,-0.7,2.21
2021-09-27,003033,27.81,27.01,28.17,26.87,5768,15554401.0,4.68,-2.84,-0.79,2.82
2021-09-28,003033,26.95,27.0,27.25,26.85,2990,7966467.0,1.48,-0.04,-0.01,1.46
2021-09-29,003033,26.92,26.25,27.05,26.24,4272,11185141.0,3.0,-2.78,-0.75,2.09
2021-09-30,003033,26.28,26.65,26.77,26.27,2194,5752946.0,1.9,1.52,0.4,1.07
2021-10-08,003033,27.06,27.18,27.35,25.4,3192,8489706.0,7.32,1.99,0.53,1.56
2021-10-11,003033,27.22,27.18,27.34,26.9,2434,6492381.0,1.62,0.0,0.0,1.19
2021-10-12,003033,27.33,27.33,27.47,27.08,3448,9254018.0,1.43,0.55,0.15,1.69
2021-10-13,003033,27.33,27.95,28.0,27.26,4637,12665794.0,2.71,2.27,0.62,2.27
2021-10-14,003033,27.8,27.81,27.99,27.53,3149,8612848.0,1.65,-0.5,-0.14,1.54
2021-10-15,003033,27.65,27.2,27.9,27.2,3266,8822020.0,2.52,-2.19,-0.61,1.6
2021-10-18,003033,27.19,26.85,27.19,26.73,2854,7544388.0,1.69,-1.29,-0.35,1.4
2021-10-19,003033,26.86,26.95,27.25,26.8,2074,5522606.0,1.68,0.37,0.1,1.01
2021-10-20,003033,27.2,27.09,27.6,26.42,3453,9232165.0,4.38,0.52,0.14,1.69
2021-10-21,003033,27.07,26.6,27.07,26.53,2709,7140173.0,1.99,-1.81,-0.49,1.32
2021-10-22,003033,26.6,26.4,26.85,26.4,2186,5729400.0,1.69,-0.75,-0.2,1.07
2021-10-25,003033,26.55,26.54,26.65,26.22,2112,5507932.0,1.63,0.53,0.14,1.03
2021-10-26,003033,26.54,26.32,26.64,26.07,3762,9744479.0,2.15,-0.83,-0.22,1.84
2021-10-27,003033,26.15,25.81,26.44,25.7,3176,8112042.0,2.81,-1.94,-0.51,1.55
2021-10-28,003033,25.8,25.05,25.99,24.92,4312,10778344.0,4.15,-2.94,-0.76,2.11
2021-10-29,003033,25.04,25.17,25.43,24.81,2348,5821803.0,2.48,0.48,0.12,1.15
2021-11-01,003033,25.17,25.69,25.8,25.09,2575,6483665.0,2.82,2.07,0.52,1.26
2021-11-02,003033,25.76,25.19,26.14,25.05,3100,7733980.0,4.24,-1.95,-0.5,1.52
2021-11-03,003033,25.2,25.4,25.55,25.17,2059,5136125.0,1.51,0.83,0.21,1.01
2021-11-04,003033,25.4,25.77,25.85,25.4,3081,7789803.0,1.77,1.46,0.37,1.51
2021-11-05,003033,25.9,26.0,26.2,25.8,3052,7815692.0,1.55,0.89,0.23,1.49
2021-11-08,003033,25.98,25.89,25.99,25.77,1884,4799634.0,0.85,-0.42,-0.11,0.92
2021-11-09,003033,25.9,26.29,26.57,25.79,3315,8561023.0,3.01,1.54,0.4,1.62
2021-11-10,003033,26.28,26.62,26.79,26.09,4344,11358638.0,2.66,1.26,0.33,2.12
2021-11-11,003033,26.77,26.83,26.9,26.4,5250,13816207.0,1.88,0.79,0.21,2.57
2021-11-12,003033,27.09,27.18,27.23,26.53,6974,18475901.0,2.61,1.3,0.35,3.41
2021-11-15,003033,27.1,27.75,27.87,27.0,7584,20615840.0,3.2,2.1,0.57,3.71
2021-11-16,003033,27.92,27.41,27.92,27.15,6439,17373354.0,2.77,-1.23,-0.34,3.15
2021-11-17,003033,27.39,27.88,27.9,27.37,6371,17402938.0,1.93,1.71,0.47,3.12
2021-11-18,003033,27.85,28.36,28.38,27.22,10520,28843864.0,4.16,1.72,0.48,5.14
2021-11-19,003033,28.11,28.15,28.34,27.47,7621,21000461.0,3.07,-0.74,-0.21,3.73
2021-11-22,003033,28.08,28.32,28.55,27.93,6702,18680272.0,2.2,0.6,0.17,3.28
2021-11-23,003033,28.05,28.37,28.45,28.02,5640,15717075.0,1.52,0.18,0.05,2.76
2021-11-24,003033,28.37,28.69,28.8,28.37,8051,22712250.0,1.52,1.13,0.32,3.94
2021-11-25,003033,28.55,28.74,28.82,28.45,5607,15816888.0,1.29,0.17,0.05,2.74
2021-11-26,003033,28.52,28.59,28.81,28.21,5209,14639741.0,2.09,-0.52,-0.15,2.55
2021-11-29,003033,28.21,28.5,28.6,27.92,5286,14784293.0,2.38,-0.31,-0.09,2.58
2021-11-30,003033,28.55,28.71,29.32,28.52,8328,23793900.0,2.81,0.74,0.21,4.07
2021-12-01,003033,29.03,29.39,29.97,28.8,17502,50968872.0,4.08,2.37,0.68,8.56
2021-12-02,003033,29.39,30.65,31.88,29.23,46434,140017123.0,9.02,4.29,1.26,22.71
2021-12-03,003033,30.4,28.95,30.48,28.8,28850,83514871.0,5.48,-5.55,-1.7,14.11
2021-12-06,003033,28.81,27.73,28.87,27.7,17103,47365011.0,4.04,-4.21,-1.22,8.36
2021-12-07,003033,27.62,27.84,28.25,27.3,8780,23950253.0,3.43,0.4,0.11,4.29
2021-12-08,003033,28.03,27.84,28.13,27.56,8826,24199717.0,2.05,0.0,0.0,4.32
2021-12-09,003033,27.84,27.65,27.98,27.41,6556,17921207.0,2.05,-0.68,-0.19,3.21
2021-12-10,003033,27.55,28.13,28.37,27.5,9840,27218843.0,3.15,1.74,0.48,4.81
2021-12-13,003033,28.29,27.95,28.35,27.71,7376,20267647.0,2.28,-0.64,-0.18,3.61
2021-12-14,003033,27.95,27.96,28.05,27.71,6011,16529307.0,1.22,0.04,0.01,2.94
2021-12-15,003033,28.0,29.06,29.27,27.99,17493,49709271.0,4.58,3.93,1.1,8.55
2021-12-16,003033,29.03,28.69,29.08,28.63,8108,22978653.0,1.55,-1.27,-0.37,3.96
2021-12-17,003033,28.71,28.24,28.9,28.16,7182,20058229.0,2.58,-1.57,-0.45,3.51
2021-12-20,003033,28.22,28.36,28.44,28.01,5627,15647163.0,1.52,0.42,0.12,2.75
2021-12-21,003033,29.49,28.76,29.5,28.58,10024,28575759.0,3.24,1.41,0.4,4.9
2021-12-22,003033,28.65,28.59,29.02,28.49,6366,17951970.0,1.84,-0.59,-0.17,3.11
2021-12-23,003033,28.59,28.73,29.08,28.45,6932,19677939.0,2.2,0.49,0.14,3.39
2021-12-24,003033,28.75,27.6,28.75,27.58,9105,25077719.0,4.07,-3.93,-1.13,4.45
2021-12-27,003033,27.61,27.65,27.89,27.49,4288,11700652.0,1.45,0.18,0.05,2.1
2021-12-28,003033,27.8,27.75,27.92,27.56,3198,8739341.0,1.3,0.36,0.1,1.56
2021-12-29,003033,27.75,27.75,27.88,27.45,3582,9752394.0,1.55,0.0,0.0,1.75
2021-12-30,003033,27.75,27.82,27.96,27.75,3287,9030510.0,0.76,0.25,0.07,1.61
2021-12-31,003033,27.82,27.95,28.08,27.78,3687,10147525.0,1.08,0.47,0.13,1.8
2022-01-04,003033,27.95,28.48,28.69,27.88,6809,19084223.0,2.9,1.9,0.53,3.33
2022-01-05,003033,28.5,29.03,29.1,28.2,11877,33525729.0,3.16,1.93,0.55,5.81
2022-01-06,003033,28.6,28.77,28.9,28.57,7985,22628765.0,1.14,-0.9,-0.26,3.9
2022-01-07,003033,28.87,29.18,30.16,28.54,19238,55696009.0,5.63,1.43,0.41,9.41
2022-01-10,003033,29.0,29.35,29.4,28.4,10315,29606098.0,3.43,0.58,0.17,5.04
2022-01-11,003033,29.2,28.83,29.48,28.68,7797,22310432.0,2.73,-1.77,-0.52,3.81
2022-01-12,003033,28.9,29.21,29.88,28.72,15184,44147408.0,4.02,1.32,0.38,6.03
2022-01-13,003033,29.37,29.68,30.1,29.26,12170,35676061.0,2.88,1.61,0.47,4.83
2022-01-14,003033,29.67,29.27,29.89,29.13,10115,29368439.0,2.56,-1.38,-0.41,4.02
2022-01-17,003033,29.22,29.56,29.71,29.0,7234,21040792.0,2.43,0.99,0.29,2.87
2022-01-18,003033,29.69,28.66,29.69,28.55,9230,26304293.0,3.86,-3.04,-0.9,3.66
2022-01-19,003033,28.79,29.09,29.58,28.65,8504,24498409.0,3.24,1.5,0.43,3.38
2022-01-20,003033,29.08,28.0,29.27,27.92,11101,31053772.0,4.64,-3.75,-1.09,4.41
2022-01-21,003033,28.35,28.1,28.38,27.77,5461,15120752.0,2.18,0.36,0.1,2.17
2022-01-24,003033,28.09,28.21,28.32,27.9,2564,7113023.0,1.49,0.39,0.11,1.02
2022-01-25,003033,29.41,27.08,29.49,26.97,9190,25247190.0,8.93,-4.01,-1.13,3.65
2022-01-26,003033,26.92,27.03,27.41,26.71,5058,13446289.0,2.58,-0.18,-0.05,2.01
2022-01-27,003033,28.01,26.1,28.01,26.1,6303,16551337.0,7.07,-3.44,-0.93,2.5
2022-01-28,003033,26.12,26.57,26.76,26.0,4090,10621201.0,2.91,1.8,0.47,1.62
2022-02-07,003033,27.0,27.03,27.38,26.58,4089,10901809.0,3.01,1.73,0.46,1.62
2022-02-08,003033,27.03,27.55,27.58,26.74,3476,9359209.0,3.11,1.92,0.52,1.38
2022-02-09,003033,27.42,27.58,27.84,27.31,3960,10758690.0,1.92,0.11,0.03,1.57
2022-02-10,003033,27.55,27.3,27.6,27.07,4910,13184017.0,1.92,-1.02,-0.28,1.95
2022-02-11,003033,27.3,26.77,27.3,26.62,3701,9777491.0,2.49,-1.94,-0.53,1.47
2022-02-14,003033,26.76,26.91,27.06,26.45,2782,7360163.0,2.28,0.52,0.14,1.1
2022-02-15,003033,27.0,26.92,27.2,26.61,3042,8050809.0,2.19,0.04,0.01,1.21
2022-02-16,003033,26.98,27.33,27.48,26.93,3914,10505321.0,2.04,1.52,0.41,1.55
2022-02-17,003033,27.34,27.52,27.54,26.98,4741,12776858.0,2.05,0.7,0.19,1.88
2022-02-18,003033,27.5,27.31,27.5,26.89,3422,9164803.0,2.22,-0.76,-0.21,1.36
2022-02-21,003033,27.4,27.54,27.61,27.2,4271,11545678.0,1.5,0.84,0.23,1.7
2022-02-22,003033,27.45,27.22,27.56,26.85,4023,10779674.0,2.58,-1.16,-0.32,1.6
2022-02-23,003033,28.82,27.72,29.35,27.6,13300,36953755.0,6.43,1.84,0.5,5.28
2022-02-24,003033,27.55,26.66,27.96,26.27,11750,31361583.0,6.1,-3.82,-1.06,4.66
2022-02-25,003033,26.82,26.71,27.28,26.68,6147,16302650.0,2.25,0.19,0.05,2.44
2022-02-28,003033,26.71,26.97,27.15,26.21,5558,14587120.0,3.52,0.97,0.26,2.21
2022-03-01,003033,26.95,27.05,27.26,26.75,3416,9082443.0,1.89,0.3,0.08,1.36
2022-03-02,003033,27.04,27.01,27.18,26.85,3858,10243939.0,1.22,-0.15,-0.04,1.53
2022-03-03,003033,27.91,27.01,27.91,26.79,5527,14787209.0,4.15,0.0,0.0,2.19
2022-03-04,003033,27.04,26.7,27.04,26.57,3787,9972852.0,1.74,-1.15,-0.31,1.5
2022-03-07,003033,26.6,26.49,26.7,26.19,4044,10486538.0,1.91,-0.79,-0.21,1.61
2022-03-08,003033,26.46,25.9,26.51,25.81,4831,12431270.0,2.64,-2.23,-0.59,1.92
2022-03-09,003033,26.2,24.99,26.2,23.35,8114,20032884.0,11.0,-3.51,-0.91,3.22
2022-03-10,003033,25.52,25.45,26.22,25.11,7282,18423224.0,4.44,1.84,0.46,2.89
2022-03-11,003033,25.2,25.71,25.89,24.75,4547,11318557.0,4.48,1.02,0.26,1.81
2022-03-14,003033,25.7,25.23,25.9,25.22,2469,6189599.0,2.64,-1.87,-0.48,0.98
2022-03-15,003033,25.2,23.91,25.23,23.75,6548,15692637.0,5.87,-5.23,-1.32,2.6
2022-03-16,003033,24.29,24.54,24.6,23.65,4521,10740216.0,3.97,2.63,0.63,1.79
2022-03-17,003033,24.97,24.7,25.2,24.6,4122,10104412.0,2.44,0.65,0.16,1.64
2022-03-18,003033,24.79,25.03,25.17,24.2,3779,9280623.0,3.93,1.34,0.33,1.5
2022-03-21,003033,25.1,25.4,25.55,25.05,3525,8795762.0,2.0,1.48,0.37,1.4
2022-03-22,003033,25.4,25.52,25.68,25.15,4252,10618488.0,2.09,0.47,0.12,1.69
2022-03-23,003033,25.52,25.33,25.66,25.23,2804,7009027.0,1.68,-0.74,-0.19,1.11
2022-03-24,003033,25.4,24.92,25.49,24.87,3126,7695759.0,2.45,-1.62,-0.41,1.24
2022-03-25,003033,24.87,25.05,25.23,24.65,3850,9504958.0,2.33,0.52,0.13,1.53
2022-03-28,003033,25.16,24.8,25.16,24.4,2994,7289020.0,3.03,-1.0,-0.25,1.19
2022-03-29,003033,25.09,24.4,25.09,24.3,3490,8448345.0,3.19,-1.61,-0.4,1.39
2022-03-30,003033,24.64,24.48,24.64,24.31,3234,7791071.0,1.35,0.33,0.08,1.28
2022-03-31,003033,24.41,24.85,24.95,24.41,4784,11661420.0,2.21,1.51,0.37,1.9
2022-04-01,003033,24.83,24.77,24.87,24.43,3768,9164841.0,1.77,-0.32,-0.08,1.5
2022-04-06,003033,24.62,25.13,25.48,24.61,3910,9682270.0,3.51,1.45,0.36,1.55
2022-04-07,003033,25.13,24.71,25.45,24.7,2947,7217830.0,2.98,-1.67,-0.42,1.17
2022-04-08,003033,24.71,24.28,25.01,24.14,3584,8585740.0,3.52,-1.74,-0.43,1.42
2022-04-11,003033,24.29,23.99,24.38,23.46,3527,8324748.0,3.79,-1.19,-0.29,1.4
2022-04-12,003033,24.0,24.12,24.17,23.41,3139,7366564.0,3.17,0.54,0.13,1.25
2022-04-13,003033,24.08,23.72,24.08,23.32,3082,7162794.0,3.15,-1.66,-0.4,1.22
2022-04-14,003033,23.72,23.74,24.17,23.5,2965,6966815.0,2.82,0.08,0.02,1.18
2022-04-15,003033,23.79,23.4,23.83,23.04,3663,8417504.0,3.33,-1.43,-0.34,1.45
2022-04-18,003033,22.91,23.3,23.5,22.91,3704,8443581.0,2.52,-0.43,-0.1,1.47
2022-04-19,003033,23.38,23.6,23.9,23.23,3329,7728817.0,2.88,1.29,0.3,1.32
2022-04-20,003033,23.96,23.52,23.97,23.3,2703,6271980.0,2.84,-0.34,-0.08,1.07
2022-04-21,003033,23.52,22.73,23.57,22.6,2888,6537237.0,4.12,-3.36,-0.79,1.15
2022-04-22,003033,22.91,23.05,23.18,22.41,2771,6219366.0,3.39,1.41,0.32,1.1
2022-04-25,003033,23.05,21.15,23.28,21.03,5647,12194584.0,9.76,-8.24,-1.9,2.24
2022-04-26,003033,21.15,19.96,21.4,19.83,5018,10178074.0,7.42,-5.63,-1.19,1.99
2022-04-27,003033,19.96,21.35,21.9,19.96,10449,21693262.0,9.72,6.96,1.39,4.15
2022-04-28,003033,21.24,20.81,21.89,20.69,8887,18405342.0,5.62,-2.53,-0.54,3.53
2022-04-29,003033,21.48,21.51,21.62,20.9,5823,12203648.0,3.46,3.36,0.7,2.31
2022-05-05,003033,21.68,22.39,22.67,21.22,7212,15641956.0,6.74,4.09,0.88,2.86
2022-05-06,003033,21.9,21.82,22.17,21.65,4064,8724938.0,2.32,-2.55,-0.57,1.61
2022-05-09,003033,21.82,22.33,22.5,21.68,4670,10232644.0,3.76,2.34,0.51,1.85
2022-05-10,003033,21.91,23.0,23.2,21.91,6222,13935215.0,5.78,3.0,0.67,2.47
2022-05-11,003033,23.0,22.71,23.28,22.62,5166,11702218.0,2.87,-1.26,-0.29,2.05
2022-05-12,003033,22.89,23.0,23.15,22.6,3144,7090885.0,2.42,1.28,0.29,1.25
2022-05-13,003033,23.06,23.3,23.35,22.98,3340,7616024.0,1.61,1.3,0.3,1.33
2022-05-16,003033,23.49,23.22,23.75,23.1,4663,10758796.0,2.79,-0.34,-0.08,1.85
2022-05-17,003033,23.18,23.43,23.84,22.92,4288,9827486.0,3.96,0.9,0.21,1.7
2022-05-18,003033,23.6,23.63,24.18,22.86,5817,13580924.0,5.63,0.85,0.2,2.31
2022-05-19,003033,23.63,23.78,23.83,23.35,4365,10169211.0,2.03,0.63,0.15,1.73
2022-05-20,003033,23.99,24.29,24.3,23.73,5160,12239273.0,2.4,2.14,0.51,2.05
2022-05-23,003033,24.52,24.4,24.56,23.95,4133,9867422.0,2.51,0.45,0.11,1.64
2022-05-24,003033,24.85,23.55,25.23,23.55,7120,17025336.0,6.89,-3.48,-0.85,2.83
2022-05-25,003033,23.41,24.45,24.95,23.3,7868,18759773.0,7.01,3.82,0.9,3.12
2022-05-26,003033,24.48,24.33,24.78,24.0,4362,10427903.0,3.19,-0.49,-0.12,1.73
2022-05-27,003033,24.32,24.39,24.79,24.12,4870,11713542.0,2.75,0.25,0.06,1.93
2022-05-30,003033,24.4,24.55,24.68,23.96,4334,10436219.0,2.95,0.66,0.16,1.72
2022-05-31,003033,24.46,24.52,24.65,24.07,4052,9729042.0,2.36,-0.12,-0.03,1.61
2022-06-01,003033,24.66,25.37,25.6,24.55,8225,20089041.0,4.28,3.47,0.85,3.27
2022-06-02,003033,25.38,26.16,26.23,25.05,9099,22728071.0,4.65,3.11,0.79,3.61
2022-06-06,003033,26.1,26.34,26.66,25.98,7457,19100451.0,2.6,0.69,0.18,2.96
2022-06-07,003033,26.5,26.19,26.65,26.03,7086,18080837.0,2.35,-0.57,-0.15,2.81
2022-06-08,003033,26.06,26.11,26.33,25.34,6961,17448580.0,3.78,-0.31,-0.08,2.76
2022-06-09,003033,26.26,25.38,26.4,25.3,6319,15692099.0,4.21,-2.8,-0.73,2.51
2022-06-10,003033,25.65,25.93,26.22,25.05,4306,10793329.0,4.61,2.17,0.55,1.71
2022-06-13,003033,25.65,26.49,26.78,25.4,7552,19401348.0,5.32,2.16,0.56,3.0
2022-06-14,003033,26.47,26.72,26.73,26.07,7130,18255641.0,2.49,0.87,0.23,2.83
2022-06-15,003033,26.95,26.4,26.95,26.4,6297,16235399.0,2.06,-1.2,-0.32,2.5
2022-06-16,003033,26.67,26.31,26.67,26.11,5771,14803559.0,2.12,-0.34,-0.09,2.29
2022-06-17,003033,26.53,26.57,26.6,25.96,4857,12428293.0,2.43,0.99,0.26,1.93
2022-06-20,003033,26.57,26.57,26.71,26.24,4151,10685576.0,1.77,0.0,0.0,1.65
2022-06-21,003033,26.57,27.46,27.48,26.29,10779,28350102.0,4.48,3.35,0.89,4.28
2022-06-22,003033,27.68,26.35,27.68,26.31,7087,18378229.0,4.99,-4.04,-1.11,2.81
2022-06-23,003033,26.58,27.16,27.29,26.3,7017,18262285.0,3.76,3.07,0.81,2.79
2022-06-24,003033,27.25,27.06,27.44,26.9,4570,12058939.0,1.99,-0.37,-0.1,1.81
2022-06-27,003033,27.32,27.92,28.12,27.07,10071,27180437.0,3.88,3.18,0.86,4.0
2022-06-28,003033,27.92,27.96,28.04,27.58,5058,13674066.0,1.65,0.14,0.04,2.01
2022-06-29,003033,27.97,27.81,28.34,27.55,11835,32315836.0,2.83,-0.54,-0.15,4.7
2022-06-30,003033,27.82,27.6,28.08,27.51,5392,14510382.0,2.05,-0.76,-0.21,2.24
2022-07-01,003033,27.6,27.34,27.89,27.34,4450,11897344.0,1.99,-0.94,-0.26,1.85
2022-07-04,003033,27.98,27.77,28.34,27.57,4814,12983992.0,2.82,1.57,0.43,2.0
2022-07-05,003033,27.72,27.0,27.79,26.78,6247,16469513.0,3.64,-2.77,-0.77,2.59
2022-07-06,003033,27.28,26.46,27.3,26.3,8394,21726130.0,3.7,-2.0,-0.54,3.48
2022-07-07,003033,26.88,26.9,27.68,26.74,6928,18249959.0,3.55,1.66,0.44,2.88
2022-07-08,003033,26.9,26.85,27.2,26.5,3166,8291896.0,2.6,-0.19,-0.05,1.31
2022-07-11,003033,26.98,26.7,27.15,26.48,3669,9517137.0,2.5,-0.56,-0.15,1.52
2022-07-12,003033,26.7,26.09,26.85,26.04,3896,9968601.0,3.03,-2.28,-0.61,1.62
2022-07-13,003033,26.25,26.47,26.48,25.87,4466,11357120.0,2.34,1.46,0.38,1.85
2022-07-14,003033,26.44,27.23,27.42,26.1,5171,13561803.68,4.99,2.87,0.76,2.15
2022-07-15,003033,28.03,28.23,29.57,27.81,16988,47182134.16,6.46,3.67,1.0,7.05
2022-07-18,003033,28.28,29.34,29.45,28.28,17560,49686318.28,4.14,3.93,1.11,7.29
2022-07-19,003033,29.34,32.19,32.19,29.09,21965,67307523.54,10.57,9.71,2.85,9.12
2022-07-20,003033,33.08,31.29,33.1,30.71,49035,151508234.74,7.42,-2.8,-0.9,20.36
2022-07-21,003033,31.33,32.44,32.79,31.31,40677,127916639.65,4.73,3.68,1.15,16.89
2022-07-22,003033,32.18,33.03,33.28,31.7,25693,81557175.0,4.87,1.82,0.59,10.67
2022-07-25,003033,33.05,32.42,33.6,31.0,23110,73744222.21,7.87,-1.85,-0.61,9.59
2022-07-26,003033,32.85,33.06,33.39,32.19,20296,65036850.66,3.7,1.97,0.64,8.43
2022-07-27,003033,33.59,35.31,35.74,33.4,30414,103733976.94,7.08,6.81,2.25,12.63
2022-07-28,003033,35.3,38.76,38.76,34.66,38914,142428338.33,11.61,9.77,3.45,16.16
2022-07-29,003033,38.22,37.44,40.6,36.1,38889,143212812.99,11.61,-3.41,-1.32,16.14
2022-08-01,003033,37.03,37.29,38.73,36.5,20772,75531434.08,5.96,-0.4,-0.15,8.62
2022-08-02,003033,36.92,36.72,37.78,36.02,25170,90470926.59,4.72,-1.53,-0.57,10.45
2022-08-03,003033,37.07,35.21,37.07,34.67,19419,68001497.0,6.54,-4.11,-1.51,8.06
2022-08-04,003033,35.16,35.78,35.87,34.39,14600,49944078.6,4.2,1.62,0.57,6.06
2022-08-05,003033,35.78,35.81,36.28,35.1,10403,36311529.06,3.3,0.08,0.03,4.32
2022-08-08,003033,35.83,37.15,37.63,35.0,14298,51513518.0,7.34,3.74,1.34,5.94
2022-08-09,003033,36.73,39.83,40.68,36.73,18860,72792294.8,10.63,7.21,2.68,7.83
2022-08-10,003033,39.41,39.6,39.74,38.15,12879,49260817.72,3.99,-0.58,-0.23,5.35
2022-08-11,003033,39.04,38.76,40.49,38.5,11990,46279507.86,5.03,-2.12,-0.84,4.98
2022-08-12,003033,38.94,38.76,39.4,38.32,8710,33134831.0,2.79,0.0,0.0,3.62
2022-08-15,003033,38.56,38.77,38.9,37.58,7706,28944528.18,3.41,0.03,0.01,3.2
2022-08-16,003033,38.86,39.07,40.57,38.3,9048,34888615.0,5.86,0.77,0.3,3.76
2022-08-17,003033,39.57,39.49,39.78,38.01,10838,41217554.28,4.53,1.07,0.42,4.5
2022-08-18,003033,39.11,40.69,42.39,39.11,16086,64596986.49,8.31,3.04,1.2,6.68
2022-08-19,003033,40.77,39.72,40.77,38.98,10797,41810441.42,4.4,-2.38,-0.97,4.48
2022-08-22,003033,39.41,40.13,40.17,38.42,8335,32241462.28,4.41,1.03,0.41,3.46
2022-08-23,003033,40.09,39.14,40.49,38.88,8850,34070107.24,4.01,-2.47,-0.99,3.67
2022-08-24,003033,39.34,38.11,39.34,38.06,7280,27549304.98,3.27,-2.63,-1.03,3.02
2022-08-25,003033,38.11,36.8,38.35,36.4,13758,49622342.48,5.12,-3.44,-1.31,5.71
2022-08-26,003033,37.45,36.9,37.65,36.61,9062,32828818.62,2.83,0.27,0.1,3.76
2022-08-29,003033,36.6,38.46,38.57,35.8,10816,40169893.66,7.51,4.23,1.56,4.49
2022-08-30,003033,39.67,37.17,39.68,37.17,10267,38299509.69,6.53,-3.35,-1.29,4.26
2022-08-31,003033,37.4,35.66,37.4,35.45,10368,36726591.59,5.25,-4.06,-1.51,4.3
2022-09-01,003033,36.6,34.65,36.6,34.2,16448,55779868.0,6.73,-2.83,-1.01,6.83
2022-09-02,003033,34.86,37.13,37.18,34.86,12951,46313598.74,6.7,7.16,2.48,5.38
2022-09-05,003033,37.53,37.0,38.53,36.59,10096,36871090.0,5.22,-0.35,-0.13,4.19
2022-09-06,003033,37.21,38.73,39.2,37.03,12139,45858765.0,5.86,4.68,1.73,5.04
2022-09-07,003033,39.2,40.33,41.3,37.83,17917,70284328.0,8.96,4.13,1.6,7.44
2022-09-08,003033,40.1,38.3,40.1,38.18,9616,36719186.0,4.76,-5.03,-2.03,3.99
2022-09-09,003033,38.41,37.47,38.49,36.62,9398,34303709.0,4.88,-2.17,-0.83,3.9
2022-09-13,003033,37.47,37.8,38.5,36.45,8000,29321800.54,5.47,0.88,0.33,3.32
2022-09-14,003033,37.12,37.84,38.4,37.06,5082,18715994.32,3.54,0.11,0.04,2.11
2022-09-15,003033,37.42,37.0,38.65,36.2,8176,29881601.38,6.47,-2.22,-0.84,3.39
2022-09-16,003033,36.93,38.98,39.09,36.5,12255,45886632.05,7.0,5.35,1.98,5.09
2022-09-19,003033,38.8,38.11,39.74,37.89,9864,37127686.0,4.75,-2.23,-0.87,4.1
2022-09-20,003033,38.5,39.08,39.48,37.6,8309,31628571.05,4.93,2.55,0.97,3.45
2022-09-21,003033,39.08,38.44,39.4,38.12,5973,22622544.53,3.28,-1.64,-0.64,2.48
2022-09-22,003033,38.11,39.76,40.3,37.9,9006,34893180.8,6.24,3.43,1.32,3.74
2022-09-23,003033,39.78,38.3,39.95,38.27,14068,53587152.0,4.23,-3.67,-1.46,5.84
2022-09-26,003033,37.24,38.87,39.38,36.68,12661,47847220.0,7.05,1.49,0.57,5.26
2022-09-27,003033,38.6,40.74,41.2,38.6,13061,51758032.78,6.69,4.81,1.87,5.42
2022-09-28,003033,40.6,38.62,40.6,38.35,9618,37139956.52,5.52,-5.2,-2.12,3.99
2022-09-29,003033,38.71,38.2,39.38,37.62,7492,28089599.44,4.56,-1.09,-0.42,3.11
2022-09-30,003033,38.2,36.6,38.31,36.45,7217,26001583.0,4.87,-4.19,-1.6,3.0
2022-10-10,003033,36.58,36.1,37.0,35.69,6624,23543904.0,3.58,-1.37,-0.5,2.75
2022-10-11,003033,36.09,36.23,36.42,35.35,6309,22094889.53,2.96,0.36,0.13,2.62
2022-10-12,003033,36.39,39.77,39.77,36.16,10935,40933154.88,9.96,9.77,3.54,4.54
2022-10-13,003033,40.85,43.67,43.67,40.61,21473,90456837.4,7.69,9.81,3.9,8.91
2022-10-14,003033,45.51,43.02,46.8,42.38,28542,122019957.66,10.12,-1.49,-0.65,11.85
2022-10-17,003033,43.8,43.0,43.8,42.31,19219,81012433.64,3.46,-0.05,-0.02,7.98
2022-10-18,003033,43.05,44.07,44.98,42.14,33833,145116206.79,6.6,2.49,1.07,14.05
2022-10-19,003033,43.68,43.64,44.3,41.31,23635,99573980.27,6.78,-0.98,-0.43,9.81
2022-10-20,003033,43.91,42.76,44.65,41.8,17860,75167741.48,6.53,-2.02,-0.88,7.41
2022-10-21,003033,42.6,42.0,43.18,41.5,14172,58436643.04,3.93,-1.78,-0.76,5.88
2022-10-24,003033,41.59,43.14,43.4,40.99,24042,99756316.45,5.74,2.71,1.14,9.98
2022-10-25,003033,42.49,44.44,44.94,41.8,18383,78719692.31,7.28,3.01,1.3,7.63
2022-10-26,003033,44.44,46.87,47.55,43.17,21620,97675589.49,9.86,5.47,2.43,8.98
2022-10-27,003033,48.8,51.48,51.48,47.3,23260,117049748.06,8.92,9.84,4.61,9.66
2022-10-28,003033,49.05,48.1,51.07,47.4,33387,161133137.52,7.13,-6.57,-3.38,13.86
2022-10-31,003033,46.71,47.0,49.22,46.23,19791,92523595.49,6.22,-2.29,-1.1,8.22
2022-11-01,003033,47.14,48.84,49.75,46.83,16318,77901058.24,6.21,3.91,1.84,6.77
2022-11-02,003033,48.86,49.89,50.23,47.81,17894,86424873.42,4.95,2.15,1.05,7.43
2022-11-03,003033,48.99,50.6,52.31,48.7,15350,75996388.36,7.24,1.42,0.71,6.37
2022-11-04,003033,50.94,50.76,52.02,50.35,12207,61361169.24,3.3,0.32,0.16,5.07
2022-11-07,003033,50.76,49.77,52.8,48.91,16659,82353317.87,7.66,-1.95,-0.99,6.92
2022-11-08,003033,50.0,50.05,51.21,48.95,10332,50846532.48,4.54,0.56,0.28,4.29
2022-11-09,003033,50.05,48.7,50.49,48.51,7630,37062773.56,3.96,-2.7,-1.35,3.17
2022-11-10,003033,48.69,48.31,50.13,47.42,9285,44189340.49,5.56,-0.8,-0.39,3.85
2022-11-11,003033,50.7,51.17,51.8,48.86,14694,72730551.05,6.09,5.92,2.86,6.1
2022-11-14,003033,50.41,49.66,51.0,48.7,11075,54069435.0,4.49,-2.95,-1.51,4.6
2022-11-15,003033,49.56,49.89,51.3,49.02,6574,32516485.38,4.59,0.46,0.23,2.73
2022-11-16,003033,49.9,49.18,50.03,48.86,5418,26262499.0,2.35,-1.42,-0.71,2.25
2022-11-17,003033,48.82,48.98,49.59,47.69,6440,30684066.0,3.86,-0.41,-0.2,2.67
2022-11-18,003033,48.99,49.65,50.48,48.5,6966,33972046.17,4.04,1.37,0.67,2.89
2022-11-21,003033,49.36,50.5,51.48,48.44,7344,36317865.0,6.12,1.71,0.85,3.05
2022-11-22,003033,50.22,49.96,51.78,49.51,6562,32564681.14,4.5,-1.07,-0.54,2.72
2022-11-23,003033,49.96,53.92,54.42,49.96,19353,100953445.69,8.93,7.93,3.96,8.03
2022-11-24,003033,52.95,51.76,53.14,50.29,15642,79417432.47,5.29,-4.01,-2.16,6.49
2022-11-25,003033,51.5,50.55,51.5,48.48,14867,72776993.42,5.83,-2.34,-1.21,6.17
2022-11-28,003033,50.14,49.59,50.19,48.3,8640,41906081.0,3.74,-1.9,-0.96,3.59
2022-11-29,003033,48.81,46.38,50.45,46.15,16866,79369995.19,8.67,-6.47,-3.21,7.0
2022-11-30,003033,46.15,47.26,48.48,45.82,12519,58171974.0,5.74,1.9,0.88,5.2
2022-12-01,003033,48.1,50.11,50.8,48.1,11530,56278079.22,5.71,6.03,2.85,4.79
2022-12-02,003033,49.99,52.8,53.79,48.8,14306,73483183.37,9.96,5.37,2.69,5.94
2022-12-05,003033,53.07,53.24,54.0,51.58,9520,49426857.0,4.58,0.83,0.44,3.95
2022-12-06,003033,53.27,51.61,53.41,50.5,11907,60253882.16,5.47,-3.06,-1.63,4.94
2022-12-07,003033,51.61,49.28,51.61,48.98,9752,47812875.8,5.1,-4.51,-2.33,4.05
2022-12-08,003033,48.89,48.39,48.99,47.95,6191,29504051.2,2.11,-1.81,-0.89,2.57
2022-12-09,003033,48.21,46.3,48.37,46.0,11456,53110631.0,4.9,-4.32,-2.09,4.76
2022-12-12,003033,46.11,46.45,46.58,44.41,10922,48742923.64,4.69,0.32,0.15,4.53
2022-12-13,003033,46.85,44.04,47.12,43.47,10331,45101148.44,7.86,-5.19,-2.41,4.29
2022-12-14,003033,44.1,45.53,46.3,44.01,7699,34329349.22,5.2,3.38,1.49,3.2
2022-12-15,003033,45.52,44.68,45.53,43.88,4997,21839684.36,3.62,-1.87,-0.85,2.07
2022-12-16,003033,44.8,42.99,44.82,42.97,8722,37101301.0,4.14,-3.78,-1.69,3.62
2022-12-19,003033,43.0,43.68,43.9,42.71,6154,26263450.54,2.77,1.61,0.69,2.55
2022-12-20,003033,43.38,47.07,47.29,43.38,10917,48886325.88,8.95,7.76,3.39,4.53
2022-12-21,003033,46.73,44.84,48.18,44.83,7236,32565114.0,7.12,-4.74,-2.23,3.0
2022-12-22,003033,44.91,43.61,45.01,43.46,6451,27909532.0,3.46,-2.74,-1.23,2.68
2022-12-23,003033,43.62,41.69,43.63,41.47,6170,25464235.0,4.95,-4.4,-1.92,2.56
2022-12-26,003033,42.1,44.25,44.31,39.88,5019,21393308.0,10.63,6.14,2.56,2.08
2022-12-27,003033,44.25,44.97,45.3,43.49,4287,18774061.56,4.09,1.63,0.72,1.78
2022-12-28,003033,44.87,44.95,45.87,44.32,4053,17972694.0,3.45,-0.04,-0.02,1.68
2022-12-29,003033,45.41,45.43,46.29,44.01,5411,24092232.0,5.07,1.07,0.48,2.25
2022-12-30,003033,45.71,45.2,45.77,44.11,5083,22396013.0,3.65,-0.51,-0.23,2.11
2023-01-03,003033,45.23,45.67,46.0,44.8,3514,15693869.42,2.65,1.04,0.47,1.46
2023-01-04,003033,45.66,44.92,45.89,44.62,2462,10908164.47,2.78,-1.64,-0.75,1.02
2023-01-05,003033,45.46,45.1,45.58,44.43,3438,15194124.1,2.56,0.4,0.18,1.43
2023-01-06,003033,45.11,45.13,45.8,44.11,5237,23179381.52,3.75,0.07,0.03,2.17
2023-01-09,003033,45.01,45.46,45.68,44.2,8144,36067205.06,3.28,0.73,0.33,3.38
2023-01-10,003033,45.46,48.63,48.67,45.06,11089,51101171.86,7.94,6.97,3.17,4.6
2023-01-11,003033,47.13,49.08,49.47,45.28,16047,75187804.84,8.62,0.93,0.45,6.66
2023-01-12,003033,47.7,49.04,49.49,47.7,7770,37361646.3,3.65,-0.08,-0.04,3.23
2023-01-13,003033,49.4,49.68,50.12,48.5,7103,34339941.79,3.3,1.31,0.64,2.95
2023-01-16,003033,49.68,49.87,50.6,48.2,7639,37278719.88,4.83,0.38,0.19,3.17
2023-01-17,003033,49.87,50.99,51.05,48.4,5044,25004713.0,5.31,2.25,1.12,2.09
2023-01-18,003033,51.0,51.81,52.16,50.52,3485,17603087.86,3.22,1.61,0.82,1.45
2023-01-19,003033,51.78,52.36,53.37,50.64,5318,27419338.94,5.27,1.06,0.55,2.21
2023-01-20,003033,52.69,50.37,52.8,50.21,4476,22604768.0,4.95,-3.8,-1.99,1.86
2023-01-30,003033,51.3,50.19,51.78,49.54,8669,42903315.0,4.45,-0.36,-0.18,3.6
2023-01-31,003033,50.18,50.95,51.31,49.88,4223,21084898.0,2.85,1.51,0.76,1.75
2023-02-01,003033,50.7,50.18,51.39,49.72,4826,23895136.0,3.28,-1.51,-0.77,2.0
2023-02-02,003033,49.69,50.75,51.43,49.69,5337,26591547.83,3.47,1.14,0.57,2.22
2023-02-03,003033,50.8,49.3,51.2,49.11,3954,19284980.0,4.12,-2.86,-1.45,1.64
2023-02-06,003033,49.52,48.62,50.17,48.32,3211,15487678.33,3.75,-1.38,-0.68,1.33
2023-02-07,003033,49.4,48.65,49.4,47.64,4535,21615674.0,3.62,0.06,0.03,1.88
2023-02-08,003033,48.66,48.31,49.0,47.88,3780,17982176.0,2.3,-0.7,-0.34,1.57
2023-02-09,003033,48.01,48.95,49.07,47.71,2388,11424885.7,2.82,1.32,0.64,0.99
2023-02-10,003033,48.68,48.12,49.08,47.79,2986,14173934.7,2.64,-1.7,-0.83,1.24
2023-02-13,003033,48.48,48.79,48.91,47.8,2630,12557793.33,2.31,1.39,0.67,1.09
2023-02-14,003033,48.8,48.65,49.59,48.55,2406,11571138.9,2.13,-0.29,-0.14,1.0
2023-02-15,003033,48.58,48.28,49.1,47.93,3874,18434517.0,2.4,-0.76,-0.37,1.61
2023-02-16,003033,48.28,48.01,49.09,47.85,4725,22481677.0,2.57,-0.56,-0.27,1.96
2023-02-17,003033,47.95,47.66,48.2,47.31,3678,17268496.0,1.85,-0.73,-0.35,1.53
2023-02-20,003033,47.9,47.64,48.27,47.14,4386,20584011.0,2.37,-0.04,-0.02,1.82
2023-02-21,003033,47.9,48.3,49.06,47.68,5662,26900701.0,2.9,1.39,0.66,2.35
2023-02-22,003033,48.13,48.6,48.89,47.85,3482,16593234.23,2.15,0.62,0.3,1.45
2023-02-23,003033,48.12,49.69,50.25,48.12,5152,25155679.2,4.38,2.24,1.09,2.14
2023-02-24,003033,50.29,48.68,50.4,48.37,3680,17698485.17,4.09,-2.03,-1.01,1.53
2023-02-27,003033,47.89,48.9,49.9,47.89,5098,24572092.0,4.13,0.45,0.22,2.12
2023-02-28,003033,49.5,48.68,49.5,48.42,2375,11406122.07,2.21,-0.45,-0.22,0.99
2023-03-01,003033,48.68,47.84,49.23,47.39,4933,23270849.78,3.78,-1.73,-0.84,2.05
2023-03-02,003033,50.3,48.93,52.49,48.6,12501,61807332.9,8.13,2.28,1.09,5.19
2023-03-03,003033,48.86,46.7,48.93,46.41,10578,49198065.4,5.15,-4.56,-2.23,4.39
2023-03-06,003033,46.2,45.26,46.39,45.03,9865,44113327.0,2.91,-3.08,-1.44,4.1
2023-03-07,003033,45.27,43.78,45.69,43.73,5726,24966399.28,4.33,-3.27,-1.48,2.38
2023-03-08,003033,43.78,43.55,44.17,43.2,3696,15821251.0,2.22,-0.53,-0.23,1.53
2023-03-09,003033,43.8,42.56,43.8,42.4,6461,27207944.0,3.21,-2.27,-0.99,2.68
2023-03-10,003033,42.51,41.65,42.69,41.31,7847,32105791.9,3.24,-2.14,-0.91,3.26
2023-03-13,003033,41.65,40.99,41.85,40.54,6548,26367072.0,3.15,-1.58,-0.66,2.72
2023-03-14,003033,40.99,39.42,41.14,38.83,11601,44806952.49,5.64,-3.83,-1.57,4.82
2023-03-15,003033,39.63,39.9,40.58,39.47,10654,41818230.5,2.82,1.22,0.48,4.42
2023-03-16,003033,39.91,38.73,40.29,38.5,6728,25872690.47,4.49,-2.93,-1.17,2.79
2023-03-17,003033,39.19,38.2,39.28,37.98,5809,21867259.47,3.36,-1.37,-0.53,2.41
2023-03-20,003033,38.17,38.0,38.33,37.31,6038,22383367.24,2.67,-0.52,-0.2,2.51
2023-03-21,003033,37.98,38.75,39.26,37.79,6985,26240230.42,3.87,1.97,0.75,2.9
2023-03-22,003033,39.08,38.92,39.55,38.66,8125,31019643.0,2.3,0.44,0.17,3.37
2023-03-23,003033,38.88,37.88,38.88,37.6,5980,22269146.05,3.29,-2.67,-1.04,2.48
2023-03-24,003033,37.88,37.86,38.59,37.68,6823,25433293.36,2.4,-0.05,-0.02,2.83
2023-03-27,003033,38.1,38.17,38.6,37.6,5925,22069402.0,2.64,0.82,0.31,2.46
2023-03-28,003033,38.14,38.0,38.41,37.9,3344,12479851.0,1.34,-0.45,-0.17,1.39
2023-03-29,003033,37.97,37.37,38.25,37.1,5808,21345441.0,3.03,-1.66,-0.63,2.41
2023-03-30,003033,37.39,37.24,37.45,36.82,5679,20620703.35,1.69,-0.35,-0.13,2.36
2023-03-31,003033,37.24,37.95,38.01,37.08,6386,23551865.56,2.5,1.91,0.71,2.65
2023-04-03,003033,37.95,37.2,38.16,36.78,7107,25796347.69,3.64,-1.98,-0.75,2.95
2023-04-04,003033,37.11,35.24,37.11,34.82,15648,54496739.66,6.16,-5.27,-1.96,6.5
2023-04-06,003033,35.22,35.29,35.78,34.35,13978,47552364.67,4.06,0.14,0.05,5.8
2023-04-07,003033,35.29,34.94,35.5,34.59,12388,42332016.0,2.58,-0.99,-0.35,5.14
2023-04-10,003033,34.95,34.46,35.65,34.36,11070,37617561.0,3.69,-1.37,-0.48,4.6
2023-04-11,003033,34.36,34.15,34.81,33.81,6552,21815332.33,2.9,-0.9,-0.31,2.72
2023-04-12,003033,34.24,34.59,34.76,34.02,6028,20256487.13,2.17,1.29,0.44,2.5
2023-04-13,003033,34.43,34.12,34.8,33.98,5320,17800474.0,2.37,-1.36,-0.47,2.21
2023-04-14,003033,34.21,34.72,34.88,34.12,6571,22234284.32,2.23,1.76,0.6,2.73
2023-04-17,003033,34.69,34.63,35.17,34.25,6807,23042279.0,2.65,-0.26,-0.09,2.83
2023-04-18,003033,34.62,34.13,35.04,34.1,7930,26735507.33,2.71,-1.44,-0.5,3.29
2023-04-19,003033,34.38,34.16,34.46,33.86,6270,20891237.01,1.76,0.09,0.03,2.6
2023-04-20,003033,34.0,33.37,34.02,33.0,8317,26989643.88,2.99,-2.31,-0.79,3.45
2023-04-21,003033,33.19,32.69,33.62,32.55,6678,21568611.0,3.21,-2.04,-0.68,2.77
2023-04-24,003033,32.44,32.65,33.2,31.93,9965,31645111.0,3.88,-0.12,-0.04,4.14
2023-04-25,003033,32.2,31.81,32.64,30.8,11577,35701210.02,5.64,-2.57,-0.84,4.81
2023-04-26,003033,31.19,33.02,33.36,31.19,9648,30923140.51,6.82,3.8,1.21,4.01
2023-04-27,003033,32.92,33.54,33.82,32.9,6716,21942268.0,2.79,1.57,0.52,2.79
2023-04-28,003033,32.39,31.66,33.28,31.43,18423,57247245.74,5.52,-5.61,-1.88,7.65
2023-05-04,003033,31.53,31.97,32.21,31.37,9630,29836362.48,2.65,0.98,0.31,4.0
2023-05-05,003033,32.16,31.45,32.2,30.93,10090,30820263.0,3.97,-1.63,-0.52,4.19
2023-05-08,003033,31.09,31.21,32.01,30.92,7095,21671228.0,3.47,-0.76,-0.24,2.95
2023-05-09,003033,31.38,30.63,31.38,30.5,6113,18310130.03,2.82,-1.86,-0.58,2.54
2023-05-10,003033,30.52,31.49,31.91,30.52,10243,31198203.04,4.54,2.81,0.86,4.25
2023-05-11,003033,31.51,31.49,31.91,31.26,5079,15598615.0,2.06,0.0,0.0,2.11
2023-05-12,003033,31.3,30.96,31.67,30.9,4150,12605884.0,2.45,-1.68,-0.53,1.72
2023-05-15,003033,30.6,31.66,31.66,30.6,5319,16249581.9,3.42,2.26,0.7,2.21
2023-05-16,003033,31.66,31.18,32.01,30.99,7480,22859965.98,3.22,-1.52,-0.48,3.11
2023-05-17,003033,31.06,31.79,31.96,30.87,7155,22020940.0,3.5,1.96,0.61,2.97
2023-05-18,003033,31.77,32.07,32.19,31.68,4740,14775834.0,1.6,0.88,0.28,1.97
2023-05-19,003033,32.06,32.35,32.54,31.67,5317,16678660.0,2.71,0.87,0.28,2.21
2023-05-22,003033,32.49,33.21,33.24,31.95,6834,21837675.68,3.99,2.66,0.86,2.84
2023-05-23,003033,33.31,32.82,33.36,32.61,5223,16823169.0,2.26,-1.17,-0.39,2.17
2023-05-24,003033,32.7,32.61,33.09,32.18,4458,14218337.0,2.77,-0.64,-0.21,1.85
2023-05-25,003033,32.61,32.99,33.35,32.48,8062,25953276.0,2.67,1.17,0.38,3.35
2023-05-26,003033,32.99,33.2,33.31,32.32,4590,14718184.02,3.0,0.64,0.21,1.91
2023-05-29,003033,33.68,32.9,34.18,32.63,8278,26783437.0,4.67,-0.9,-0.3,3.44
2023-05-30,003033,32.92,33.31,33.9,32.91,7975,25997231.36,3.01,1.25,0.41,3.31
2023-05-31,003033,33.43,33.48,34.3,33.09,12735,41759522.85,3.63,0.51,0.17,5.29
2023-06-01,003033,33.06,32.48,33.43,32.38,9938,31772115.0,3.14,-2.99,-1.0,4.13
2023-06-02,003033,32.51,32.96,33.1,32.26,7810,25000066.5,2.59,1.48,0.48,3.24
2023-06-05,003033,32.65,33.71,33.75,32.65,8893,29058900.0,3.34,2.28,0.75,3.69
2023-06-06,003033,33.78,33.58,34.03,32.8,11149,36330896.01,3.65,-0.39,-0.13,4.63
2023-06-07,003033,33.29,32.86,33.8,32.66,10926,34891517.88,3.39,-2.14,-0.72,4.54
2023-06-08,003033,32.79,32.17,33.71,32.12,7268,22905478.0,4.84,-2.1,-0.69,3.02
2023-06-09,003033,32.13,32.43,33.31,32.07,6714,21008014.14,3.85,0.81,0.26,2.79
2023-06-12,003033,32.07,33.74,33.88,32.07,8191,26131922.0,5.58,4.04,1.31,3.4
2023-06-13,003033,33.68,33.87,34.27,33.33,5694,18559859.0,2.79,0.39,0.13,2.36
2023-06-14,003033,33.88,34.26,34.48,33.21,8825,28798009.7,3.75,1.15,0.39,3.66
2023-06-15,003033,34.08,34.01,34.68,33.61,8712,28630539.0,3.12,-0.73,-0.25,3.62
2023-06-16,003033,34.14,33.94,34.6,33.8,9766,32031618.0,2.35,-0.21,-0.07,4.05
2023-06-19,003033,33.99,37.2,37.2,33.66,20251,71133758.52,10.43,9.61,3.26,8.41
2023-06-20,003033,36.63,36.48,37.25,35.91,30704,108036703.0,3.6,-1.94,-0.72,12.75
2023-06-21,003033,36.31,35.23,36.48,35.1,18664,64268103.17,3.78,-3.43,-1.25,7.75
2023-06-26,003033,35.3,35.58,37.85,35.15,25973,90204279.13,7.66,0.99,0.35,10.78
2023-06-27,003033,35.13,35.4,35.4,34.06,21513,71883568.82,3.77,-0.51,-0.18,8.93
2023-06-28,003033,35.43,35.16,35.43,34.32,16876,56746631.74,3.14,-0.68,-0.24,7.01
2023-06-29,003033,35.26,36.01,37.59,35.02,29556,103720768.06,7.31,2.42,0.85,12.27
2023-06-30,003033,35.66,36.4,36.7,35.4,20698,72185495.18,3.61,1.08,0.39,8.59
2023-07-03,003033,36.46,36.35,36.9,35.82,15707,54744887.83,2.97,-0.14,-0.05,6.52
2023-07-04,003033,36.21,36.86,36.86,35.9,19696,69570234.87,2.64,1.4,0.51,8.18
2023-07-05,003033,36.89,37.54,37.55,36.12,23495,83678285.25,3.88,1.84,0.68,9.75
2023-07-06,003033,37.33,37.86,39.27,37.32,30532,112525264.4,5.19,0.85,0.32,12.67
2023-07-07,003033,37.47,35.9,37.47,35.66,22972,80532069.0,4.78,-5.18,-1.96,9.54
2023-07-10,003033,35.9,36.12,36.42,35.55,11167,38867290.0,2.42,0.61,0.22,4.64
2023-07-11,003033,36.3,36.4,36.42,34.88,17702,61090816.2,4.26,0.78,0.28,7.35
2023-07-12,003033,36.11,35.83,36.8,35.8,13523,47372231.4,2.75,-1.57,-0.57,5.61
2023-07-13,003033,35.91,35.1,36.28,34.95,14446,49214770.0,3.71,-2.04,-0.73,6.0
2023-07-14,003033,35.02,34.65,35.3,34.09,11077,37000169.0,3.45,-1.28,-0.45,4.6
2023-07-17,003033,34.79,34.91,35.16,34.31,7657,25619887.25,2.45,0.75,0.26,3.18
2023-07-18,003033,34.71,35.26,36.32,34.71,11069,37804502.0,4.61,1.0,0.35,4.59
2023-07-19,003033,35.11,34.65,35.34,34.45,6941,23239291.5,2.52,-1.73,-0.61,2.88
2023-07-20,003033,34.66,33.97,35.16,33.88,6452,21339073.0,3.69,-1.96,-0.68,2.68
2023-07-21,003033,33.88,32.75,33.9,32.7,10445,33252350.4,3.53,-3.59,-1.22,4.34
2023-07-24,003033,32.88,33.39,33.68,32.76,6856,21905687.0,2.81,1.95,0.64,2.85
2023-07-25,003033,33.52,34.91,35.27,33.5,11949,39682846.1,5.3,4.55,1.52,4.96
2023-07-26,003033,34.92,33.79,34.92,33.75,8009,26316886.0,3.35,-3.21,-1.12,3.32
2023-07-27,003033,33.98,33.8,35.19,33.72,5925,19529703.0,4.35,0.03,0.01,2.46
2023-07-28,003033,34.21,33.3,34.21,33.2,10062,32409644.5,2.99,-1.48,-0.5,4.18
2023-07-31,003033,33.68,33.06,33.75,32.85,10777,34284071.31,2.7,-0.72,-0.24,4.47
2023-08-01,003033,33.04,32.75,33.04,32.41,6753,21150408.05,1.91,-0.94,-0.31,2.8
2023-08-02,003033,32.72,33.08,33.08,32.3,7894,24768306.56,2.38,1.01,0.33,3.28
2023-08-03,003033,32.76,32.54,33.04,32.43,4618,14486825.0,1.84,-1.63,-0.54,1.92
2023-08-04,003033,32.7,33.03,33.15,32.35,7040,22262660.46,2.46,1.51,0.49,2.92
2023-08-07,003033,33.05,32.93,33.29,32.6,7020,22209723.0,2.09,-0.3,-0.1,2.91
2023-08-08,003033,33.22,32.51,33.22,32.31,6243,19498589.11,2.76,-1.28,-0.42,2.59
2023-08-09,003033,32.36,32.4,32.6,32.02,4375,13558077.0,1.78,-0.34,-0.11,1.82
2023-08-10,003033,32.56,32.49,32.64,32.24,2299,7157736.56,1.23,0.28,0.09,0.95
2023-08-11,003033,32.56,32.41,33.05,32.33,6599,20718963.0,2.22,-0.25,-0.08,2.74
2023-08-14,003033,32.27,32.09,32.38,31.6,5432,16613563.85,2.41,-0.99,-0.32,2.25
2023-08-15,003033,32.19,32.34,32.47,31.98,3518,10888031.9,1.53,0.78,0.25,1.46
2023-08-16,003033,32.2,31.72,32.34,31.66,3733,11449760.0,2.1,-1.92,-0.62,1.55
2023-08-17,003033,31.72,32.9,32.97,31.32,8565,26721207.1,5.2,3.72,1.18,3.56
2023-08-18,003033,32.97,32.8,33.33,32.74,8671,27545025.02,1.79,-0.3,-0.1,3.6
2023-08-21,003033,32.73,33.01,33.42,32.41,7096,22571458.0,3.08,0.64,0.21,2.95
2023-08-22,003033,32.7,31.95,33.14,31.3,10363,31800944.0,5.57,-3.21,-1.06,4.3
2023-08-23,003033,31.9,30.99,31.9,30.59,7187,21540446.08,4.1,-3.0,-0.96,2.98
2023-08-24,003033,31.27,30.64,31.27,30.37,7323,21527075.0,2.9,-1.13,-0.35,3.04
2023-08-25,003033,30.64,29.3,30.99,29.0,12724,36417355.0,6.49,-4.37,-1.34,5.28
2023-08-28,003033,31.3,30.08,31.66,29.4,11259,32676017.08,7.71,2.66,0.78,4.67
2023-08-29,003033,29.93,32.96,32.96,29.88,14871,45640792.66,10.24,9.57,2.88,6.17
2023-08-30,003033,33.47,33.04,33.67,32.81,20968,66927113.4,2.61,0.24,0.08,8.7
2023-08-31,003033,33.1,32.79,33.29,32.63,7942,25062501.55,2.0,-0.76,-0.25,3.3
2023-09-01,003033,32.8,33.03,33.03,32.44,7057,22244897.9,1.8,0.73,0.24,2.93
2023-09-04,003033,33.08,33.26,33.36,32.7,8840,28056541.0,2.0,0.7,0.23,3.67
2023-09-05,003033,33.4,33.53,33.95,33.25,8358,27004369.29,2.1,0.81,0.27,3.47
2023-09-06,003033,33.69,33.58,33.92,33.34,5903,19064019.0,1.73,0.15,0.05,2.45
2023-09-07,003033,33.58,32.91,33.65,32.7,6638,21109333.0,2.83,-2.0,-0.67,2.76
2023-09-08,003033,32.75,33.06,33.51,32.51,4085,13019686.0,3.04,0.46,0.15,1.7
2023-09-11,003033,33.47,33.45,33.67,32.73,6443,20658655.0,2.84,1.18,0.39,2.67
2023-09-12,003033,33.53,33.44,33.75,33.31,4189,13468889.0,1.32,-0.03,-0.01,1.74
2023-09-13,003033,33.44,32.83,33.46,32.57,5832,18394997.36,2.66,-1.82,-0.61,2.42
2023-09-14,003033,32.84,32.25,33.36,31.9,7606,23824952.0,4.45,-1.77,-0.58,3.16
2023-09-15,003033,32.34,31.91,32.48,31.7,4467,13689670.0,2.42,-1.05,-0.34,1.85
2023-09-18,003033,31.89,33.6,34.04,31.87,13517,43386727.0,6.8,5.3,1.69,5.61
2023-09-19,003033,33.78,32.46,33.78,32.3,8812,27697752.6,4.4,-3.39,-1.14,3.66
2023-09-20,003033,32.5,31.85,32.71,31.8,6055,18625707.0,2.8,-1.88,-0.61,2.51
2023-09-21,003033,31.86,31.38,32.01,31.18,6995,21116634.16,2.61,-1.48,-0.47,2.9
2023-09-22,003033,31.45,32.29,32.35,31.15,5092,15546121.0,3.82,2.9,0.91,2.11
2023-09-25,003033,32.54,34.38,34.48,32.54,22308,72512240.03,6.01,6.47,2.09,9.26
2023-09-26,003033,33.85,34.08,34.4,33.32,17534,57244841.8,3.14,-0.87,-0.3,7.28
2023-09-27,003033,34.04,34.2,34.62,33.6,13661,45026530.07,2.99,0.35,0.12,5.67
2023-09-28,003033,34.26,34.52,34.98,33.97,12058,39897988.0,2.95,0.94,0.32,5.01
2023-10-09,003033,34.52,34.61,35.18,34.22,11491,38321787.0,2.78,0.26,0.09,4.77
2023-10-10,003033,34.61,33.86,34.67,33.69,12054,39341148.0,2.83,-2.17,-0.75,5.0
2023-10-11,003033,34.19,33.32,34.19,32.8,10179,32501709.39,4.11,-1.59,-0.54,4.23
2023-10-12,003033,33.5,33.37,33.6,32.9,5895,18825518.0,2.1,0.15,0.05,2.45
2023-10-13,003033,33.37,33.05,33.7,32.81,4933,15662884.0,2.67,-0.96,-0.32,2.05
2023-10-16,003033,33.07,32.69,33.39,32.46,5628,17677020.8,2.81,-1.09,-0.36,2.34
2023-10-17,003033,32.7,32.3,32.99,31.96,4211,13030354.0,3.15,-1.19,-0.39,1.75
2023-10-18,003033,32.13,32.0,32.75,32.0,6167,19127766.0,2.32,-0.93,-0.3,2.56
2023-10-19,003033,32.0,31.37,32.29,31.35,5602,17012010.62,2.94,-1.97,-0.63,2.33
2023-10-20,003033,31.15,31.39,32.27,31.15,5984,18148357.78,3.57,0.06,0.02,2.48
2023-10-23,003033,31.5,30.4,31.59,30.13,5527,16234737.05,4.65,-3.15,-0.99,2.29
2023-10-24,003033,31.24,31.47,31.89,30.14,7674,23036295.26,5.76,3.52,1.07,3.19
2023-10-25,003033,31.47,32.43,32.49,31.33,5467,16832907.77,3.69,3.05,0.96,2.27
2023-10-26,003033,32.27,32.63,32.75,31.8,4748,14714253.0,2.93,0.62,0.2,1.97
2023-10-27,003033,32.5,33.04,33.27,32.01,6080,19276877.14,3.86,1.26,0.41,2.52
2023-10-30,003033,32.98,32.4,33.29,32.36,8147,25497458.88,2.81,-1.94,-0.64,3.38
2023-10-31,003033,32.4,32.07,32.98,31.9,6794,21054303.19,3.33,-1.02,-0.33,2.82
2023-11-01,003033,32.08,32.44,32.86,31.75,7141,22236006.03,3.46,1.15,0.37,2.96
2023-11-02,003033,32.44,31.94,32.82,31.9,5716,17684896.87,2.84,-1.54,-0.5,2.37
2023-11-03,003033,32.22,32.71,33.0,32.22,6716,21043212.62,2.44,2.41,0.77,2.79
2023-11-06,003033,32.94,33.58,33.6,32.79,7347,23510842.98,2.48,2.66,0.87,3.05
2023-11-07,003033,33.46,33.4,33.69,33.21,4687,15107073.0,1.43,-0.54,-0.18,1.95
2023-11-08,003033,33.39,33.17,33.49,32.94,4979,15860074.0,1.65,-0.69,-0.23,2.07
2023-11-09,003033,33.4,33.28,33.52,33.03,5545,17724380.0,1.48,0.33,0.11,2.3
2023-11-10,003033,33.19,32.98,33.19,32.75,6438,20351007.7,1.32,-0.9,-0.3,2.67
2023-11-13,003033,32.94,33.55,33.63,32.81,6761,21644576.12,2.49,1.73,0.57,2.81
2023-11-14,003033,33.45,33.49,33.63,33.17,4404,14134859.0,1.37,-0.18,-0.06,1.83
2023-11-15,003033,33.5,34.06,34.1,33.36,5964,19410318.24,2.21,1.7,0.57,2.48
2023-11-16,003033,34.06,34.13,34.56,33.65,7083,23273719.99,2.67,0.21,0.07,2.94
2023-11-17,003033,34.15,34.5,34.58,33.92,6399,21159427.0,1.93,1.08,0.37,2.66
2023-11-20,003033,34.58,35.48,35.65,34.34,15359,52153939.76,3.8,2.84,0.98,6.38
2023-11-21,003033,35.61,35.5,36.48,35.35,11732,40452079.48,3.18,0.06,0.02,4.87
2023-11-22,003033,35.66,35.3,36.19,35.04,7630,26033635.0,3.24,-0.56,-0.2,3.17
2023-11-23,003033,35.27,35.47,35.86,35.12,4894,16776200.0,2.1,0.48,0.17,2.03
2023-11-24,003033,35.55,35.13,35.61,34.86,7061,23889474.0,2.11,-0.96,-0.34,2.93
2023-11-27,003033,35.58,36.22,36.88,35.14,20586,71593651.0,4.95,3.1,1.09,8.55
2023-11-28,003033,35.5,37.15,38.45,35.38,30410,108539585.87,8.48,2.57,0.93,12.62
2023-11-29,003033,37.02,38.47,39.25,36.38,35485,129624298.91,7.73,3.55,1.32,14.73
2023-11-30,003033,40.18,37.34,40.6,36.8,53499,200031448.25,9.88,-2.94,-1.13,22.21
2023-12-01,003033,36.97,35.99,37.76,35.33,35718,125309437.49,6.51,-3.62,-1.35,14.83
2023-12-04,003033,35.8,36.5,36.75,35.19,23689,82285670.14,4.33,1.42,0.51,9.83
2023-12-05,003033,36.02,37.35,37.96,36.02,28870,103841603.0,5.32,2.33,0.85,11.98
2023-12-06,003033,37.61,36.91,37.7,36.4,18039,64246505.29,3.48,-1.18,-0.44,7.49
2023-12-07,003033,36.66,35.98,36.67,35.7,13777,47919218.88,2.63,-2.52,-0.93,5.72
2023-12-08,003033,35.87,34.81,36.21,34.75,15031,50881760.0,4.06,-3.25,-1.17,6.24
2023-12-11,003033,34.81,35.91,36.33,34.75,15293,52621567.37,4.54,3.16,1.1,6.35
2023-12-12,003033,35.8,37.08,37.55,35.55,15417,54620225.0,5.57,3.26,1.17,6.4
2023-12-13,003033,37.75,38.41,38.53,36.37,26614,96643078.71,5.83,3.59,1.33,11.05
2023-12-14,003033,38.03,36.91,38.36,36.71,21018,75777921.6,4.3,-3.91,-1.5,8.72
2023-12-15,003033,36.97,35.57,37.18,35.38,8403,29153037.55,4.88,-3.63,-1.34,3.49
2023-12-18,003033,35.39,35.74,36.5,35.3,9124,31581403.0,3.37,0.48,0.17,3.79
2023-12-19,003033,35.72,36.19,36.45,35.06,7492,25991877.0,3.89,1.26,0.45,3.11
2023-12-20,003033,36.81,36.12,37.18,36.12,8259,29172200.16,2.93,-0.19,-0.07,3.43
2023-12-21,003033,36.12,36.45,36.55,35.38,6464,22396622.94,3.24,0.91,0.33,2.68
2023-12-22,003033,36.31,36.6,36.89,35.93,9259,32513243.7,2.63,0.41,0.15,3.84
2023-12-25,003033,36.67,37.98,38.09,35.7,16337,58561484.0,6.53,3.77,1.38,6.78
2023-12-26,003033,38.08,36.94,38.08,36.8,9261,33168950.0,3.37,-2.74,-1.04,3.84
2023-12-27,003033,36.76,36.66,37.22,35.9,11395,40046739.0,3.57,-0.76,-0.28,4.73
2023-12-28,003033,36.54,37.05,37.29,35.5,9200,32370250.71,4.88,1.06,0.39,3.82
2023-12-29,003033,37.08,37.11,37.66,36.8,8875,31823608.52,2.32,0.16,0.06,3.68
2024-01-02,003033,37.19,36.56,37.45,36.56,5518,19601877.0,2.4,-1.48,-0.55,2.29
2024-01-03,003033,36.77,36.18,36.77,36.0,5160,18056562.0,2.11,-1.04,-0.38,2.14
2024-01-04,003033,36.19,36.24,36.58,35.84,4994,17421147.9,2.05,0.17,0.06,2.07
2024-01-05,003033,36.3,34.82,36.65,34.5,7562,25847502.1,5.93,-3.92,-1.42,3.14
2024-01-08,003033,34.82,34.55,35.23,34.22,7192,24096463.32,2.9,-0.78,-0.27,2.99
2024-01-09,003033,34.54,34.85,35.4,34.3,5548,18647286.09,3.18,0.87,0.3,2.3
2024-01-10,003033,34.85,34.38,35.41,34.17,6554,21927154.5,3.56,-1.35,-0.47,2.72
2024-01-11,003033,34.45,35.22,35.39,34.23,5454,18339681.0,3.37,2.44,0.84,0.68
2024-01-12,003033,35.23,34.86,35.55,34.85,5952,20113133.0,1.99,-1.02,-0.36,0.74
2024-01-15,003033,34.62,34.85,35.04,34.26,4933,16491146.0,2.24,-0.03,-0.01,0.61
2024-01-16,003033,34.78,34.53,35.29,34.3,4003,13350995.22,2.84,-0.92,-0.32,0.5
2024-01-17,003033,34.9,34.04,34.91,34.02,4262,14132319.0,2.58,-1.42,-0.49,0.53
2024-01-18,003033,34.01,32.81,34.01,32.13,12379,38870413.0,5.52,-3.61,-1.23,1.53
2024-01-19,003033,32.81,32.5,33.04,32.09,4901,15265896.0,2.9,-0.94,-0.31,0.61
2024-01-22,003033,32.82,30.44,32.85,29.8,5691,17160750.0,9.38,-6.34,-2.06,0.71
2024-01-23,003033,31.1,31.01,31.34,29.58,14422,41920424.0,5.78,1.87,0.57,1.79
2024-01-24,003033,31.23,29.9,31.23,29.16,11149,32013725.26,6.68,-3.58,-1.11,1.38
2024-01-25,003033,29.91,30.94,31.03,29.41,7050,20519896.0,5.42,3.48,1.04,0.87
2024-01-26,003033,30.82,30.44,31.12,30.34,4385,12914269.0,2.52,-1.62,-0.5,0.54
2024-01-29,003033,30.98,29.45,30.98,29.33,5949,16942680.2,5.42,-3.25,-0.99,0.74
2024-01-30,003033,29.8,28.89,29.9,28.57,7131,19863871.0,4.52,-1.9,-0.56,0.88
2024-01-31,003033,28.8,27.13,28.81,26.9,8658,22790487.6,6.61,-6.09,-1.76,1.07
2024-02-01,003033,26.93,26.67,27.55,26.3,8961,22859440.78,4.61,-1.7,-0.46,1.11
2024-02-02,003033,26.75,25.42,27.9,24.3,15188,37357195.4,13.5,-4.69,-1.25,1.88
2024-02-05,003033,25.45,24.6,25.45,23.8,19778,45785399.0,6.49,-3.23,-0.82,2.45
2024-02-06,003033,24.59,26.15,26.88,22.88,20065,47209867.96,16.26,6.3,1.55,2.49
2024-02-07,003033,25.86,25.72,26.36,24.62,13646,32834429.02,6.65,-1.64,-0.43,1.69
2024-02-08,003033,25.48,27.47,28.16,24.41,8159,20426935.76,14.58,6.8,1.75,1.01
2024-02-19,003033,27.41,27.71,28.3,27.3,7431,19669371.75,3.64,0.87,0.24,0.92
2024-02-20,003033,27.6,28.8,29.1,27.17,6264,16846149.6,6.96,3.93,1.09,0.78
2024-02-21,003033,28.8,28.34,29.69,28.18,6768,18800373.6,5.24,-1.6,-0.46,0.84
2024-02-22,003033,28.23,28.76,29.18,28.23,3834,10473551.8,3.35,1.48,0.42,0.48
2024-02-23,003033,28.84,29.86,30.27,28.6,7582,21433225.93,5.81,3.82,1.1,0.94
2024-02-26,003033,29.82,29.75,30.58,29.35,6484,18582174.6,4.12,-0.37,-0.11,0.8
2024-02-27,003033,29.36,30.05,30.09,29.36,4506,12869750.73,2.45,1.01,0.3,0.56
2024-02-28,003033,30.0,27.88,30.69,27.85,6696,18769682.2,9.45,-7.22,-2.17,0.83
2024-02-29,003033,27.29,28.7,28.93,27.29,8594,23163289.6,5.88,2.94,0.82,1.06
2024-03-01,003033,28.7,28.71,28.97,28.19,5810,15849580.0,2.72,0.03,0.01,0.72
2024-03-04,003033,28.71,28.8,29.07,27.87,5776,15716285.0,4.18,0.31,0.09,0.72
2024-03-05,003033,29.07,28.09,29.21,27.9,3305,8877333.08,4.55,-2.47,-0.71,0.41
2024-03-06,003033,28.15,29.75,29.78,27.82,9173,25509574.56,6.98,5.91,1.66,1.14
2024-03-07,003033,29.69,29.55,30.44,29.1,12180,34785160.72,4.5,-0.67,-0.2,1.51
2024-03-08,003033,29.54,28.97,29.68,28.7,7936,22123411.14,3.32,-1.96,-0.58,0.98
2024-03-11,003033,28.6,29.01,29.2,28.6,3640,10059187.0,2.07,0.14,0.04,0.45
2024-03-12,003033,29.29,29.45,29.5,28.62,5308,14804612.0,3.03,1.52,0.44,0.66
2024-03-13,003033,29.58,29.14,29.8,28.8,6556,18299047.78,3.4,-1.05,-0.31,0.81
2024-03-14,003033,29.16,29.02,29.45,28.61,4621,12794977.0,2.88,-0.41,-0.12,0.57
2024-03-15,003033,29.0,29.57,29.6,28.75,4895,13698883.12,2.93,1.9,0.55,0.61
2024-03-18,003033,30.59,30.0,30.8,29.7,6374,18294440.68,3.72,1.45,0.43,0.79
2024-03-19,003033,29.99,29.85,30.17,29.7,4946,14158246.0,1.57,-0.5,-0.15,0.61
2024-03-20,003033,29.61,29.94,30.17,29.61,4420,12640441.0,1.88,0.3,0.09,0.55
2024-03-21,003033,30.05,29.7,30.3,29.17,7788,22164426.4,3.77,-0.8,-0.24,0.97
2024-03-22,003033,29.62,28.45,29.92,28.38,7813,21475070.0,5.19,-4.21,-1.25,0.97
2024-03-25,003033,28.55,27.43,28.75,27.38,7645,20380180.0,4.82,-3.59,-1.02,0.95
2024-03-26,003033,27.55,27.38,28.0,26.8,7471,19396776.0,4.37,-0.18,-0.05,0.93
2024-03-27,003033,27.46,26.3,27.68,26.28,5818,14899739.0,5.11,-3.94,-1.08,0.72
2024-03-28,003033,26.53,26.47,26.92,26.03,9132,23026173.0,3.38,0.65,0.17,1.13
2024-03-29,003033,26.68,26.69,26.89,26.1,6116,15399438.0,2.98,0.83,0.22,0.76
2024-04-01,003033,27.11,27.49,27.55,26.8,8268,21420836.12,2.81,3.0,0.8,1.02
2024-04-02,003033,27.49,27.9,28.11,27.42,6833,18093185.76,2.51,1.49,0.41,0.85
2024-04-03,003033,27.94,27.34,27.94,26.92,7443,19309033.64,3.66,-2.01,-0.56,0.92
2024-04-08,003033,27.34,26.46,27.77,26.4,6759,17184334.62,5.01,-3.22,-0.88,0.84
2024-04-09,003033,26.49,26.1,26.8,26.01,12268,30625596.41,2.99,-1.36,-0.36,1.52
2024-04-10,003033,26.35,25.05,26.35,24.83,16762,40300215.33,5.82,-4.02,-1.05,2.08
2024-04-11,003033,24.91,25.55,26.05,24.73,12507,30148640.0,5.27,2.0,0.5,1.55
2024-04-12,003033,25.67,25.86,26.59,25.43,13580,33541145.4,4.54,1.21,0.31,1.68
2024-04-15,003033,25.86,23.93,26.09,23.52,17630,40677225.35,9.94,-7.46,-1.93,2.18
2024-04-16,003033,23.7,22.72,23.72,21.81,14263,30444799.0,7.98,-5.06,-1.21,1.77
2024-04-17,003033,22.9,23.74,23.9,22.9,11920,26614449.0,4.4,4.49,1.02,1.48
2024-04-18,003033,23.73,24.2,24.79,23.68,13789,31648115.54,4.68,1.94,0.46,1.71
2024-04-19,003033,24.26,23.74,24.28,23.66,8690,19629624.0,2.56,-1.9,-0.46,1.08
2024-04-22,003033,23.77,23.6,23.97,23.01,9054,20114172.0,4.04,-0.59,-0.14,1.12
2024-04-23,003033,23.6,24.08,24.28,23.57,7083,16052059.0,3.01,2.03,0.48,0.88
2024-04-24,003033,23.98,24.82,24.85,23.98,7454,17350443.53,3.61,3.07,0.74,0.92
2024-04-25,003033,24.84,25.13,25.33,24.63,7556,17954424.0,2.82,1.25,0.31,0.94
2024-04-26,003033,25.01,25.79,25.84,24.83,8578,20744077.0,4.02,2.63,0.66,1.06
2024-04-29,003033,25.67,26.38,26.5,25.67,13939,34550029.47,3.22,2.29,0.59,1.73
2024-04-30,003033,26.63,26.56,26.75,26.23,12539,31568571.1,1.97,0.68,0.18,1.55
2024-05-06,003033,26.56,26.58,27.06,26.18,16714,42403523.9,3.31,0.08,0.02,2.07
2024-05-07,003033,26.59,27.24,27.28,26.4,10296,26344014.44,3.31,2.48,0.66,1.28
2024-05-08,003033,27.21,26.48,27.21,26.46,8196,20794877.0,2.75,-2.79,-0.76,1.02
2024-05-09,003033,26.73,27.23,27.35,26.55,7949,20460248.0,3.02,2.83,0.75,0.99
2024-05-10,003033,27.5,26.79,27.5,26.54,8722,22266468.0,3.53,-1.62,-0.44,1.08
2024-05-13,003033,26.54,26.63,26.73,25.9,8058,20224679.0,3.1,-0.6,-0.16,1.0
2024-05-14,003033,26.79,29.16,29.16,26.7,18277,49364120.12,9.24,9.5,2.53,2.26
2024-05-15,003033,30.2,30.56,31.95,29.68,61821,181725911.38,7.78,4.8,1.4,7.66
2024-05-16,003033,29.62,28.97,31.0,28.63,43530,123067421.0,7.76,-5.2,-1.59,5.39
2024-05-17,003033,29.09,28.24,29.1,28.05,28288,76281449.32,3.62,-2.52,-0.73,3.51
2024-05-20,003033,28.35,28.66,28.72,27.97,27903,75670287.05,2.66,1.49,0.42,3.46
2024-05-21,003033,28.36,28.9,29.21,28.0,22384,61147561.89,4.22,0.84,0.24,2.77
2024-05-22,003033,28.64,27.96,28.78,27.53,26967,72061010.45,4.33,-3.25,-0.94,3.34
2024-05-23,003033,27.82,27.34,27.82,27.05,15629,40782427.4,2.75,-2.22,-0.62,1.94
2024-05-24,003033,27.29,28.01,28.02,26.82,15227,40135283.82,4.39,2.45,0.67,1.89
2024-05-27,003033,27.96,27.88,28.19,27.6,10866,28816159.0,2.11,-0.46,-0.13,1.35
2024-05-28,003033,27.98,26.92,27.98,26.8,12866,33372386.0,4.23,-3.44,-0.96,1.59
2024-05-29,003033,27.09,27.22,27.25,26.5,11317,29000187.14,2.79,1.11,0.3,1.4
2024-05-30,003033,27.0,27.06,27.18,26.65,7376,18576994.0,1.95,-0.59,-0.16,0.91
2024-05-31,003033,27.26,27.55,27.78,27.09,8603,22123409.0,2.55,1.81,0.49,1.07
2024-06-03,003033,27.56,26.49,27.68,26.24,11457,28622267.7,5.23,-3.85,-1.06,1.42
2024-06-04,003033,26.38,25.99,26.38,25.7,11099,26808374.36,2.57,-1.89,-0.5,1.38
2024-06-05,003033,25.99,25.63,26.2,25.61,7132,17195943.24,2.27,-1.39,-0.36,0.88
2024-06-06,003033,25.67,24.41,25.81,24.08,11502,26409640.4,6.75,-4.76,-1.22,1.43
2024-06-07,003033,24.8,25.13,25.28,24.69,7530,17515533.0,2.42,2.95,0.72,0.93
2024-06-11,003033,25.16,25.45,25.52,24.51,5664,13197082.37,4.02,1.27,0.32,0.7
2024-06-12,003033,25.66,25.57,25.94,25.38,5272,12569046.0,2.2,0.47,0.12,0.65
2024-06-13,003033,25.42,25.46,25.69,25.13,6214,14653971.0,2.19,-0.43,-0.11,0.77
2024-06-14,003033,25.48,25.58,25.58,24.98,4760,11216300.37,2.36,0.47,0.12,0.59
2024-06-17,003033,25.58,25.12,25.58,25.0,5403,12648339.0,2.27,-1.8,-0.46,0.67
2024-06-18,003033,25.13,25.72,25.75,24.93,7096,16761084.0,3.26,2.39,0.6,0.88
2024-06-19,003033,25.6,25.65,26.1,25.59,4795,11483149.0,1.98,-0.27,-0.07,0.59
2024-06-20,003033,25.64,25.28,25.85,25.16,6363,15049347.13,2.69,-1.44,-0.37,0.79
2024-06-21,003033,25.3,25.41,25.46,24.8,4191,9791963.56,2.61,0.51,0.13,0.52
2024-06-24,003033,25.06,24.26,25.25,24.13,6716,15233714.66,4.41,-4.53,-1.15,0.83
2024-06-25,003033,24.26,24.71,24.99,24.08,7070,16241367.0,3.75,1.85,0.45,0.88
2024-06-26,003033,25.05,25.63,25.65,24.54,5905,13829965.0,4.49,3.72,0.92,0.73
2024-06-27,003033,25.63,24.84,25.8,24.83,5404,12695689.66,3.78,-3.08,-0.79,0.67
2024-06-28,003033,24.91,24.97,25.24,24.58,5247,12181032.18,2.66,0.52,0.13,0.65
2024-07-01,003033,24.84,25.37,25.38,24.58,4407,10244673.6,3.2,1.6,0.4,0.55
2024-07-02,003033,25.6,25.46,25.6,25.15,3271,7723049.1,1.77,0.35,0.09,0.41
2024-07-03,003033,25.45,25.03,25.58,24.95,3584,8361965.41,2.47,-1.69,-0.43,0.44
2024-07-04,003033,25.03,24.22,25.14,24.01,7700,17391385.38,4.51,-3.24,-0.81,0.96
2024-07-05,003033,24.22,23.96,24.22,23.6,5746,12722489.91,2.56,-1.07,-0.26,0.71
2024-07-08,003033,23.91,23.22,24.03,23.14,6399,13885341.0,3.71,-3.09,-0.74,0.79
2024-07-09,003033,23.31,23.47,23.64,22.73,5279,11309243.26,3.92,1.08,0.25,0.65
2024-07-10,003033,23.54,23.71,23.88,23.3,3954,8668095.0,2.47,1.02,0.24,0.49
2024-07-11,003033,24.1,24.6,24.6,24.1,6011,13599439.0,2.11,3.75,0.89,0.75
2024-07-12,003033,24.62,24.75,24.89,24.5,4933,11300926.0,1.59,0.61,0.15,0.61
2024-07-15,003033,24.66,24.48,24.73,24.11,5779,13081122.0,2.51,-1.09,-0.27,0.72
2024-07-16,003033,24.32,24.31,24.42,23.98,3340,7488147.0,1.8,-0.69,-0.17,0.41
2024-07-17,003033,24.15,24.07,24.24,23.98,2847,6336960.0,1.07,-0.99,-0.24,0.35
2024-07-18,003033,23.85,23.95,24.03,23.31,3755,8216258.0,2.99,-0.5,-0.12,0.47
2024-07-19,003033,23.95,23.98,24.17,23.52,3569,7889041.0,2.71,0.13,0.03,0.44
2024-07-22,003033,24.78,24.09,24.79,23.45,3829,8517842.47,5.59,0.46,0.11,0.48
2024-07-23,003033,24.09,23.75,24.14,23.75,2872,6349217.0,1.62,-1.41,-0.34,0.36
2024-07-24,003033,23.57,23.62,23.71,23.36,4071,8846631.34,1.47,-0.55,-0.13,0.51
2024-07-25,003033,23.62,23.8,23.94,23.39,3542,7732002.0,2.33,0.76,0.18,0.44
2024-07-26,003033,23.88,24.41,24.59,23.88,6607,14866946.6,2.98,2.56,0.61,0.82
2024-07-29,003033,24.6,24.46,24.79,24.18,3925,8900362.76,2.5,0.2,0.05,0.49
2024-07-30,003033,24.4,24.31,24.42,24.0,3683,8254812.0,1.72,-0.61,-0.15,0.46
2024-07-31,003033,24.3,24.88,24.94,24.25,5404,12377482.0,2.84,2.34,0.57,0.67
2024-08-01,003033,24.9,24.9,25.07,24.71,3485,8043520.0,1.45,0.08,0.02,0.43
2024-08-02,003033,25.15,24.79,25.15,24.63,5220,12049282.0,2.09,-0.44,-0.11,0.65
2024-08-05,003033,24.52,24.1,25.0,24.02,5075,11501687.0,3.95,-2.78,-0.69,0.63
2024-08-06,003033,24.2,24.65,24.71,24.18,3665,8288321.05,2.2,2.28,0.55,0.45
2024-08-07,003033,24.48,24.82,24.89,24.48,3893,8935884.0,1.66,0.69,0.17,0.48
2024-08-08,003033,24.81,24.92,24.93,24.4,5663,12973388.0,2.14,0.4,0.1,0.7
2024-08-09,003033,25.0,24.96,25.24,24.73,4236,9813875.0,2.05,0.16,0.04,0.53
2024-08-12,003033,24.96,25.08,25.19,24.7,3717,8627691.0,1.96,0.48,0.12,0.46
2024-08-13,003033,25.08,25.16,25.21,24.87,2266,5277752.0,1.36,0.32,0.08,0.28
2024-08-14,003033,25.04,25.23,25.28,24.99,3355,7838778.0,1.15,0.28,0.07,0.42
2024-08-15,003033,26.13,25.31,26.23,24.83,6913,16225772.0,5.55,0.32,0.08,0.86
2024-08-16,003033,25.13,24.79,25.38,24.71,8192,18930438.55,2.65,-2.05,-0.52,1.02
2024-08-19,003033,24.57,25.5,25.84,23.93,18100,42582103.43,7.7,2.86,0.71,2.25
2024-08-20,003033,25.33,25.27,25.65,24.94,9533,22345971.2,2.78,-0.9,-0.23,1.18
2024-08-21,003033,25.2,25.34,25.58,25.09,5227,12289259.26,1.94,0.28,0.07,0.65
2024-08-22,003033,25.34,25.06,25.59,24.88,9300,21807608.84,2.8,-1.1,-0.28,1.15
2024-08-23,003033,24.78,24.85,25.1,24.6,4829,11133464.0,2.0,-0.84,-0.21,0.6
2024-08-26,003033,24.79,24.61,25.06,24.42,5890,13459811.0,2.58,-0.97,-0.24,0.73
2024-08-27,003033,24.46,24.67,24.9,24.28,5485,12537725.0,2.52,0.24,0.06,0.68
2024-08-28,003033,24.43,24.67,24.8,24.09,6248,14199875.0,2.88,0.0,0.0,0.78
2024-08-29,003033,24.68,24.95,25.17,24.41,7331,16913028.0,3.08,1.13,0.28,0.91
2024-08-30,003033,25.05,24.75,25.44,24.42,16206,37609521.0,4.09,-0.8,-0.2,2.01
2024-09-02,003033,24.62,24.07,24.94,24.01,13656,30666285.0,3.76,-2.75,-0.68,1.69
2024-09-03,003033,24.04,24.25,24.46,23.81,7053,15827598.0,2.7,0.75,0.18,0.88
2024-09-04,003033,24.11,24.27,24.5,24.0,6011,13549641.0,2.06,0.08,0.02,0.75
2024-09-05,003033,24.3,24.27,24.45,23.96,5322,11914910.0,2.02,0.0,0.0,0.66
2024-09-06,003033,24.27,23.66,24.37,23.6,4855,10760045.0,3.17,-2.51,-0.61,0.6
2024-09-09,003033,23.6,23.62,23.62,23.18,5363,11570076.2,1.86,-0.17,-0.04,0.67
2024-09-10,003033,23.42,23.63,23.65,23.2,4162,8989237.33,1.91,0.04,0.01,0.52
2024-09-11,003033,23.51,23.67,23.93,23.5,5075,11109055.0,1.82,0.17,0.04,0.63
2024-09-12,003033,23.63,24.33,24.65,23.63,16343,36729853.7,4.31,2.79,0.66,2.03
2024-09-13,003033,24.33,24.4,24.99,24.15,14058,31949350.0,3.45,0.29,0.07,1.74
2024-09-18,003033,24.34,25.22,25.39,24.02,15303,35211212.0,5.61,3.36,0.82,1.9
2024-09-19,003033,25.3,25.53,25.71,25.12,14138,33544333.2,2.34,1.23,0.31,1.75
2024-09-20,003033,25.55,25.37,25.63,24.43,12116,28262884.0,4.7,-0.63,-0.16,1.5
2024-09-23,003033,25.25,25.61,25.82,25.18,13426,31958314.0,2.52,0.95,0.24,1.67
2024-09-24,003033,25.78,25.2,26.67,23.99,49500,116270614.0,10.46,-1.6,-0.41,6.14
2024-09-25,003033,24.9,24.92,25.33,24.65,26677,61868015.87,2.7,-1.11,-0.28,3.31
2024-09-26,003033,24.91,25.1,25.12,24.53,15830,36596218.11,2.37,0.72,0.18,1.96
2024-09-27,003033,25.21,26.05,26.28,25.16,25872,61783399.49,4.46,3.78,0.95,3.21
2024-09-30,003033,26.62,28.14,28.26,25.99,38771,98405475.32,8.71,8.02,2.09,4.81
2024-10-08,003033,30.35,29.38,30.7,28.04,39966,110035612.77,9.45,4.41,1.24,4.96
2024-10-09,003033,28.7,27.06,28.7,26.83,21658,56020661.41,6.36,-7.9,-2.32,2.69
2024-10-10,003033,27.06,26.8,27.58,26.7,14071,35699581.87,3.25,-0.96,-0.26,1.75
2024-10-11,003033,26.85,26.21,27.08,26.0,12934,31984879.09,4.03,-2.2,-0.59,1.6
2024-10-14,003033,26.37,26.68,26.68,26.05,7632,18801930.02,2.4,1.79,0.47,0.95
2024-10-15,003033,26.6,26.04,26.75,26.0,7885,19374640.0,2.81,-2.4,-0.64,0.98
2024-10-16,003033,25.8,25.8,26.1,25.6,7116,17111238.75,1.92,-0.92,-0.24,0.88
2024-10-17,003033,25.95,25.68,26.17,25.68,6182,14950569.74,1.9,-0.47,-0.12,0.77
2024-10-18,003033,25.53,26.15,26.35,25.53,9714,23501969.0,3.19,1.83,0.47,1.21
2024-10-21,003033,26.35,26.19,26.46,25.91,9638,23508760.89,2.1,0.15,0.04,1.2
2024-10-22,003033,26.07,26.73,26.84,26.07,10658,26443371.37,2.94,2.06,0.54,1.32
2024-10-23,003033,26.8,27.85,27.85,26.48,21822,55699908.82,5.13,4.19,1.12,2.71
2024-10-24,003033,27.58,27.09,27.58,26.83,14682,37238462.26,2.69,-2.73,-0.76,1.82
2024-10-25,003033,27.72,28.05,28.37,27.44,21831,57135936.4,3.43,3.54,0.96,2.71
2024-10-28,003033,28.06,29.1,29.14,27.9,24434,65922892.28,4.42,3.74,1.05,3.03
2024-10-29,003033,29.1,28.39,29.14,28.12,13714,36785914.48,3.51,-2.44,-0.71,1.7
2024-10-30,003033,28.26,28.5,28.95,28.16,10663,28547284.87,2.78,0.39,0.11,1.32
2024-10-31,003033,28.5,28.88,29.07,28.43,9549,25846840.0,2.25,1.33,0.38,1.18
2024-11-01,003033,28.83,28.24,29.13,28.19,10577,28333627.0,3.25,-2.22,-0.64,1.31
2024-11-04,003033,28.2,28.78,28.8,28.13,10284,27367521.16,2.37,1.91,0.54,1.28
2024-11-05,003033,28.8,28.89,29.29,28.53,9446,25516210.53,2.64,0.38,0.11,1.17
2024-11-06,003033,28.85,28.76,29.2,28.6,8952,24271156.48,2.08,-0.45,-0.13,1.11
2024-11-07,003033,28.45,29.95,30.08,28.45,19795,54588840.75,5.67,4.14,1.19,2.46
2024-11-08,003033,30.09,29.0,30.28,28.89,19600,54295561.43,4.64,-3.17,-0.95,2.43
2024-11-11,003033,28.89,29.33,29.45,28.88,11359,31084082.13,1.97,1.14,0.33,1.41
2024-11-12,003033,29.65,29.43,30.0,29.11,13145,36428185.4,3.03,0.34,0.1,1.63
2024-11-13,003033,29.41,29.46,29.55,28.81,9889,27101942.5,2.51,0.1,0.03,1.23
2024-11-14,003033,29.28,28.71,29.52,28.57,7760,21109801.0,3.22,-2.55,-0.75,0.96
2024-11-15,003033,28.71,28.25,28.97,28.18,9312,24935143.35,2.75,-1.6,-0.46,1.16
2024-11-18,003033,28.26,28.25,28.74,27.81,11201,29745413.0,3.29,0.0,0.0,1.39
2024-11-19,003033,28.44,28.9,28.9,28.1,11276,30014392.6,2.83,2.3,0.65,1.4
2024-11-20,003033,28.9,28.86,28.95,28.45,14354,38577551.92,1.73,-0.14,-0.04,1.78
2024-11-21,003033,28.86,28.93,29.12,28.42,8634,23354516.04,2.43,0.24,0.07,1.07
2024-11-22,003033,28.93,27.73,29.12,27.68,10758,28555605.68,4.98,-4.15,-1.2,1.33
2024-11-25,003033,27.73,28.21,28.27,27.73,8590,22549137.72,1.95,1.73,0.48,1.07
2024-11-26,003033,28.3,28.01,28.4,27.98,5242,13838446.13,1.49,-0.71,-0.2,0.65
2024-11-27,003033,28.01,28.92,28.98,27.35,12979,34237500.69,5.82,3.25,0.91,1.61
2024-11-28,003033,28.82,29.95,30.32,28.63,25814,72098953.08,5.84,3.56,1.03,3.2
2024-11-29,003033,29.62,29.4,29.62,28.7,29992,81925574.87,3.07,-1.84,-0.55,3.72
2024-12-02,003033,29.69,29.89,29.98,29.5,14282,39910519.14,1.63,1.67,0.49,1.77
2024-12-03,003033,30.0,30.3,30.57,29.89,13263,37882124.0,2.28,1.37,0.41,1.65
2024-12-04,003033,30.24,33.15,33.15,30.08,42094,127851233.76,10.13,9.41,2.85,5.22
2024-12-05,003033,34.66,32.77,34.8,31.81,69618,216843104.95,9.02,-1.15,-0.38,8.64
2024-12-06,003033,32.3,31.33,32.42,30.91,45048,133496647.37,4.61,-4.39,-1.44,5.59
2024-12-09,003033,31.16,30.75,31.3,30.6,27788,80868429.82,2.23,-1.85,-0.58,3.45
2024-12-10,003033,31.3,30.98,31.6,30.76,28738,84308721.98,2.73,0.75,0.23,3.57
2024-12-11,003033,30.8,31.11,31.14,30.7,18945,55135536.2,1.42,0.42,0.13,2.35
2024-12-12,003033,31.29,31.22,31.4,30.84,17229,50561627.0,1.8,0.35,0.11,2.14
2024-12-13,003033,31.01,30.77,31.29,30.61,15603,45487222.0,2.18,-1.44,-0.45,1.94
2024-12-16,003033,30.7,30.92,31.09,30.61,13653,39641971.0,1.56,0.49,0.15,1.69
2024-12-17,003033,30.7,29.3,30.97,29.15,19727,55234568.5,5.89,-5.24,-1.62,2.45
2024-12-18,003033,29.28,29.8,30.04,28.7,15806,43931269.02,4.57,1.71,0.5,1.96
2024-12-19,003033,29.55,29.67,29.96,29.43,6698,18630410.0,1.78,-0.44,-0.13,0.83
2024-12-20,003033,29.79,29.96,30.08,29.69,7170,20168654.2,1.31,0.98,0.29,0.89
2024-12-23,003033,29.96,29.75,30.98,29.44,22873,65297224.4,5.14,-0.7,-0.21,2.84
2024-12-24,003033,29.69,29.23,30.17,28.8,23760,65009852.2,4.61,-1.75,-0.52,2.95
2024-12-25,003033,29.11,28.53,29.19,28.2,9983,26730922.77,3.39,-2.39,-0.7,1.24
2024-12-26,003033,28.51,29.42,29.71,28.42,18239,50144584.0,4.52,3.12,0.89,2.26
2024-12-27,003033,29.58,29.7,30.02,29.3,8640,24058260.78,2.45,0.95,0.28,1.07
2024-12-30,003033,29.55,29.3,29.69,28.91,6045,16672355.0,2.63,-1.35,-0.4,0.75
2024-12-31,003033,29.3,28.65,29.5,28.61,8571,23311148.0,3.04,-2.22,-0.65,1.06
2025-01-02,003033,28.65,28.18,29.13,28.0,8841,23685330.0,3.94,-1.64,-0.47,1.1
2025-01-03,003033,28.18,27.37,28.75,27.35,10811,28189185.0,4.97,-2.87,-0.81,1.34
2025-01-06,003033,27.42,27.36,27.76,26.71,11132,28480971.0,3.84,-0.04,-0.01,1.38
2025-01-07,003033,27.77,27.82,27.86,27.08,8217,21091968.0,2.85,1.68,0.46,1.02
2025-01-08,003033,27.9,27.87,28.08,27.09,8371,21633553.0,3.56,0.18,0.05,1.04
2025-01-09,003033,27.78,27.87,28.05,27.38,6021,15677489.0,2.4,0.0,0.0,0.75
2025-01-10,003033,27.86,27.42,28.36,27.42,6524,17035359.0,3.37,-1.61,-0.45,0.81
2025-01-13,003033,27.3,27.73,27.92,26.84,7751,19930278.28,3.94,1.13,0.31,0.96
2025-01-14,003033,27.73,28.71,28.72,27.69,8087,21452097.0,3.71,3.53,0.98,1.0
2025-01-15,003033,28.66,28.7,29.1,28.59,7632,20625093.55,1.78,-0.03,-0.01,0.95
2025-01-16,003033,28.73,28.55,29.02,28.35,7697,20679363.0,2.33,-0.52,-0.15,0.95
2025-01-17,003033,28.45,28.78,28.96,28.27,5425,14560338.0,2.42,0.81,0.23,0.67
2025-01-20,003033,28.78,29.3,29.55,28.78,11587,31767862.24,2.68,1.81,0.52,1.44
2025-01-21,003033,29.59,29.94,29.99,28.9,12562,34845527.0,3.72,2.18,0.64,1.56
2025-01-22,003033,29.76,30.62,31.02,29.5,23378,66948685.0,5.08,2.27,0.68,2.9
2025-01-23,003033,33.5,33.5,33.5,33.5,16733,53044148.9,0.0,9.41,2.88,2.07
2025-01-24,003033,33.8,34.1,36.67,31.63,93705,304853163.39,15.04,1.79,0.6,11.61
2025-01-27,003033,32.81,32.69,34.8,32.2,61063,191016580.13,7.62,-4.13,-1.41,7.57
2025-02-05,003033,33.6,33.96,34.66,31.05,50090,155765492.47,11.04,3.88,1.27,6.21
2025-02-06,003033,33.53,35.3,35.3,33.53,84274,276544459.48,5.21,3.95,1.34,10.44
2025-02-07,003033,33.91,33.67,34.54,33.15,61284,196180643.1,3.94,-4.62,-1.63,7.6
2025-02-10,003033,33.69,32.93,33.7,32.68,42248,131945961.46,3.03,-2.2,-0.74,5.24
2025-02-11,003033,33.35,36.04,36.04,33.35,68140,230600080.5,8.17,9.44,3.11,8.44
2025-02-12,003033,35.49,35.4,36.41,34.01,81689,274377442.71,6.66,-1.78,-0.64,10.12
2025-02-13,003033,35.36,34.3,36.26,34.3,48059,160554089.73,5.54,-3.11,-1.1,5.96
2025-02-14,003033,34.72,33.68,34.85,33.47,43375,140275591.24,4.02,-1.81,-0.62,5.38
2025-02-17,003033,33.9,34.46,34.6,33.44,36236,116992033.53,3.44,2.32,0.78,4.49
2025-02-18,003033,34.62,33.12,35.22,32.93,39570,126858661.9,6.65,-3.89,-1.34,4.9
2025-02-19,003033,33.12,34.05,34.25,33.1,36398,116480447.14,3.47,2.81,0.93,4.51
2025-02-20,003033,34.05,33.91,34.78,33.48,40849,132307745.69,3.82,-0.41,-0.14,5.06
2025-02-21,003033,33.8,33.55,34.11,33.35,32769,104248339.43,2.24,-1.06,-0.36,4.06
2025-02-24,003033,33.1,32.54,33.3,32.14,41399,127946561.51,3.46,-3.01,-1.01,5.13
2025-02-25,003033,32.48,32.76,33.54,31.91,34231,106199173.0,5.01,0.68,0.22,4.24
2025-02-26,003033,32.9,34.54,35.03,32.81,50523,163162314.32,6.78,5.43,1.78,6.26
2025-02-27,003033,34.28,34.96,36.29,34.28,60850,203509665.03,5.82,1.22,0.42,7.54
2025-02-28,003033,35.12,38.28,38.28,33.51,56898,193385855.44,13.64,9.5,3.32,7.05
2025-03-03,003033,38.28,41.93,41.93,36.8,89579,331333083.27,13.4,9.54,3.65,11.1
2025-03-04,003033,41.93,45.94,45.94,41.0,38739,164897401.76,11.78,9.56,4.01,4.8
2025-03-05,003033,48.01,42.81,49.87,42.02,141315,621062963.3,17.09,-6.81,-3.13,17.51
2025-03-06,003033,41.27,45.38,46.91,41.27,140406,605561174.66,13.17,6.0,2.57,17.4
2025-03-07,003033,43.97,49.74,49.74,43.8,135119,621631551.06,13.09,9.61,4.36,16.75
2025-03-10,003033,47.8,45.35,48.51,44.95,104720,465463416.53,7.16,-8.83,-4.39,12.98
2025-03-11,003033,46.05,45.9,47.35,44.38,68714,300429571.08,6.55,1.21,0.55,8.52
2025-03-12,003033,46.8,50.31,50.31,45.8,83461,381560365.85,9.83,9.61,4.41,10.34
2025-03-13,003033,51.75,47.36,52.7,46.2,86426,405097372.77,12.92,-5.86,-2.95,10.71
2025-03-14,003033,46.8,45.77,47.08,44.75,54727,239689376.25,4.92,-3.36,-1.59,6.78
2025-03-17,003033,45.84,46.23,46.67,44.68,54082,237008127.11,4.35,1.01,0.46,6.7
2025-03-18,003033,46.23,50.67,50.67,45.95,61364,284494996.15,10.21,9.6,4.44,7.61
2025-03-19,003033,54.09,50.52,54.09,48.72,79181,393341295.24,10.6,-0.3,-0.15,9.81
2025-03-20,003033,50.47,52.57,54.8,49.68,67808,340900934.0,10.13,4.06,2.05,8.4
2025-03-21,003033,51.19,50.95,52.5,49.8,45149,222341000.59,5.14,-3.08,-1.62,5.6
2025-03-24,003033,50.46,55.87,55.87,50.32,74322,394240419.18,10.89,9.66,4.92,9.21
2025-03-25,003033,56.42,55.05,60.7,54.6,86905,489060926.31,10.92,-1.47,-0.82,10.77
2025-03-26,003033,53.8,53.0,58.77,52.4,67838,361274491.15,11.57,-3.72,-2.05,8.41
2025-03-27,003033,51.74,51.1,53.39,49.79,60368,298394814.16,6.79,-3.58,-1.9,7.48
2025-03-28,003033,50.34,47.9,51.38,46.8,49246,232053747.0,8.96,-6.26,-3.2,6.1
2025-03-31,003033,47.44,46.76,47.49,45.61,32339,144283964.48,3.92,-2.38,-1.14,4.01
2025-04-01,003033,47.76,45.7,47.8,45.1,28430,126093787.0,5.77,-2.27,-1.06,3.52
2025-04-02,003033,46.35,45.45,46.79,45.31,21235,93621365.0,3.24,-0.55,-0.25,2.63
2025-04-03,003033,45.02,43.69,45.02,43.1,28768,121277664.0,4.22,-3.87,-1.76,3.57
2025-04-07,003033,40.75,39.5,41.68,39.5,10716,41182154.68,4.99,-9.59,-4.19,1.33
2025-04-08,003033,37.8,36.72,38.81,35.73,43370,150082513.0,7.8,-7.04,-2.78,5.38
2025-04-09,003033,35.31,37.4,37.78,33.45,44844,152743082.0,11.79,1.85,0.68,5.56
2025-04-10,003033,38.2,40.96,40.96,38.2,28930,109639090.76,7.38,9.52,3.56,3.59
2025-04-11,003033,40.5,40.63,41.3,39.7,49621,192790655.36,3.91,-0.81,-0.33,6.15
2025-04-14,003033,40.8,40.48,41.83,40.34,37014,145113829.0,3.67,-0.37,-0.15,4.59
2025-04-15,003033,40.67,40.3,41.11,39.68,20700,79371443.0,3.53,-0.44,-0.18,2.57
2025-04-16,003033,40.3,38.43,40.3,37.81,24204,89326775.0,6.18,-4.64,-1.87,3.0
2025-04-17,003033,38.25,38.27,39.3,38.18,17761,65425332.5,2.91,-0.42,-0.16,2.2
2025-04-18,003033,38.33,38.65,39.05,38.1,18834,69227034.0,2.48,0.99,0.38,2.33
2025-04-21,003033,38.55,40.1,40.19,38.32,24587,92738150.75,4.84,3.75,1.45,3.05
2025-04-22,003033,41.9,40.95,42.33,40.73,44665,176747656.0,3.99,2.12,0.85,5.54
2025-04-23,003033,40.97,43.67,44.19,40.95,51298,210442608.0,7.91,6.64,2.72,6.36
2025-04-24,003033,43.3,43.13,44.14,42.9,26094,108713914.0,2.84,-1.24,-0.54,3.23
2025-04-25,003033,43.09,43.05,43.86,42.06,23017,94866143.0,4.17,-0.19,-0.08,2.85
