日期,股票代码,开盘,收盘,最高,最低,成交量,成交额,振幅,涨跌幅,涨跌额,换手率
2020-09-21,003006,7.93,9.52,9.52,7.93,1966,1865841.0,24.05,44.02,2.91,0.46
2020-09-22,003006,10.47,10.47,10.47,10.47,540,564919.0,0.0,9.98,0.95,0.13
2020-09-23,003006,11.52,11.52,11.52,11.52,283,325612.0,0.0,10.03,1.05,0.07
2020-09-24,003006,12.67,12.67,12.67,12.67,1515,1919023.0,0.0,9.98,1.15,0.35
2020-09-25,003006,13.94,13.94,13.94,13.94,1572,2191577.0,0.0,10.02,1.27,0.37
2020-09-28,003006,15.33,15.33,15.33,15.33,6983,10705245.0,0.0,9.97,1.39,1.63
2020-09-29,003006,16.86,16.86,16.86,16.86,4524,7627160.0,0.0,9.98,1.53,1.06
2020-09-30,003006,18.55,18.55,18.55,17.86,137464,254647341.0,4.09,10.02,1.69,32.13
2020-10-09,003006,19.48,18.66,20.41,17.74,278919,528745264.0,14.39,0.59,0.11,65.2
2020-10-12,003006,18.65,18.6,18.98,17.91,203102,372436880.0,5.73,-0.32,-0.06,47.48
2020-10-13,003006,18.6,19.2,19.28,18.29,194130,364102176.0,5.32,3.23,0.6,45.38
2020-10-14,003006,19.5,19.52,20.68,19.01,206542,406091648.0,8.7,1.67,0.32,48.28
2020-10-15,003006,18.22,17.57,18.48,17.57,162633,289956864.0,4.66,-9.99,-1.95,38.02
2020-10-16,003006,17.15,16.85,17.25,16.72,93969,159054784.0,3.02,-4.1,-0.72,21.97
2020-10-19,003006,16.68,16.94,17.26,16.6,67490,114162499.0,3.92,0.53,0.09,15.78
2020-10-20,003006,16.72,16.99,17.14,16.57,56471,95699044.0,3.36,0.3,0.05,13.2
2020-10-21,003006,17.2,17.41,18.11,17.01,114060,199967406.0,6.47,2.47,0.42,26.66
2020-10-22,003006,18.25,19.15,19.15,18.0,73261,137679955.0,6.61,9.99,1.74,17.13
2020-10-23,003006,19.7,18.22,19.99,18.12,182286,344024688.0,9.77,-4.86,-0.93,42.61
2020-10-26,003006,18.23,17.75,18.76,17.45,95228,171839996.0,7.19,-2.58,-0.47,22.26
2020-10-27,003006,17.75,17.35,18.07,17.17,73293,127977368.0,5.07,-2.25,-0.4,17.13
2020-10-28,003006,17.35,17.68,17.84,17.21,63342,111445036.0,3.63,1.9,0.33,14.81
2020-10-29,003006,17.25,18.71,19.45,17.25,156268,292098768.0,12.44,5.83,1.03,36.53
2020-10-30,003006,18.88,19.31,19.55,18.53,134077,255493580.0,5.45,3.21,0.6,31.34
2020-11-02,003006,19.02,20.45,21.24,18.49,150248,293643040.0,14.24,5.9,1.14,35.12
2020-11-03,003006,19.81,20.19,20.99,19.6,118118,238405185.0,6.8,-1.27,-0.26,27.61
2020-11-04,003006,19.98,19.34,20.13,19.21,85249,167382269.0,4.56,-4.21,-0.85,19.93
2020-11-05,003006,19.41,19.49,19.94,19.19,68284,133857629.0,3.88,0.78,0.15,15.96
2020-11-06,003006,19.36,19.88,20.56,19.32,80257,159820133.0,6.36,2.0,0.39,18.76
2020-11-09,003006,19.55,20.97,21.48,19.52,93948,193770064.0,9.86,5.48,1.09,21.96
2020-11-10,003006,20.85,21.71,22.04,20.27,118503,251638162.0,8.44,3.53,0.74,27.7
2020-11-11,003006,21.32,21.22,21.76,20.77,80499,171029130.0,4.56,-2.26,-0.49,18.82
2020-11-12,003006,21.0,21.01,21.45,20.35,52754,109981163.0,5.18,-0.99,-0.21,12.33
2020-11-13,003006,21.01,21.55,21.55,20.8,54837,116224951.0,3.57,2.57,0.54,12.82
2020-11-16,003006,21.42,20.23,22.21,20.13,106911,225966564.0,9.65,-6.13,-1.32,24.99
2020-11-17,003006,19.92,19.84,20.44,19.39,65197,129048621.0,5.19,-1.93,-0.39,15.24
2020-11-18,003006,19.91,20.44,20.5,19.78,46774,94246996.0,3.63,3.02,0.6,10.93
2020-11-19,003006,20.29,20.07,20.8,19.72,52202,104704807.0,5.28,-1.81,-0.37,12.2
2020-11-20,003006,20.0,20.48,20.66,19.89,51881,105401507.0,3.84,2.04,0.41,12.13
2020-11-23,003006,20.52,21.84,21.96,20.25,77144,163508486.0,8.35,6.64,1.36,18.03
2020-11-24,003006,21.51,21.67,21.85,21.27,41677,89929335.0,2.66,-0.78,-0.17,9.74
2020-11-25,003006,21.8,21.44,22.95,21.44,78667,173820890.0,6.97,-1.06,-0.23,18.39
2020-11-26,003006,21.26,21.78,21.9,21.2,42419,91427443.0,3.26,1.59,0.34,9.92
2020-11-27,003006,21.58,21.4,22.0,20.97,38565,82745585.0,4.73,-1.74,-0.38,9.02
2020-11-30,003006,21.53,20.79,21.69,20.72,36838,77390701.0,4.53,-2.85,-0.61,8.61
2020-12-01,003006,20.7,20.6,20.97,20.37,32650,67261634.0,2.89,-0.91,-0.19,7.63
2020-12-02,003006,20.69,20.99,21.11,20.31,33644,69672066.0,3.88,1.89,0.39,7.86
2020-12-03,003006,20.8,20.62,20.99,20.44,25718,53189446.0,2.62,-1.76,-0.37,6.01
2020-12-04,003006,20.48,21.64,21.77,20.41,54953,116813128.0,6.6,4.95,1.02,12.85
2020-12-07,003006,21.67,22.4,22.72,21.45,52804,117438907.0,5.87,3.51,0.76,12.34
2020-12-08,003006,22.4,22.35,22.88,21.84,41813,93283245.0,4.64,-0.22,-0.05,9.77
2020-12-09,003006,22.48,21.4,22.87,21.38,34154,75194132.0,6.67,-4.25,-0.95,7.98
2020-12-10,003006,21.34,22.76,23.22,21.34,57146,127829526.0,8.79,6.36,1.36,13.36
2020-12-11,003006,22.61,22.69,23.3,22.31,52359,119235860.0,4.35,-0.31,-0.07,12.24
2020-12-14,003006,22.86,23.77,24.08,22.5,65871,154430103.0,6.96,4.76,1.08,15.4
2020-12-15,003006,23.46,24.83,25.83,23.3,87187,214743161.0,10.64,4.46,1.06,20.38
2020-12-16,003006,24.55,24.21,25.78,24.12,79458,196757237.0,6.69,-2.5,-0.62,18.57
2020-12-17,003006,24.35,25.72,26.38,24.09,76960,194373380.0,9.46,6.24,1.51,17.99
2020-12-18,003006,25.63,26.3,26.36,25.3,64288,166013243.0,4.12,2.26,0.58,15.03
2020-12-21,003006,26.45,28.9,28.93,26.16,83373,228448974.0,10.53,9.89,2.6,19.49
2020-12-22,003006,28.3,27.65,29.15,27.48,73884,208333830.0,5.78,-4.33,-1.25,17.27
2020-12-23,003006,27.35,25.1,28.86,24.89,111887,297130176.0,14.36,-9.22,-2.55,26.16
2020-12-24,003006,25.15,24.75,25.33,23.71,73282,180085163.0,6.45,-1.39,-0.35,17.13
2020-12-25,003006,24.35,24.75,25.2,23.89,48174,118805924.0,5.29,0.0,0.0,11.26
2020-12-28,003006,24.71,23.87,24.74,23.72,48466,117475947.0,4.12,-3.56,-0.88,11.33
2020-12-29,003006,23.88,23.9,24.5,21.6,60228,139479049.0,12.15,0.13,0.03,14.08
2020-12-30,003006,23.72,23.65,24.0,23.31,31267,74097642.0,2.89,-1.05,-0.25,7.31
2020-12-31,003006,23.66,25.15,25.33,23.36,43286,106389389.0,8.33,6.34,1.5,10.12
2021-01-04,003006,25.39,26.2,26.67,25.08,48190,125508121.0,6.32,4.17,1.05,11.27
2021-01-05,003006,26.33,26.21,27.1,25.92,37255,98001385.0,4.5,0.04,0.01,8.71
2021-01-06,003006,26.22,25.9,26.96,25.4,35715,93076643.0,5.95,-1.18,-0.31,8.35
2021-01-07,003006,25.66,24.15,25.69,24.0,49878,123063838.0,6.53,-6.76,-1.75,11.66
2021-01-08,003006,24.25,24.83,25.26,23.14,37628,92690267.0,8.78,2.82,0.68,8.8
2021-01-11,003006,24.6,23.78,24.75,23.66,26613,64211111.0,4.39,-4.23,-1.05,6.22
2021-01-12,003006,23.51,24.48,25.0,23.51,23729,57872942.0,6.27,2.94,0.7,5.55
2021-01-13,003006,24.36,23.09,24.67,23.0,26851,63417256.0,6.82,-5.68,-1.39,6.28
2021-01-14,003006,22.99,22.1,22.99,21.93,26972,60441095.0,4.59,-4.29,-0.99,6.31
2021-01-15,003006,21.92,22.45,22.8,21.8,16872,37685214.0,4.52,1.58,0.35,3.94
2021-01-18,003006,22.01,22.43,22.75,22.01,13540,30336777.0,3.3,-0.09,-0.02,3.17
2021-01-19,003006,22.43,22.63,23.33,22.22,18375,41833150.0,4.95,0.89,0.2,4.3
2021-01-20,003006,22.8,22.93,22.95,22.06,15970,35951687.0,3.93,1.33,0.3,3.73
2021-01-21,003006,22.8,22.02,22.97,21.88,38276,85437398.0,4.75,-3.97,-0.91,8.95
2021-01-22,003006,21.9,20.71,21.9,20.21,41948,87254571.0,7.67,-5.95,-1.31,9.81
2021-01-25,003006,20.51,19.88,20.51,19.69,28690,57265456.0,3.96,-4.01,-0.83,6.71
2021-01-26,003006,19.72,20.0,20.19,19.38,20624,41070098.0,4.07,0.6,0.12,4.82
2021-01-27,003006,19.8,19.18,20.0,19.11,19286,37680210.0,4.45,-4.1,-0.82,4.51
2021-01-28,003006,18.88,19.0,19.4,18.64,14716,28055357.0,3.96,-0.94,-0.18,3.44
2021-01-29,003006,19.0,18.07,19.18,17.7,23452,42736987.0,7.79,-4.89,-0.93,5.48
2021-02-01,003006,18.4,19.88,19.88,18.3,23758,45538940.0,8.74,10.02,1.81,5.55
2021-02-02,003006,20.28,21.5,21.83,20.28,59630,125952232.0,7.8,8.15,1.62,13.94
2021-02-03,003006,21.28,20.73,21.73,20.5,27988,58317934.0,5.72,-3.58,-0.77,6.54
2021-02-04,003006,20.46,19.61,20.79,19.4,36160,71944069.0,6.71,-5.4,-1.12,8.45
2021-02-05,003006,20.0,18.94,20.42,18.93,22509,43919206.0,7.6,-3.42,-0.67,5.26
2021-02-08,003006,18.9,18.4,19.87,17.8,33550,63168839.0,10.93,-2.85,-0.54,7.84
2021-02-09,003006,18.33,18.39,18.8,18.0,25547,46996266.0,4.35,-0.05,-0.01,5.97
2021-02-10,003006,18.38,18.4,18.77,18.08,24252,44552730.0,3.75,0.05,0.01,5.67
2021-02-18,003006,18.8,19.13,19.51,18.58,35396,67426397.0,5.05,3.97,0.73,8.27
2021-02-19,003006,19.14,20.33,21.04,18.62,55632,112907470.0,12.65,6.27,1.2,13.0
2021-02-22,003006,20.04,20.28,20.32,19.42,40618,80957106.0,4.43,-0.25,-0.05,9.5
2021-02-23,003006,20.02,21.42,21.9,19.71,58938,123227781.0,10.8,5.62,1.14,13.78
2021-02-24,003006,21.31,20.31,22.49,20.22,56785,121263938.0,10.6,-5.18,-1.11,13.27
2021-02-25,003006,20.5,20.13,20.65,19.61,26184,52438814.0,5.12,-0.89,-0.18,6.12
2021-02-26,003006,19.55,20.02,20.43,19.5,19453,38956300.0,4.62,-0.55,-0.11,4.55
2021-03-01,003006,20.14,20.37,20.78,20.12,18229,37165698.0,3.3,1.75,0.35,4.26
2021-03-02,003006,20.45,20.15,20.46,19.75,16498,32942434.0,3.49,-1.08,-0.22,3.86
2021-03-03,003006,20.15,20.33,20.52,19.85,15745,31899073.0,3.33,0.89,0.18,3.68
2021-03-04,003006,20.28,19.18,20.38,19.05,26079,50979779.0,6.54,-5.66,-1.15,6.1
2021-03-05,003006,19.16,20.23,20.3,18.92,25698,51014190.0,7.19,5.47,1.05,6.01
2021-03-08,003006,20.39,20.07,20.99,19.9,20252,41431009.0,5.39,-0.79,-0.16,4.73
2021-03-09,003006,19.9,19.3,19.9,19.12,15678,30552474.0,3.89,-3.84,-0.77,3.66
2021-03-10,003006,19.51,19.05,19.75,18.85,14380,27483205.0,4.66,-1.3,-0.25,3.36
2021-03-11,003006,18.95,19.2,19.26,18.81,7459,14242015.0,2.36,0.79,0.15,1.74
2021-03-12,003006,18.99,19.12,19.22,18.78,9339,17753381.0,2.29,-0.42,-0.08,2.18
2021-03-15,003006,19.1,18.73,19.1,18.47,11047,20677363.0,3.29,-2.04,-0.39,2.58
2021-03-16,003006,18.88,18.92,19.04,18.6,5961,11223735.0,2.35,1.01,0.19,1.39
2021-03-17,003006,18.92,19.28,19.32,18.63,9002,17142858.0,3.65,1.9,0.36,2.1
2021-03-18,003006,19.28,19.5,19.77,19.06,12357,24046278.0,3.68,1.14,0.22,2.89
2021-03-19,003006,19.16,19.97,20.24,19.0,21782,43160695.0,6.36,2.41,0.47,5.09
2021-03-22,003006,19.73,19.94,20.1,19.71,11502,22931670.0,1.95,-0.15,-0.03,2.69
2021-03-23,003006,19.94,19.13,19.98,19.09,13200,25595513.0,4.46,-4.06,-0.81,3.09
2021-03-24,003006,19.13,19.02,19.35,18.93,7939,15138784.0,2.2,-0.58,-0.11,1.86
2021-03-25,003006,18.99,19.22,19.28,18.9,6716,12852107.0,2.0,1.05,0.2,1.57
2021-03-26,003006,19.1,19.55,19.9,19.0,16297,31691923.0,4.68,1.72,0.33,3.81
2021-03-29,003006,19.57,21.51,21.51,19.38,31146,64830598.0,10.9,10.03,1.96,7.28
2021-03-30,003006,21.46,21.7,22.57,20.86,70279,152140737.0,7.95,0.88,0.19,16.43
2021-03-31,003006,21.22,21.71,21.85,20.71,38814,82266899.0,5.25,0.05,0.01,9.07
2021-04-01,003006,21.21,21.6,21.71,20.74,29971,63906100.0,4.47,-0.51,-0.11,7.01
2021-04-02,003006,21.68,22.58,22.94,21.21,65529,145391287.0,8.01,4.54,0.98,15.32
2021-04-06,003006,22.09,22.55,22.9,21.61,43449,97023037.0,5.71,-0.13,-0.03,10.16
2021-04-07,003006,22.28,23.43,24.81,21.82,71026,164462967.0,13.26,3.9,0.88,16.6
2021-04-08,003006,22.9,22.03,22.9,22.0,48644,108870246.0,3.84,-5.98,-1.4,11.37
2021-04-09,003006,22.35,23.4,23.59,21.95,61417,140563564.0,7.44,6.22,1.37,14.36
2021-04-12,003006,24.57,21.8,24.7,21.63,72169,162976438.0,13.12,-6.84,-1.6,16.87
2021-04-13,003006,21.6,21.0,21.68,20.66,35838,75651206.0,4.68,-3.67,-0.8,8.38
2021-04-14,003006,20.65,21.44,22.26,20.57,35942,77372693.0,8.05,2.1,0.44,8.4
2021-04-15,003006,22.8,22.53,23.58,22.43,105356,244337849.0,5.36,5.08,1.09,24.63
2021-04-16,003006,22.53,22.35,23.26,22.0,87701,198923173.0,5.59,-0.8,-0.18,20.5
2021-04-19,003006,22.0,21.54,22.33,21.3,62884,136848113.0,4.61,-3.62,-0.81,14.7
2021-04-20,003006,21.86,21.5,22.12,21.07,45915,99023546.0,4.87,-0.19,-0.04,10.73
2021-04-21,003006,21.25,21.94,22.15,21.1,41799,90565675.0,4.88,2.05,0.44,9.77
2021-04-22,003006,21.95,21.23,21.95,21.13,35427,75787333.0,3.74,-3.24,-0.71,8.28
2021-04-23,003006,21.24,20.52,21.24,20.38,32170,66479823.0,4.05,-3.34,-0.71,7.52
2021-04-26,003006,20.56,20.76,21.19,20.56,23255,48453052.0,3.07,1.17,0.24,5.44
2021-04-27,003006,20.91,22.84,22.84,20.81,65516,144261800.0,9.78,10.02,2.08,15.32
2021-04-28,003006,23.18,23.24,23.41,22.45,82434,189561855.0,4.2,1.75,0.4,19.27
2021-04-29,003006,23.19,23.48,23.87,23.01,65934,154271555.0,3.7,1.03,0.24,15.41
2021-04-30,003006,23.48,23.78,23.99,23.23,38354,90861415.0,3.24,1.28,0.3,8.97
2021-05-06,003006,23.88,23.75,24.24,23.45,31803,75421804.0,3.32,-0.13,-0.03,7.43
2021-05-07,003006,23.75,23.4,23.86,23.24,28311,66596594.0,2.61,-1.47,-0.35,6.62
2021-05-10,003006,23.68,24.01,24.4,23.5,32718,78287291.0,3.85,2.61,0.61,7.65
2021-05-11,003006,23.8,24.01,24.2,23.31,27129,64408950.0,3.71,0.0,0.0,6.34
2021-05-12,003006,23.81,25.27,25.76,23.7,39686,98550776.0,8.58,5.25,1.26,9.28
2021-05-13,003006,24.98,25.02,25.78,24.92,24343,61477312.0,3.4,-0.99,-0.25,5.69
2021-05-14,003006,25.22,26.44,26.75,25.06,37279,97222970.0,6.75,5.68,1.42,8.71
2021-05-17,003006,26.3,26.97,27.34,25.88,30957,82740702.0,5.52,2.0,0.53,7.24
2021-05-18,003006,26.97,27.46,27.6,26.43,27848,75360592.0,4.34,1.82,0.49,6.51
2021-05-19,003006,27.26,26.71,27.52,26.58,22932,61783435.0,3.42,-2.73,-0.75,5.36
2021-05-20,003006,26.16,25.75,27.35,25.55,45402,119074558.0,6.74,-3.59,-0.96,10.61
2021-05-21,003006,25.75,25.69,26.4,25.41,27075,70144132.0,3.84,-0.23,-0.06,6.33
2021-05-24,003006,25.68,25.95,26.78,25.62,25546,66559644.0,4.52,1.01,0.26,5.97
2021-05-25,003006,25.97,26.15,26.25,25.4,21100,54670298.0,3.28,0.77,0.2,4.93
2021-05-26,003006,25.9,28.19,28.5,25.9,44215,121376830.0,9.94,7.8,2.04,10.34
2021-05-27,003006,27.81,27.6,28.17,27.4,26883,74517108.0,2.73,-2.09,-0.59,6.28
2021-05-28,003006,27.53,27.6,28.03,27.22,17033,46435273.0,2.93,0.0,0.0,3.98
2021-05-31,003006,27.61,27.64,27.7,26.77,17483,47222561.0,3.37,0.14,0.04,4.09
2021-06-01,003006,28.8,26.88,29.32,26.73,48252,133344128.0,9.37,-2.75,-0.76,11.28
2021-06-02,003006,26.38,26.93,27.87,26.31,25268,67468323.0,5.8,0.19,0.05,5.91
2021-06-03,003006,26.68,26.98,27.96,26.5,22835,61639052.0,5.42,0.19,0.05,5.34
2021-06-04,003006,26.99,26.93,27.43,26.25,16665,44141629.0,4.37,-0.19,-0.05,3.9
2021-06-07,003006,27.1,28.13,28.18,26.77,26113,71826405.0,5.24,4.46,1.2,6.1
2021-06-08,003006,28.13,28.7,28.85,27.71,22857,64168170.0,4.05,2.03,0.57,5.34
2021-06-09,003006,28.49,27.92,28.53,27.31,16879,46598179.0,4.25,-2.72,-0.78,3.95
2021-06-10,003006,27.94,27.31,28.06,26.7,17608,47526166.0,4.87,-2.18,-0.61,4.12
2021-06-11,003006,27.2,26.6,27.69,26.47,18433,49091957.0,4.47,-2.6,-0.71,4.31
2021-06-15,003006,26.79,25.9,26.79,25.22,24379,62207753.0,5.9,-2.63,-0.7,5.7
2021-06-16,003006,25.98,25.09,26.45,25.02,16180,40961468.0,5.52,-3.13,-0.81,3.78
2021-06-17,003006,25.39,26.0,26.3,25.11,15206,38905715.0,4.74,3.63,0.91,3.55
2021-06-18,003006,26.26,26.15,26.76,25.87,11598,30210741.0,3.42,0.58,0.15,2.71
2021-06-21,003006,26.1,27.18,27.3,26.1,18035,48063651.0,4.59,3.94,1.03,4.22
2021-06-22,003006,27.18,26.72,27.57,26.64,11575,30855506.0,3.42,-1.69,-0.46,2.71
2021-06-23,003006,26.72,26.37,26.98,26.0,12865,33662209.0,3.67,-1.31,-0.35,3.01
2021-06-24,003006,26.59,25.65,26.59,25.41,10009,25427518.0,4.47,-2.73,-0.72,2.34
2021-06-25,003006,25.65,25.42,26.36,24.8,16628,42183490.0,6.08,-0.9,-0.23,3.89
2021-06-28,003006,25.41,25.51,25.81,25.34,9696,24444427.0,1.85,0.35,0.09,2.27
2021-06-29,003006,25.37,24.76,25.51,24.64,12570,31074874.0,3.41,-2.94,-0.75,2.94
2021-06-30,003006,24.97,24.0,24.97,23.6,15529,36906056.0,5.53,-3.07,-0.76,3.63
2021-07-01,003006,24.0,23.1,24.17,22.8,22293,51279857.0,5.71,-3.75,-0.9,5.21
2021-07-02,003006,23.1,22.86,23.6,22.63,13341,30463388.0,4.2,-1.04,-0.24,3.12
2021-07-05,003006,22.86,22.98,23.37,22.76,10299,23487694.0,2.67,0.52,0.12,2.41
2021-07-06,003006,23.09,22.35,23.25,22.1,20680,45901212.0,5.0,-2.74,-0.63,4.83
2021-07-07,003006,22.43,23.34,23.43,22.33,15248,34595684.0,4.92,4.43,0.99,3.56
2021-07-08,003006,23.4,21.97,23.57,21.9,35201,77871425.0,7.16,-5.87,-1.37,8.23
2021-07-09,003006,22.01,21.95,22.2,21.51,13706,29502106.0,3.14,-0.09,-0.02,3.2
2021-07-12,003006,22.21,22.62,22.66,21.9,15566,34375553.0,3.46,3.05,0.67,3.64
2021-07-13,003006,23.06,23.51,23.53,22.66,20654,47291336.0,3.85,3.93,0.89,4.83
2021-07-14,003006,23.5,22.84,23.5,22.84,17718,40395628.0,2.81,-2.85,-0.67,4.14
2021-07-15,003006,22.88,22.5,23.15,22.37,11329,25317541.0,3.42,-1.49,-0.34,2.65
2021-07-16,003006,22.49,22.62,22.87,22.11,11173,24797432.0,3.38,0.53,0.12,2.61
2021-07-19,003006,22.53,22.74,22.8,22.06,10893,24119920.0,3.27,0.53,0.12,2.55
2021-07-20,003006,22.45,23.16,23.25,22.29,11838,26735612.0,4.22,1.85,0.42,2.77
2021-07-21,003006,23.56,23.45,24.23,23.43,19803,46407038.0,3.45,1.25,0.29,4.63
2021-07-22,003006,23.41,22.74,23.47,22.5,16605,37405700.0,4.14,-3.03,-0.71,3.88
2021-07-23,003006,22.56,22.15,22.7,22.01,12515,27539264.0,3.03,-2.59,-0.59,2.93
2021-07-26,003006,22.2,21.22,22.2,20.81,17077,36076262.0,6.28,-4.2,-0.93,3.99
2021-07-27,003006,21.05,20.86,21.63,20.81,10405,21814412.0,3.86,-1.7,-0.36,2.43
2021-07-28,003006,21.16,21.46,21.57,20.01,17264,35828531.0,7.48,2.88,0.6,4.04
2021-07-29,003006,22.2,22.5,22.96,21.83,27386,60645800.0,5.27,4.85,1.04,6.4
2021-07-30,003006,22.29,22.69,23.07,21.9,18138,40548355.0,5.2,0.84,0.19,4.24
2021-08-02,003006,22.26,22.69,22.97,21.91,17953,39836298.0,4.67,0.0,0.0,4.2
2021-08-03,003006,23.29,23.91,24.03,22.85,37913,88022634.0,5.2,5.38,1.22,8.86
2021-08-04,003006,24.17,25.55,26.01,23.96,59674,146789984.0,8.57,6.86,1.64,13.95
2021-08-05,003006,25.3,26.72,27.41,24.99,59533,154212458.0,9.47,4.58,1.17,13.92
2021-08-06,003006,26.24,25.3,26.54,24.78,53781,134378905.0,6.59,-5.31,-1.42,12.57
2021-08-09,003006,25.21,25.15,25.84,24.33,32783,81283673.0,5.97,-0.59,-0.15,7.66
2021-08-10,003006,24.83,25.38,25.44,24.41,35934,88290620.0,4.1,0.91,0.23,8.4
2021-08-11,003006,25.39,25.18,25.47,24.9,25950,64389539.0,2.25,-0.79,-0.2,6.07
2021-08-12,003006,25.47,25.32,26.45,25.22,34560,88015860.0,4.88,0.56,0.14,8.08
2021-08-13,003006,25.25,26.42,26.79,25.25,39777,103243596.0,6.08,4.34,1.1,9.3
2021-08-16,003006,27.01,26.43,27.4,26.22,43801,116507891.0,4.47,0.04,0.01,10.24
2021-08-17,003006,26.14,27.12,27.74,25.82,45079,120722526.0,7.26,2.61,0.69,10.54
2021-08-18,003006,26.78,26.78,27.6,26.05,37780,99984312.0,5.72,-1.25,-0.34,8.83
2021-08-19,003006,26.32,26.2,27.19,26.01,23963,62597960.0,4.41,-2.17,-0.58,5.6
2021-08-20,003006,26.21,26.58,26.63,25.21,24778,63967426.0,5.42,1.45,0.38,5.79
2021-08-23,003006,26.61,26.91,27.25,26.2,24187,64242117.0,3.95,1.24,0.33,5.65
2021-08-24,003006,26.86,26.54,27.08,26.41,21787,57517135.0,2.49,-1.37,-0.37,5.09
2021-08-25,003006,26.28,25.94,26.47,25.7,24385,62647172.0,2.9,-2.26,-0.6,5.7
2021-08-26,003006,25.54,25.19,26.25,25.1,20135,51014605.0,4.43,-2.89,-0.75,4.71
2021-08-27,003006,25.17,25.52,25.65,24.9,13996,35107850.0,2.98,1.31,0.33,3.27
2021-08-30,003006,25.47,26.13,26.5,25.11,25696,65735500.0,5.45,2.39,0.61,6.01
2021-08-31,003006,25.88,23.55,26.05,23.55,35749,85527407.0,9.57,-9.87,-2.58,8.36
2021-09-01,003006,23.1,23.05,23.45,22.02,30592,68839175.0,6.07,-2.12,-0.5,7.15
2021-09-02,003006,23.0,22.48,23.2,22.4,19003,42600100.0,3.47,-2.47,-0.57,4.44
2021-09-03,003006,22.48,22.86,22.96,22.16,13946,31201959.0,3.56,1.69,0.38,3.26
2021-09-06,003006,22.71,23.18,23.37,22.24,16275,36726717.0,4.94,1.4,0.32,3.8
2021-09-07,003006,23.17,22.83,23.27,22.61,15242,34414983.0,2.85,-1.51,-0.35,3.56
2021-09-08,003006,22.9,22.69,22.9,22.48,13060,29184260.0,1.84,-0.61,-0.14,3.05
2021-09-09,003006,22.75,21.9,22.78,21.65,23901,52051224.0,4.98,-3.48,-0.79,5.59
2021-09-10,003006,21.89,22.03,22.22,21.58,16540,35724015.0,2.92,0.59,0.13,3.87
2021-09-13,003006,22.05,21.36,22.05,21.23,16482,34973169.0,3.72,-3.04,-0.67,3.85
2021-09-14,003006,21.52,21.21,21.6,21.2,13916,29362556.0,1.87,-0.7,-0.15,3.25
2021-09-15,003006,21.21,21.09,21.32,20.69,14569,29978804.0,2.97,-0.57,-0.12,3.41
2021-09-16,003006,21.0,20.36,21.26,20.3,16456,33485340.0,4.55,-3.46,-0.73,3.85
2021-09-17,003006,20.36,21.11,21.2,19.5,31733,63539714.0,8.35,3.68,0.75,7.42
2021-09-22,003006,20.3,19.44,20.68,19.03,37863,72693742.0,7.82,-7.91,-1.67,1.76
2021-09-23,003006,19.3,20.13,20.68,19.3,38210,75633305.0,7.1,3.55,0.69,1.77
2021-09-24,003006,20.13,19.64,20.13,19.3,24162,46734264.0,4.12,-2.43,-0.49,1.12
2021-09-27,003006,19.72,19.66,19.99,19.42,17992,34831356.0,2.9,0.1,0.02,0.84
2021-09-28,003006,19.5,19.72,20.1,19.4,14684,28548787.0,3.56,0.31,0.06,0.68
2021-09-29,003006,19.6,19.25,19.78,19.21,13561,25998695.0,2.89,-2.38,-0.47,0.63
2021-09-30,003006,19.1,19.36,19.62,19.1,7963,15184828.0,2.7,0.57,0.11,0.37
2021-10-08,003006,19.6,20.03,20.27,19.41,15361,30102253.0,4.44,3.46,0.67,0.71
2021-10-11,003006,20.05,20.33,20.49,20.04,13411,26824341.0,2.25,1.5,0.3,0.62
2021-10-12,003006,20.5,20.45,20.6,19.93,18782,37573690.0,3.3,0.59,0.12,0.87
2021-10-13,003006,20.45,20.75,20.85,20.27,16694,33926198.0,2.84,1.47,0.3,0.77
2021-10-14,003006,20.78,20.81,21.04,20.6,12339,25300761.0,2.12,0.29,0.06,0.57
2021-10-15,003006,20.79,20.41,20.82,20.2,19881,40097322.0,2.98,-1.92,-0.4,0.92
2021-10-18,003006,19.59,20.17,20.4,19.3,24130,46908612.0,5.39,-1.18,-0.24,1.12
2021-10-19,003006,20.14,20.2,20.35,19.83,10391,20632369.0,2.58,0.15,0.03,0.48
2021-10-20,003006,20.18,19.88,20.48,19.87,11759,23190615.0,3.02,-1.58,-0.32,0.55
2021-10-21,003006,19.87,19.57,19.97,19.34,16380,31560833.0,3.17,-1.56,-0.31,0.76
2021-10-22,003006,19.56,19.59,19.96,19.45,14493,28090764.0,2.61,0.1,0.02,0.67
2021-10-25,003006,19.51,19.52,19.78,19.06,15013,28768821.0,3.68,-0.36,-0.07,0.7
2021-10-26,003006,19.54,19.54,19.8,19.35,15405,29626652.0,2.31,0.1,0.02,0.71
2021-10-27,003006,19.46,17.79,19.46,17.62,47800,85516311.0,9.42,-8.96,-1.75,2.22
2021-10-28,003006,17.64,17.58,18.01,17.28,15754,27435469.0,4.1,-1.18,-0.21,0.73
2021-10-29,003006,17.59,18.32,18.55,17.55,22265,39750409.0,5.69,4.21,0.74,1.03
2021-11-01,003006,18.32,18.22,18.43,18.02,18613,33351446.0,2.24,-0.55,-0.1,0.86
2021-11-02,003006,18.11,18.13,18.6,17.84,16156,29026596.0,4.17,-0.49,-0.09,0.75
2021-11-03,003006,18.4,18.18,18.4,17.93,9833,17535583.0,2.59,0.28,0.05,0.46
2021-11-04,003006,18.24,18.34,18.36,18.02,12660,22700378.0,1.87,0.88,0.16,0.59
2021-11-05,003006,18.59,18.2,18.97,18.12,25298,46181301.0,4.63,-0.76,-0.14,1.17
2021-11-08,003006,18.3,18.19,18.46,17.83,15929,28370359.0,3.46,-0.05,-0.01,0.74
2021-11-09,003006,18.23,18.1,18.23,17.72,15384,27178887.0,2.8,-0.49,-0.09,0.71
2021-11-10,003006,18.07,18.0,18.2,17.8,10032,17731027.0,2.21,-0.55,-0.1,0.47
2021-11-11,003006,18.1,17.96,18.1,17.8,10705,18870279.0,1.67,-0.22,-0.04,0.5
2021-11-12,003006,17.96,17.85,17.99,17.82,10684,18791052.0,0.95,-0.61,-0.11,0.5
2021-11-15,003006,17.9,18.38,18.48,17.85,27937,50216231.0,3.53,2.97,0.53,1.3
2021-11-16,003006,18.33,18.01,18.49,17.9,22415,40105872.0,3.21,-2.01,-0.37,1.04
2021-11-17,003006,18.03,17.8,18.1,17.72,19749,34681379.0,2.11,-1.17,-0.21,0.92
2021-11-18,003006,17.8,17.44,17.85,17.35,29193,50309034.0,2.81,-2.02,-0.36,1.35
2021-11-19,003006,17.37,17.15,17.51,17.01,36042,60662314.0,2.87,-1.66,-0.29,1.67
2021-11-22,003006,17.15,17.41,17.6,17.06,34374,58416401.0,3.15,1.52,0.26,1.6
2021-11-23,003006,17.3,17.3,17.42,17.11,21805,36961588.0,1.78,-0.63,-0.11,1.01
2021-11-24,003006,17.39,17.89,17.9,16.96,73157,125823116.0,5.43,3.41,0.59,3.4
2021-11-25,003006,17.89,17.46,18.01,17.32,46805,80863375.0,3.86,-2.4,-0.43,2.17
2021-11-26,003006,17.28,17.5,17.63,17.27,24436,41864312.0,2.06,0.23,0.04,1.13
2021-11-29,003006,17.25,17.26,17.36,17.12,18042,30528559.0,1.37,-1.37,-0.24,0.84
2021-11-30,003006,17.26,17.28,17.39,17.18,16990,28829197.0,1.22,0.12,0.02,0.79
2021-12-01,003006,17.78,18.98,18.98,17.78,135300,247914854.0,6.94,9.84,1.7,6.28
2021-12-02,003006,19.58,18.49,19.9,18.41,120789,225197788.0,7.85,-2.58,-0.49,5.61
2021-12-03,003006,18.53,18.29,18.7,18.15,57474,103615995.0,2.97,-1.08,-0.2,2.67
2021-12-06,003006,18.41,18.39,18.65,18.1,45081,81526104.0,3.01,0.55,0.1,2.09
2021-12-07,003006,18.51,18.73,18.76,18.12,49360,89658025.0,3.48,1.85,0.34,2.29
2021-12-08,003006,18.69,18.65,18.69,18.33,34189,62242582.0,1.92,-0.43,-0.08,1.59
2021-12-09,003006,18.7,18.65,19.07,18.51,38628,71252233.0,3.0,0.0,0.0,1.79
2021-12-10,003006,18.48,18.84,18.95,18.42,38159,70254471.0,2.84,1.02,0.19,1.77
2021-12-13,003006,18.9,19.1,19.31,18.76,37732,70738171.0,2.92,1.38,0.26,1.75
2021-12-14,003006,19.13,18.96,19.16,18.73,26922,50045858.0,2.25,-0.73,-0.14,1.25
2021-12-15,003006,18.83,18.66,18.9,18.6,21334,39284542.0,1.58,-1.58,-0.3,0.99
2021-12-16,003006,18.55,18.68,18.77,18.33,28341,51435526.0,2.36,0.11,0.02,1.32
2021-12-17,003006,18.52,18.4,18.55,18.34,14160,25658945.0,1.12,-1.5,-0.28,0.66
2021-12-20,003006,18.35,17.9,18.35,17.85,18729,33206693.0,2.72,-2.72,-0.5,0.87
2021-12-21,003006,17.81,17.95,18.06,17.81,14588,25761629.0,1.4,0.28,0.05,0.68
2021-12-22,003006,18.02,18.19,18.25,17.95,17150,30517778.0,1.67,1.34,0.24,0.8
2021-12-23,003006,18.24,17.87,18.25,17.83,15684,27636898.0,2.31,-1.76,-0.32,0.73
2021-12-24,003006,17.89,17.64,17.94,17.53,12886,22359963.0,2.29,-1.29,-0.23,0.6
2021-12-27,003006,17.61,17.96,18.05,17.44,11249,19682154.0,3.46,1.81,0.32,0.52
2021-12-28,003006,18.1,18.17,18.23,17.8,17476,31040292.0,2.39,1.17,0.21,0.81
2021-12-29,003006,18.13,18.12,18.29,18.0,10570,18831817.0,1.6,-0.28,-0.05,0.49
2021-12-30,003006,18.1,18.37,18.49,18.1,18926,34135448.0,2.15,1.38,0.25,0.88
2021-12-31,003006,18.48,18.23,18.49,18.19,11540,20812721.0,1.63,-0.76,-0.14,0.54
2022-01-04,003006,18.25,19.1,19.34,18.1,47456,88199276.0,6.8,4.77,0.87,2.2
2022-01-05,003006,19.09,18.91,19.15,18.67,27204,50492993.0,2.51,-0.99,-0.19,1.26
2022-01-06,003006,18.91,18.83,18.98,18.75,18456,34221359.0,1.22,-0.42,-0.08,0.86
2022-01-07,003006,18.85,18.54,18.98,18.4,24144,44508759.0,3.08,-1.54,-0.29,1.12
2022-01-10,003006,18.48,18.88,18.9,18.41,16102,29681271.0,2.64,1.83,0.34,0.75
2022-01-11,003006,19.16,18.49,19.19,18.45,24448,45300349.0,3.92,-2.07,-0.39,1.13
2022-01-12,003006,18.76,18.97,19.35,18.46,38014,71053000.0,4.81,2.6,0.48,1.76
2022-01-13,003006,19.02,18.69,19.02,18.6,16765,30878372.0,2.21,-1.48,-0.28,0.78
2022-01-14,003006,18.5,18.42,18.77,18.4,15009,27406189.0,1.98,-1.44,-0.27,0.7
2022-01-17,003006,18.42,18.25,18.69,18.07,22177,39894948.0,3.37,-0.92,-0.17,1.03
2022-01-18,003006,18.25,17.87,18.47,17.8,19848,35157219.0,3.67,-2.08,-0.38,0.92
2022-01-19,003006,17.82,18.0,18.14,17.81,12281,21677918.0,1.85,0.73,0.13,0.57
2022-01-20,003006,17.99,17.48,17.99,17.4,20425,35347779.0,3.28,-2.89,-0.52,0.95
2022-01-21,003006,17.5,17.68,17.99,17.38,15918,27613237.0,3.49,1.14,0.2,0.74
2022-01-24,003006,17.61,17.46,17.75,17.4,10454,18002340.0,1.98,-1.24,-0.22,0.49
2022-01-25,003006,17.49,15.92,17.58,15.83,36441,58946644.0,10.02,-8.82,-1.54,1.69
2022-01-26,003006,15.96,16.1,16.54,15.85,16539,26174902.0,4.33,1.13,0.18,0.77
2022-01-27,003006,16.14,15.38,16.21,15.3,16666,25567795.0,5.65,-4.47,-0.72,0.77
2022-01-28,003006,15.64,15.67,15.87,15.41,13852,21244583.0,2.99,1.89,0.29,0.64
2022-02-07,003006,15.77,15.8,16.3,15.74,15999,24973905.0,3.57,0.83,0.13,0.74
2022-02-08,003006,15.8,15.94,16.0,15.68,13358,20821681.0,2.03,0.89,0.14,0.62
2022-02-09,003006,15.98,15.98,16.13,15.88,19174,30063980.0,1.57,0.25,0.04,0.89
2022-02-10,003006,16.08,15.7,16.08,15.62,20845,32201308.0,2.88,-1.75,-0.28,0.97
2022-02-11,003006,15.61,15.4,15.66,15.39,20964,31835401.0,1.72,-1.91,-0.3,0.97
2022-02-14,003006,15.07,15.39,15.55,15.07,20757,31178393.0,3.12,-0.06,-0.01,0.96
2022-02-15,003006,15.39,15.54,15.59,15.23,15205,23057155.0,2.34,0.97,0.15,0.71
2022-02-16,003006,15.69,15.8,15.89,15.53,18713,28908787.0,2.32,1.67,0.26,0.87
2022-02-17,003006,15.81,15.66,15.81,15.61,17105,26331473.0,1.27,-0.89,-0.14,0.79
2022-02-18,003006,15.6,15.74,15.75,15.56,11998,18404037.0,1.21,0.51,0.08,0.56
2022-02-21,003006,15.69,15.9,16.03,15.63,19550,30359963.0,2.54,1.02,0.16,0.91
2022-02-22,003006,15.8,15.5,16.05,15.36,24201,37329706.0,4.34,-2.52,-0.4,1.12
2022-02-23,003006,15.58,15.69,15.75,15.5,13869,21305399.0,1.61,1.23,0.19,0.64
2022-02-24,003006,15.64,15.15,15.85,14.96,29513,44341622.0,5.67,-3.44,-0.54,1.37
2022-02-25,003006,15.19,15.32,15.54,15.19,17055,25700487.0,2.31,1.12,0.17,0.79
2022-02-28,003006,15.41,15.42,15.44,15.01,13922,20751357.0,2.81,0.65,0.1,0.65
2022-03-01,003006,15.4,15.48,15.51,15.32,9359,14160376.0,1.23,0.39,0.06,0.43
2022-03-02,003006,15.48,15.51,15.56,15.38,11024,16754722.0,1.16,0.19,0.03,0.51
2022-03-03,003006,15.52,15.54,15.75,15.44,17316,26455332.0,2.0,0.19,0.03,0.8
2022-03-04,003006,15.52,15.9,16.12,15.45,33103,51624746.0,4.31,2.32,0.36,1.54
2022-03-07,003006,15.96,16.9,16.93,15.83,71736,116108246.0,6.92,6.29,1.0,3.33
2022-03-08,003006,16.59,15.76,16.59,15.31,51796,80643713.0,7.57,-6.75,-1.14,2.4
2022-03-09,003006,15.49,14.98,15.49,14.56,43925,64808323.0,5.9,-4.95,-0.78,2.04
2022-03-10,003006,15.3,15.09,15.78,15.0,36077,54299317.0,5.21,0.73,0.11,1.67
2022-03-11,003006,14.77,15.1,15.21,14.5,26362,38402928.0,4.71,0.07,0.01,1.22
2022-03-14,003006,15.03,14.42,15.13,14.38,20387,29412092.0,4.97,-4.5,-0.68,0.95
2022-03-15,003006,14.33,13.31,14.33,13.27,33158,44637564.0,7.35,-7.7,-1.11,1.54
2022-03-16,003006,13.58,13.71,13.72,13.1,27977,36765444.0,4.66,3.01,0.4,1.3
2022-03-17,003006,13.83,13.87,14.09,13.74,29859,40658192.0,2.55,1.17,0.16,1.39
2022-03-18,003006,13.86,13.65,13.96,13.56,21525,28754625.0,2.88,-1.59,-0.22,1.0
2022-03-21,003006,13.62,13.48,13.73,13.27,29029,38215624.0,3.37,-1.25,-0.17,1.35
2022-03-22,003006,13.48,13.4,13.61,13.1,26453,34453420.0,3.78,-0.59,-0.08,1.23
2022-03-23,003006,13.42,13.45,13.61,13.37,19991,26335933.0,1.79,0.37,0.05,0.93
2022-03-24,003006,13.41,13.2,13.41,13.16,15704,20340476.0,1.86,-1.86,-0.25,0.73
2022-03-25,003006,13.21,13.35,13.52,13.21,17948,23467490.0,2.35,1.14,0.15,0.83
2022-03-28,003006,13.34,13.33,13.47,12.79,26739,34335440.0,5.09,-0.15,-0.02,1.24
2022-03-29,003006,13.56,13.61,13.77,13.36,35843,47628236.0,3.08,2.1,0.28,1.66
2022-03-30,003006,13.66,13.68,13.79,13.5,23584,31381072.0,2.13,0.51,0.07,1.09
2022-03-31,003006,13.78,13.5,13.78,13.49,20183,26926344.0,2.12,-1.32,-0.18,0.94
2022-04-01,003006,13.51,13.36,13.51,13.21,18815,24539017.0,2.22,-1.04,-0.14,0.87
2022-04-06,003006,13.36,13.42,13.55,13.29,13113,17221668.0,1.95,0.45,0.06,0.61
2022-04-07,003006,13.37,13.07,13.5,13.05,15313,19857742.0,3.35,-2.61,-0.35,0.71
2022-04-08,003006,13.18,12.68,13.18,12.62,17284,21575951.0,4.28,-2.98,-0.39,0.8
2022-04-11,003006,12.67,12.31,12.8,12.21,19554,23814855.0,4.65,-2.92,-0.37,0.91
2022-04-12,003006,12.29,12.51,12.59,12.13,16042,19328771.0,3.74,1.62,0.2,0.74
2022-04-13,003006,12.48,12.28,12.52,12.09,16595,19892378.0,3.44,-1.84,-0.23,0.77
2022-04-14,003006,12.31,12.33,12.46,12.19,19674,23655511.0,2.2,0.41,0.05,0.91
2022-04-15,003006,12.33,12.26,12.63,12.16,18800,22666036.0,3.81,-0.57,-0.07,0.87
2022-04-18,003006,12.26,12.29,12.32,11.92,12041,14258674.0,3.26,0.24,0.03,0.56
2022-04-19,003006,12.34,12.46,12.49,12.2,11312,13697613.0,2.36,1.38,0.17,0.52
2022-04-20,003006,12.57,12.58,12.89,12.47,19333,23995970.0,3.37,0.96,0.12,0.9
2022-04-21,003006,12.26,11.75,12.52,11.5,38271,44825936.0,8.11,-6.6,-0.83,1.78
2022-04-22,003006,11.69,11.54,11.75,11.26,28937,32375617.0,4.17,-1.79,-0.21,1.34
2022-04-25,003006,11.53,10.51,11.53,10.48,25516,27036027.0,9.1,-8.93,-1.03,1.18
2022-04-26,003006,10.48,10.07,10.68,10.05,24481,24611555.0,5.99,-4.19,-0.44,1.14
2022-04-27,003006,10.0,10.24,10.26,9.75,25489,24699146.0,5.06,1.69,0.17,1.18
2022-04-28,003006,10.14,9.86,10.33,9.71,29893,27930301.0,6.05,-3.71,-0.38,1.39
2022-04-29,003006,9.94,10.51,10.59,9.94,27362,26647331.0,6.59,6.59,0.65,1.27
2022-05-05,003006,10.41,10.71,10.8,10.22,20562,20564094.0,5.52,1.9,0.2,0.95
2022-05-06,003006,10.49,10.76,10.98,10.4,17659,17947584.0,5.42,0.47,0.05,0.82
2022-05-09,003006,10.93,11.04,11.19,10.66,22254,23170859.0,4.93,2.6,0.28,1.03
2022-05-10,003006,10.92,10.99,11.06,10.82,19750,20426605.0,2.17,-0.45,-0.05,0.92
2022-05-11,003006,11.16,11.03,11.36,11.01,24833,26352139.0,3.18,0.36,0.04,1.15
2022-05-12,003006,10.95,11.03,11.15,10.85,13763,14304711.0,2.72,0.0,0.0,0.64
2022-05-13,003006,11.04,11.01,11.23,10.86,11544,12027545.0,3.35,-0.18,-0.02,0.54
2022-05-16,003006,11.09,11.01,11.26,10.95,13207,13843864.0,2.82,0.0,0.0,0.61
2022-05-17,003006,10.98,10.86,10.99,10.67,16006,16358808.0,2.91,-1.36,-0.15,0.74
2022-05-18,003006,10.86,10.92,11.04,10.84,10798,11177122.0,1.84,0.55,0.06,0.5
2022-05-19,003006,10.84,11.13,11.14,10.8,19834,20644260.0,3.11,1.92,0.21,0.92
2022-05-20,003006,11.14,11.22,11.32,11.03,14430,15303088.0,2.61,0.81,0.09,0.67
2022-05-23,003006,11.3,11.18,11.31,11.15,14389,15291740.0,1.43,-0.36,-0.04,0.67
2022-05-24,003006,11.19,10.68,11.33,10.62,24889,25871834.0,6.35,-4.47,-0.5,1.16
2022-05-25,003006,10.6,10.73,10.87,10.6,18163,18410162.0,2.53,0.47,0.05,0.84
2022-05-26,003006,10.77,10.83,11.24,10.52,39829,40649174.0,6.71,0.93,0.1,1.85
2022-05-27,003006,10.9,11.02,11.1,10.77,30604,31762875.0,3.05,1.75,0.19,1.42
2022-05-30,003006,11.06,11.25,11.26,10.97,23943,25221364.0,2.63,2.09,0.23,1.11
2022-05-31,003006,11.14,11.38,11.38,11.1,20916,22307167.0,2.49,1.16,0.13,0.97
2022-06-01,003006,11.35,11.49,11.62,11.26,21086,22893297.0,3.16,0.97,0.11,0.98
2022-06-02,003006,11.58,11.81,11.82,11.23,27939,30697583.0,5.13,2.79,0.32,1.3
2022-06-06,003006,11.76,12.04,12.15,11.67,25624,29072981.0,4.06,1.95,0.23,1.19
2022-06-07,003006,12.05,12.02,12.17,11.78,20100,22811581.0,3.24,-0.17,-0.02,0.93
2022-06-08,003006,12.02,11.83,12.13,11.63,17382,19597980.0,4.16,-1.58,-0.19,0.81
2022-06-09,003006,11.73,11.51,11.78,11.46,16532,18187590.0,2.7,-2.7,-0.32,0.77
2022-06-10,003006,11.52,11.6,11.73,11.48,23298,25577204.0,2.17,0.78,0.09,1.08
2022-06-13,003006,11.52,11.9,12.7,11.47,102573,119585676.0,10.6,2.59,0.3,4.76
2022-06-14,003006,11.73,11.37,11.75,11.03,81999,87956144.0,6.05,-4.45,-0.53,3.81
2022-06-15,003006,11.39,11.63,12.27,11.39,78419,87773276.0,7.74,2.29,0.26,3.64
2022-06-16,003006,11.73,12.73,12.73,11.63,65189,76890392.0,9.46,9.46,1.1,3.03
2022-06-17,003006,12.59,13.32,13.55,12.41,162954,202097738.0,8.96,4.63,0.59,7.56
2022-06-20,003006,13.03,12.79,13.05,12.61,95801,116904283.0,3.3,-3.98,-0.53,4.45
2022-06-21,003006,12.75,12.82,12.9,12.62,60415,73390770.0,2.19,0.23,0.03,2.8
2022-06-22,003006,12.68,12.37,12.81,12.32,60805,72182406.0,3.82,-3.51,-0.45,2.82
2022-06-23,003006,12.35,12.54,12.54,12.1,54223,63521491.0,3.56,1.37,0.17,2.52
2022-06-24,003006,12.49,12.45,12.66,12.38,42855,51016182.0,2.23,-0.72,-0.09,1.99
2022-06-27,003006,12.5,12.68,12.69,12.45,52980,63420718.0,1.93,1.85,0.23,2.46
2022-06-28,003006,12.72,12.63,12.72,12.34,45841,54715615.0,3.0,-0.39,-0.05,2.13
2022-06-29,003006,12.61,12.33,12.68,12.21,35420,41978262.0,3.72,-2.38,-0.3,1.64
2022-06-30,003006,12.34,12.94,13.2,12.33,86534,105966135.0,7.06,4.95,0.61,4.02
2022-07-01,003006,12.95,12.71,13.15,12.64,41121,50020948.0,3.94,-1.78,-0.23,1.91
2022-07-04,003006,12.64,12.68,12.8,12.51,32158,38863854.0,2.28,-0.24,-0.03,1.49
2022-07-05,003006,12.7,12.44,12.74,12.25,30811,36468125.0,3.86,-1.89,-0.24,1.43
2022-07-06,003006,12.5,12.52,12.57,12.3,27363,32436612.0,2.17,0.64,0.08,1.27
2022-07-07,003006,12.45,12.25,12.66,12.23,24792,29095680.0,3.43,-2.16,-0.27,1.15
2022-07-08,003006,12.26,12.06,12.45,12.05,27217,31653047.0,3.27,-1.55,-0.19,1.26
2022-07-11,003006,12.06,11.95,12.14,11.79,31082,35110323.0,2.9,-0.91,-0.11,1.44
2022-07-12,003006,11.96,11.45,12.0,11.4,39971,44031229.0,5.02,-4.18,-0.5,1.86
2022-07-13,003006,11.58,11.71,11.74,11.42,15899,17480619.52,2.79,2.27,0.26,0.74
2022-07-14,003006,11.69,11.65,11.78,11.61,14487,16072575.12,1.45,-0.51,-0.06,0.67
2022-07-15,003006,11.71,11.47,11.74,11.41,18559,20390498.75,2.83,-1.55,-0.18,0.86
2022-07-18,003006,11.48,11.83,11.88,11.48,22440,25022882.18,3.49,3.14,0.36,1.04
2022-07-19,003006,11.85,11.76,11.96,11.61,25849,28829531.68,2.96,-0.59,-0.07,1.2
2022-07-20,003006,11.83,11.99,12.0,11.74,25026,28327908.1,2.21,1.96,0.23,1.16
2022-07-21,003006,12.07,11.89,12.09,11.86,16429,18644973.21,1.92,-0.83,-0.1,0.76
2022-07-22,003006,11.86,11.68,12.02,11.6,19451,21701777.12,3.53,-1.77,-0.21,0.9
2022-07-25,003006,11.68,11.6,11.78,11.47,19020,20897631.76,2.65,-0.68,-0.08,0.88
2022-07-26,003006,11.5,11.62,11.65,11.44,16069,17586543.92,1.81,0.17,0.02,0.75
2022-07-27,003006,11.66,11.81,11.83,11.47,21590,23940478.12,3.1,1.64,0.19,1.0
2022-07-28,003006,11.87,11.76,11.87,11.71,18307,20476013.8,1.35,-0.42,-0.05,0.85
2022-07-29,003006,11.79,11.6,11.83,11.56,18867,20916646.4,2.3,-1.36,-0.16,0.88
2022-08-01,003006,11.6,11.55,11.67,11.5,18288,20099425.68,1.47,-0.43,-0.05,0.85
2022-08-02,003006,11.54,11.12,11.54,10.78,39368,41246240.24,6.58,-3.72,-0.43,1.83
2022-08-03,003006,11.08,10.9,11.27,10.86,23519,24722757.02,3.69,-1.98,-0.22,1.09
2022-08-04,003006,10.98,11.06,11.14,10.88,15051,15662642.75,2.39,1.47,0.16,0.7
2022-08-05,003006,11.09,11.33,11.35,11.05,17146,18220626.96,2.71,2.44,0.27,0.8
2022-08-08,003006,11.33,11.19,11.43,11.19,22498,23981108.8,2.12,-1.24,-0.14,1.04
2022-08-09,003006,11.21,11.17,11.29,11.02,21013,22117568.32,2.41,-0.18,-0.02,0.98
2022-08-10,003006,11.21,11.3,11.38,11.1,17910,19121161.9,2.51,1.16,0.13,0.83
2022-08-11,003006,11.31,11.54,11.55,11.29,21623,23519206.66,2.3,2.12,0.24,1.0
2022-08-12,003006,11.59,11.53,11.65,11.46,20739,22716482.0,1.65,-0.09,-0.01,0.96
2022-08-15,003006,11.49,10.93,11.49,10.82,71328,73951805.91,5.81,-5.2,-0.6,3.31
2022-08-16,003006,10.97,10.66,10.97,10.61,64914,65418156.11,3.29,-2.47,-0.27,3.01
2022-08-17,003006,10.72,10.75,10.94,10.69,51289,52126416.26,2.35,0.84,0.09,2.38
2022-08-18,003006,10.75,10.56,10.78,10.5,43368,43178113.64,2.6,-1.77,-0.19,2.01
2022-08-19,003006,10.56,10.57,10.65,10.52,28022,27954896.22,1.23,0.09,0.01,1.3
2022-08-22,003006,10.6,10.69,10.74,10.4,32466,32550950.55,3.22,1.14,0.12,1.51
2022-08-23,003006,10.69,10.75,10.78,10.58,33693,34036562.48,1.87,0.56,0.06,1.56
2022-08-24,003006,10.78,10.69,10.98,10.63,41601,42444628.32,3.26,-0.56,-0.06,1.93
2022-08-25,003006,10.73,11.2,11.24,10.65,71772,74764580.64,5.52,4.77,0.51,3.33
2022-08-26,003006,11.27,11.2,11.44,11.01,50641,53627085.0,3.84,0.0,0.0,2.35
2022-08-29,003006,11.15,11.62,11.82,11.05,54397,59523989.51,6.88,3.75,0.42,2.52
2022-08-30,003006,11.52,11.67,11.75,11.46,35137,38694900.25,2.5,0.43,0.05,1.63
2022-08-31,003006,11.68,11.55,11.77,11.47,26047,28611789.1,2.57,-1.03,-0.12,1.21
2022-09-01,003006,11.5,11.38,11.63,11.28,28614,30909645.0,3.03,-1.47,-0.17,1.33
2022-09-02,003006,11.36,11.58,11.65,11.28,26099,28423090.0,3.25,1.76,0.2,1.21
2022-09-05,003006,11.58,11.7,11.85,11.45,25413,28095883.78,3.45,1.04,0.12,1.18
2022-09-06,003006,11.73,11.6,11.73,11.55,20405,22504900.0,1.54,-0.85,-0.1,0.95
2022-09-07,003006,12.09,11.86,12.2,11.63,50738,56894197.57,4.91,2.24,0.26,2.35
2022-09-08,003006,11.84,11.79,11.91,11.6,39633,44226984.86,2.61,-0.59,-0.07,1.84
2022-09-09,003006,11.79,11.81,11.95,11.72,20465,23016584.83,1.95,0.17,0.02,0.95
2022-09-13,003006,11.82,11.9,12.0,11.78,18123,20417760.0,1.86,0.76,0.09,0.84
2022-09-14,003006,11.77,11.74,11.85,11.71,14854,16565980.0,1.18,-1.34,-0.16,0.69
2022-09-15,003006,11.73,11.6,11.85,11.47,25569,28133423.0,3.24,-1.19,-0.14,1.19
2022-09-16,003006,11.6,11.22,11.66,11.22,22519,24346417.0,3.79,-3.28,-0.38,1.05
2022-09-19,003006,11.62,11.26,11.76,11.06,36144,38705088.34,6.24,0.36,0.04,1.68
2022-09-20,003006,11.73,11.93,12.33,11.44,305360,349257402.88,7.9,5.95,0.67,14.17
2022-09-21,003006,11.36,10.8,11.36,10.8,190076,194648853.47,4.69,-9.47,-1.13,8.82
2022-09-22,003006,10.4,10.32,10.69,10.31,103699,102174384.85,3.52,-4.44,-0.48,4.81
2022-09-23,003006,10.32,10.22,10.56,10.13,71068,68715601.06,4.17,-0.97,-0.1,3.3
2022-09-26,003006,10.4,10.2,10.79,10.06,167703,165909070.98,7.14,-0.2,-0.02,7.78
2022-09-27,003006,10.2,9.97,10.26,9.65,107690,100072382.95,5.98,-2.25,-0.23,5.0
2022-09-28,003006,9.81,9.6,9.97,9.6,56666,51973281.66,3.71,-3.71,-0.37,2.63
2022-09-29,003006,9.65,9.34,9.68,9.16,57868,51455854.71,5.42,-2.71,-0.26,2.69
2022-09-30,003006,9.39,9.31,9.55,9.28,48308,42522009.49,2.89,-0.32,-0.03,2.24
2022-10-10,003006,9.34,9.2,9.47,9.17,32438,28300192.36,3.22,-1.18,-0.11,1.51
2022-10-11,003006,9.23,9.03,9.3,8.95,55340,46588059.51,3.8,-1.85,-0.17,2.57
2022-10-12,003006,9.04,9.48,9.51,8.96,78065,67587865.95,6.09,4.98,0.45,3.62
2022-10-13,003006,9.69,9.23,9.85,9.17,127343,112340360.59,7.17,-2.64,-0.25,5.91
2022-10-14,003006,9.18,9.34,9.5,9.16,96863,84599751.94,3.68,1.19,0.11,4.5
2022-10-17,003006,9.25,9.43,9.47,9.21,58684,51461488.6,2.78,0.96,0.09,2.72
2022-10-18,003006,9.45,9.44,9.49,9.33,42431,37357094.3,1.7,0.11,0.01,1.97
2022-10-19,003006,9.4,9.47,9.55,9.3,50571,44614333.49,2.65,0.32,0.03,2.35
2022-10-20,003006,9.43,9.41,9.6,9.37,64604,57501133.1,2.43,-0.63,-0.06,3.0
2022-10-21,003006,9.38,9.38,9.43,9.11,55638,48326220.26,3.4,-0.32,-0.03,2.58
2022-10-24,003006,9.39,9.06,9.59,9.03,49434,42918238.49,5.97,-3.41,-0.32,2.29
2022-10-25,003006,9.26,9.91,9.91,9.21,108114,99260635.64,7.73,9.38,0.85,5.02
2022-10-26,003006,10.08,10.84,10.84,9.96,145683,145597168.29,8.88,9.38,0.93,6.76
2022-10-27,003006,11.34,11.86,11.86,11.16,341100,378203152.2,6.46,9.41,1.02,15.83
2022-10-28,003006,11.52,10.73,11.8,10.73,266573,280262018.01,9.02,-9.53,-1.13,12.37
2022-10-31,003006,10.56,10.8,11.05,10.32,192770,195936189.19,6.8,0.65,0.07,8.95
2022-11-01,003006,10.87,11.45,11.59,10.86,204765,217704561.68,6.76,6.02,0.65,9.5
2022-11-02,003006,11.6,12.07,12.54,11.2,213574,241279835.73,11.7,5.41,0.62,9.91
2022-11-03,003006,11.71,12.34,12.65,11.71,136575,158714367.61,7.79,2.24,0.27,6.34
2022-11-04,003006,12.21,12.36,12.59,12.01,102668,119769947.52,4.7,0.16,0.02,4.76
2022-11-07,003006,12.25,12.84,13.48,12.03,134796,162286965.0,11.73,3.88,0.48,6.26
2022-11-08,003006,12.9,12.81,13.09,12.55,71064,86783548.73,4.21,-0.23,-0.03,3.3
2022-11-09,003006,12.71,14.03,14.03,12.6,121149,155601340.63,11.16,9.52,1.22,5.62
2022-11-10,003006,14.4,15.03,15.37,13.71,169486,241941507.9,11.83,7.13,1.0,7.87
2022-11-11,003006,15.03,14.33,15.35,14.28,144530,204566466.69,7.12,-4.66,-0.7,6.71
2022-11-14,003006,14.33,14.17,14.55,14.1,71822,98235311.37,3.14,-1.12,-0.16,3.33
2022-11-15,003006,14.2,14.47,14.77,13.86,67544,92866537.35,6.42,2.12,0.3,3.13
2022-11-16,003006,14.43,14.06,14.44,13.91,59499,80219588.4,3.66,-2.83,-0.41,2.76
2022-11-17,003006,14.02,13.9,14.23,13.79,63140,84266029.14,3.13,-1.14,-0.16,2.93
2022-11-18,003006,13.85,13.6,14.03,13.52,55844,73348254.88,3.67,-2.16,-0.3,2.59
2022-11-21,003006,13.73,13.42,13.73,13.26,53581,68706913.76,3.46,-1.32,-0.18,2.49
2022-11-22,003006,13.41,13.24,13.72,13.12,44483,56805984.28,4.47,-1.34,-0.18,2.06
2022-11-23,003006,13.24,13.0,13.28,12.88,39682,49293267.98,3.02,-1.81,-0.24,1.84
2022-11-24,003006,12.99,13.66,13.95,12.99,92616,120636954.04,7.38,5.08,0.66,4.3
2022-11-25,003006,13.79,13.63,13.92,13.34,59598,77319674.05,4.25,-0.22,-0.03,2.77
2022-11-28,003006,13.51,13.51,13.89,13.35,54889,71001429.0,3.96,-0.88,-0.12,2.55
2022-11-29,003006,13.51,13.91,14.15,13.38,51083,67528395.85,5.7,2.96,0.4,2.37
2022-11-30,003006,13.89,14.05,14.24,13.61,46416,61872368.54,4.53,1.01,0.14,2.15
2022-12-01,003006,14.04,14.31,14.71,13.97,58602,80615994.05,5.27,1.85,0.26,2.72
2022-12-02,003006,14.31,14.79,15.66,14.15,87047,125890551.11,10.55,3.35,0.48,4.04
2022-12-05,003006,14.45,14.41,15.3,14.2,76092,105613683.88,7.44,-2.57,-0.38,3.53
2022-12-06,003006,14.25,14.0,14.42,14.0,46065,62752421.0,2.91,-2.85,-0.41,2.14
2022-12-07,003006,14.2,14.23,14.73,14.02,47839,65529103.77,5.07,1.64,0.23,2.22
2022-12-08,003006,14.25,14.45,14.88,14.15,51341,71691517.0,5.13,1.55,0.22,2.38
2022-12-09,003006,14.5,14.86,14.86,14.13,37987,52596622.46,5.05,2.84,0.41,1.76
2022-12-12,003006,14.58,14.51,14.74,14.04,55158,75695853.14,4.71,-2.36,-0.35,2.56
2022-12-13,003006,14.52,14.58,14.7,14.4,25300,35225579.62,2.07,0.48,0.07,1.17
2022-12-14,003006,14.54,15.2,15.46,14.37,55966,80781013.07,7.48,4.25,0.62,2.6
2022-12-15,003006,15.18,14.92,15.3,14.59,44997,64197531.11,4.67,-1.84,-0.28,2.09
2022-12-16,003006,14.91,14.64,15.18,14.57,34279,48650347.08,4.09,-1.88,-0.28,1.59
2022-12-19,003006,14.68,14.45,15.19,14.36,28547,39965858.76,5.67,-1.3,-0.19,1.32
2022-12-20,003006,14.52,14.24,14.55,14.2,24639,33843198.75,2.42,-1.45,-0.21,1.14
2022-12-21,003006,14.34,14.07,14.39,14.0,24562,33214600.0,2.74,-1.19,-0.17,1.14
2022-12-22,003006,14.18,14.05,14.32,13.9,25220,34094042.0,2.99,-0.14,-0.02,1.17
2022-12-23,003006,14.04,13.69,14.04,13.57,28119,36918574.0,3.35,-2.56,-0.36,1.31
2022-12-26,003006,13.69,14.01,14.05,13.63,23956,31744212.28,3.07,2.34,0.32,1.11
2022-12-27,003006,14.1,14.44,14.7,13.83,36003,49566897.0,6.21,3.07,0.43,1.67
2022-12-28,003006,14.43,14.25,14.6,14.06,19668,26912806.96,3.74,-1.32,-0.19,0.91
2022-12-29,003006,14.28,14.53,14.94,14.1,30583,42761906.66,5.89,1.96,0.28,1.42
2022-12-30,003006,14.52,14.41,14.74,14.23,22228,30587553.0,3.51,-0.83,-0.12,1.03
2023-01-03,003006,14.43,14.27,14.63,14.21,26010,35735149.0,2.91,-0.97,-0.14,1.21
2023-01-04,003006,14.51,14.87,15.64,14.3,162919,236604510.64,9.39,4.2,0.6,7.56
2023-01-05,003006,14.74,14.86,14.91,14.06,131108,181632269.1,5.72,-0.07,-0.01,6.08
2023-01-06,003006,14.58,14.92,15.33,14.51,76144,109282896.7,5.52,0.4,0.06,3.53
2023-01-09,003006,15.06,14.76,15.16,14.51,45930,65052056.6,4.36,-1.07,-0.16,2.13
2023-01-10,003006,14.81,15.86,16.18,14.81,132555,203223308.73,9.28,7.45,1.1,6.15
2023-01-11,003006,15.81,16.16,16.27,15.35,131531,200092924.76,5.8,1.89,0.3,6.1
2023-01-12,003006,16.08,16.3,16.35,15.48,81590,124627334.04,5.38,0.87,0.14,3.79
2023-01-13,003006,16.3,16.12,16.38,15.84,70550,109659066.84,3.31,-1.1,-0.18,3.27
2023-01-16,003006,16.05,16.15,16.33,15.9,41901,64896649.0,2.67,0.19,0.03,1.94
2023-01-17,003006,16.0,16.65,16.67,15.9,60136,94518527.0,4.77,3.1,0.5,2.79
2023-01-18,003006,17.14,17.26,18.19,16.76,75457,127412161.7,8.59,3.66,0.61,3.5
2023-01-19,003006,17.26,17.79,18.22,17.13,73435,126840660.72,6.32,3.07,0.53,3.41
2023-01-20,003006,17.79,17.85,18.35,17.54,48962,85293072.4,4.55,0.34,0.06,2.27
2023-01-30,003006,18.33,18.27,18.6,17.95,52041,92147266.94,3.64,2.35,0.42,2.42
2023-01-31,003006,18.15,17.84,18.31,17.7,31953,55472959.8,3.34,-2.35,-0.43,1.48
2023-02-01,003006,17.72,17.89,18.03,17.44,37207,63818814.5,3.31,0.28,0.05,1.73
2023-02-02,003006,18.09,18.5,18.88,17.86,54946,98680669.4,5.7,3.41,0.61,2.55
2023-02-03,003006,18.59,18.48,18.68,17.98,21398,37946860.0,3.78,-0.11,-0.02,0.99
2023-02-06,003006,18.49,19.01,19.33,18.15,43408,79160568.0,6.39,2.87,0.53,2.01
2023-02-07,003006,19.01,18.58,19.01,18.19,26546,47522843.0,4.31,-2.26,-0.43,1.23
2023-02-08,003006,18.21,18.34,18.5,18.01,16894,29799883.72,2.64,-1.29,-0.24,0.78
2023-02-09,003006,18.29,17.94,18.29,17.77,23605,40932690.83,2.84,-2.18,-0.4,1.1
2023-02-10,003006,17.87,17.89,18.04,17.46,23889,41014058.6,3.23,-0.28,-0.05,1.11
2023-02-13,003006,17.88,19.3,19.44,17.8,53232,96956951.51,9.17,7.88,1.41,2.47
2023-02-14,003006,19.42,19.12,19.42,18.9,24476,45271466.14,2.69,-0.93,-0.18,1.14
2023-02-15,003006,19.12,18.56,19.28,18.3,23110,41618873.93,5.13,-2.93,-0.56,1.07
2023-02-16,003006,18.57,18.22,18.7,18.12,22403,39746589.0,3.13,-1.83,-0.34,1.04
2023-02-17,003006,18.22,18.58,19.45,18.2,40013,73310245.84,6.86,1.98,0.36,1.86
2023-02-20,003006,18.6,19.36,19.65,18.58,34010,63326992.41,5.76,4.2,0.78,1.58
2023-02-21,003006,19.5,19.48,19.59,19.01,27705,51832657.48,3.0,0.62,0.12,1.29
2023-02-22,003006,19.58,20.34,20.59,19.16,37849,73280683.0,7.34,4.41,0.86,1.76
2023-02-23,003006,20.33,20.0,20.68,19.91,26362,51614788.18,3.79,-1.67,-0.34,1.22
2023-02-24,003006,19.95,20.61,20.67,19.95,34663,68327130.0,3.6,3.05,0.61,1.61
2023-02-27,003006,20.46,19.95,20.71,19.74,34659,67439797.0,4.71,-3.2,-0.66,1.61
2023-02-28,003006,19.94,19.81,20.14,19.73,14796,28560257.82,2.06,-0.7,-0.14,0.69
2023-03-01,003006,19.66,19.58,19.94,19.33,25379,47980774.79,3.08,-1.16,-0.23,1.18
2023-03-02,003006,19.6,19.91,20.14,19.4,22694,43754235.35,3.78,1.69,0.33,1.05
2023-03-03,003006,19.89,19.89,20.18,19.62,12527,24126223.08,2.81,-0.1,-0.02,0.58
2023-03-06,003006,19.69,19.64,19.78,19.2,24843,46823996.48,2.92,-1.26,-0.25,1.15
2023-03-07,003006,19.56,19.72,20.1,19.51,21230,40817955.0,3.0,0.41,0.08,0.99
2023-03-08,003006,19.72,19.4,19.89,19.24,12083,22804135.58,3.3,-1.62,-0.32,0.56
2023-03-09,003006,19.39,19.97,20.12,19.16,18508,35488729.0,4.95,2.94,0.57,0.86
2023-03-10,003006,19.96,19.79,20.07,19.6,15790,30377861.0,2.35,-0.9,-0.18,0.73
2023-03-13,003006,19.96,20.14,20.31,19.41,16056,31053004.48,4.55,1.77,0.35,0.75
2023-03-14,003006,20.23,20.15,20.32,19.86,12868,25101329.12,2.28,0.05,0.01,0.6
2023-03-15,003006,20.17,18.98,20.17,18.98,43129,81294121.0,5.91,-5.81,-1.17,2.0
2023-03-16,003006,18.88,18.95,19.4,18.73,35739,66064755.2,3.53,-0.16,-0.03,1.66
2023-03-17,003006,19.06,18.53,19.29,18.4,23831,43283769.5,4.7,-2.22,-0.42,1.11
2023-03-20,003006,18.52,18.54,18.86,18.1,65092,116137870.2,4.1,0.05,0.01,3.02
2023-03-21,003006,18.54,18.74,18.87,18.49,20454,37067411.52,2.05,1.08,0.2,0.95
2023-03-22,003006,18.71,18.86,19.2,18.66,20883,38293712.0,2.88,0.64,0.12,0.97
2023-03-23,003006,18.86,18.79,19.1,18.6,14794,27007007.0,2.65,-0.37,-0.07,0.69
2023-03-24,003006,18.79,18.35,19.22,18.33,23450,42446184.66,4.74,-2.34,-0.44,1.09
2023-03-27,003006,18.5,18.49,18.5,17.95,40473,71532697.0,3.0,0.76,0.14,1.88
2023-03-28,003006,18.5,18.75,19.24,18.5,31196,56892267.95,4.0,1.41,0.26,1.45
2023-03-29,003006,18.79,19.06,19.27,18.59,26284,48185252.0,3.63,1.65,0.31,1.22
2023-03-30,003006,18.97,18.82,19.04,18.48,23442,42500577.0,2.94,-1.26,-0.24,1.09
2023-03-31,003006,18.71,18.73,19.15,18.65,16265,29726492.4,2.66,-0.48,-0.09,0.75
2023-04-03,003006,18.82,18.87,19.07,18.49,33636,61195685.0,3.1,0.75,0.14,1.56
2023-04-04,003006,18.78,19.42,19.64,18.73,27709,51304125.58,4.82,2.91,0.55,1.29
2023-04-06,003006,19.43,19.67,20.6,19.4,36857,71543304.0,6.18,1.29,0.25,1.71
2023-04-07,003006,19.75,19.68,20.03,19.4,16192,30846115.0,3.2,0.05,0.01,0.75
2023-04-10,003006,19.61,20.43,20.84,19.08,39778,78347034.1,8.94,3.81,0.75,1.85
2023-04-11,003006,20.35,19.81,20.62,19.7,32840,63690865.0,4.5,-3.03,-0.62,1.52
2023-04-12,003006,19.9,19.94,20.04,19.48,21340,40967472.0,2.83,0.66,0.13,0.99
2023-04-13,003006,19.94,19.97,20.31,19.8,18043,35062172.0,2.56,0.15,0.03,0.84
2023-04-14,003006,20.09,19.8,20.21,19.38,21307,40746303.58,4.16,-0.85,-0.17,0.99
2023-04-17,003006,19.63,20.05,20.5,19.63,26022,50914010.32,4.39,1.26,0.25,1.21
2023-04-18,003006,20.5,20.42,21.72,20.26,67141,136118970.81,7.28,1.85,0.37,3.11
2023-04-19,003006,20.55,19.66,20.59,19.44,55883,107768845.94,5.63,-3.72,-0.76,2.59
2023-04-20,003006,19.47,19.12,19.87,18.89,41949,78056324.82,4.98,-2.75,-0.54,1.95
2023-04-21,003006,19.29,19.06,19.57,18.96,32449,60637914.73,3.19,-0.31,-0.06,1.5
2023-04-24,003006,19.05,18.72,19.06,18.4,41218,74765045.52,3.46,-1.78,-0.34,1.91
2023-04-25,003006,19.05,18.91,19.55,18.5,28496,52737457.82,5.61,1.01,0.19,1.32
2023-04-26,003006,19.24,18.34,19.34,18.09,48943,86892655.06,6.61,-3.01,-0.57,2.27
2023-04-27,003006,18.44,19.63,19.84,18.23,56135,103244520.6,8.78,7.03,1.29,2.6
2023-04-28,003006,19.4,19.33,19.8,19.0,37851,70066158.48,4.08,-1.53,-0.3,1.76
2023-05-04,003006,19.48,19.94,20.0,19.16,38828,72711678.58,4.35,3.16,0.61,1.8
2023-05-05,003006,19.88,19.26,19.95,18.88,32306,59072350.03,5.37,-3.41,-0.68,1.5
2023-05-08,003006,19.41,19.14,19.66,18.56,36600,66406153.39,5.71,-0.62,-0.12,1.7
2023-05-09,003006,18.79,18.65,19.0,18.39,28969,51395444.0,3.19,-2.56,-0.49,1.34
2023-05-10,003006,18.69,18.9,18.95,18.35,17884,31769167.94,3.22,1.34,0.25,0.83
2023-05-11,003006,18.9,18.74,19.14,18.55,19868,35510958.0,3.12,-0.85,-0.16,0.92
2023-05-12,003006,18.8,18.79,19.1,18.62,19038,34240998.62,2.56,0.27,0.05,0.88
2023-05-15,003006,18.75,18.65,18.86,18.43,39886,70672741.64,2.29,-0.75,-0.14,1.85
2023-05-16,003006,18.76,17.88,18.77,17.65,78196,133804846.95,6.01,-4.13,-0.77,3.63
2023-05-17,003006,18.01,18.23,18.28,17.5,34739,59761454.56,4.36,1.96,0.35,1.61
2023-05-18,003006,18.23,18.24,18.48,17.71,22136,38005173.0,4.22,0.05,0.01,1.03
2023-05-19,003006,18.22,18.68,18.95,18.02,27138,47917674.11,5.1,2.41,0.44,1.26
2023-05-22,003006,18.77,19.0,19.35,18.53,28721,51883307.75,4.39,1.71,0.32,1.33
2023-05-23,003006,19.0,18.68,19.0,18.59,15318,27373954.86,2.16,-1.68,-0.32,0.71
2023-05-24,003006,18.77,18.51,18.8,18.38,13103,23116466.57,2.25,-0.91,-0.17,0.61
2023-05-25,003006,18.35,18.23,18.59,17.97,16581,28689429.0,3.35,-1.51,-0.28,0.77
2023-05-26,003006,18.4,18.89,19.07,18.14,21433,38010245.88,5.1,3.62,0.66,0.99
2023-05-29,003006,19.0,18.86,19.33,18.38,42460,76229888.28,5.03,-0.16,-0.03,1.97
2023-05-30,003006,18.86,18.65,19.15,18.43,25609,45571775.65,3.82,-1.11,-0.21,1.19
2023-05-31,003006,18.73,18.34,18.75,18.08,25369,44183724.34,3.59,-1.66,-0.31,1.18
2023-06-01,003006,18.38,18.4,18.7,18.28,24155,42438621.22,2.29,0.33,0.06,1.12
2023-06-02,003006,18.57,18.15,18.74,17.79,39400,68030589.48,5.16,-1.36,-0.25,1.83
2023-06-05,003006,18.26,18.54,18.58,17.99,34743,60415861.4,3.25,2.15,0.39,1.61
2023-06-06,003006,18.39,18.13,18.6,18.08,16069,28013191.0,2.8,-2.21,-0.41,0.75
2023-06-07,003006,18.1,18.23,18.38,18.08,16425,28449874.0,1.65,0.55,0.1,0.76
2023-06-08,003006,18.39,17.84,18.49,17.7,21131,36027073.0,4.33,-2.14,-0.39,0.98
2023-06-09,003006,17.93,17.69,18.02,17.5,26595,44836704.0,2.91,-0.84,-0.15,1.23
2023-06-12,003006,17.71,18.16,18.25,17.32,25010,42385997.0,5.26,2.66,0.47,1.16
2023-06-13,003006,18.16,17.61,18.2,17.55,23156,39085014.0,3.58,-3.03,-0.55,1.07
2023-06-14,003006,17.6,17.97,18.06,17.51,26628,45145268.07,3.12,2.04,0.36,1.23
2023-06-15,003006,17.81,17.64,17.92,17.55,30063,50475047.0,2.06,-1.84,-0.33,1.39
2023-06-16,003006,17.72,17.99,18.15,17.55,25807,43975781.6,3.4,1.98,0.35,1.2
2023-06-19,003006,18.06,17.71,18.18,17.68,22504,38066108.0,2.78,-1.56,-0.28,1.04
2023-06-20,003006,17.68,18.19,18.7,17.63,38363,66337398.46,6.04,2.71,0.48,1.78
2023-06-21,003006,18.2,18.24,18.84,17.81,32125,56060673.0,5.66,0.27,0.05,1.49
2023-06-26,003006,18.09,17.56,18.29,17.51,45403,76884231.18,4.28,-3.73,-0.68,2.11
2023-06-27,003006,17.69,18.02,18.18,17.53,24594,41960489.0,3.7,2.62,0.46,1.14
2023-06-28,003006,17.91,17.99,18.15,17.85,14716,25169611.89,1.66,-0.17,-0.03,0.68
2023-06-29,003006,18.0,18.33,18.74,17.94,18491,32457310.0,4.45,1.89,0.34,0.86
2023-06-30,003006,18.33,18.18,18.74,18.14,15173,26484388.95,3.27,-0.82,-0.15,0.7
2023-07-03,003006,18.23,18.46,18.57,18.02,28861,50317892.36,3.03,1.54,0.28,1.34
2023-07-04,003006,18.5,18.54,18.82,18.39,24515,43254795.6,2.33,0.43,0.08,1.14
2023-07-05,003006,18.49,18.4,18.93,18.35,25684,45561153.78,3.13,-0.76,-0.14,1.19
2023-07-06,003006,18.4,18.43,18.81,18.37,14828,26198822.77,2.39,0.16,0.03,0.69
2023-07-07,003006,18.44,18.63,18.67,18.2,16194,28474660.96,2.55,1.09,0.2,0.75
2023-07-10,003006,18.65,17.53,18.69,17.43,50164,84703492.0,6.76,-5.9,-1.1,2.33
2023-07-11,003006,17.53,16.03,18.02,15.9,110225,171274293.05,12.09,-8.56,-1.5,5.11
2023-07-12,003006,16.2,16.94,17.41,16.17,113177,181237175.37,7.74,5.68,0.91,5.25
2023-07-13,003006,16.99,16.82,17.48,16.72,81824,132033153.78,4.49,-0.71,-0.12,3.79
2023-07-14,003006,16.72,16.6,17.02,16.5,49701,78616613.08,3.09,-1.31,-0.22,2.31
2023-07-17,003006,16.45,16.65,16.72,16.23,31266,48929277.76,2.95,0.3,0.05,1.45
2023-07-18,003006,16.7,16.41,16.7,16.0,52530,80653146.72,4.2,-1.44,-0.24,2.44
2023-07-19,003006,16.46,16.48,16.65,16.18,31203,48634875.95,2.86,0.43,0.07,1.45
2023-07-20,003006,16.48,16.54,16.95,16.41,29804,47060541.98,3.28,0.36,0.06,1.38
2023-07-21,003006,16.52,16.85,17.16,16.4,33158,53078485.77,4.59,1.87,0.31,1.54
2023-07-24,003006,16.93,16.54,16.95,16.42,39768,62351534.5,3.15,-1.84,-0.31,1.84
2023-07-25,003006,16.41,16.69,16.84,16.41,37599,59179284.55,2.6,0.91,0.15,1.74
2023-07-26,003006,16.68,16.5,16.82,16.4,26556,41618432.08,2.52,-1.14,-0.19,1.23
2023-07-27,003006,16.51,16.3,16.53,16.28,14392,22310211.0,1.52,-1.21,-0.2,0.67
2023-07-28,003006,16.31,16.89,16.97,16.23,33585,53048545.15,4.54,3.62,0.59,1.56
2023-07-31,003006,16.96,16.89,17.04,16.7,30375,48507301.8,2.01,0.0,0.0,1.41
2023-08-01,003006,16.81,16.73,16.96,16.66,16538,26269092.0,1.78,-0.95,-0.16,0.77
2023-08-02,003006,16.77,16.7,16.8,16.52,15805,24912301.02,1.67,-0.18,-0.03,0.73
2023-08-03,003006,16.7,16.69,16.72,16.47,11814,18565811.0,1.5,-0.06,-0.01,0.55
2023-08-04,003006,16.69,16.72,16.93,16.56,16877,26835396.0,2.22,0.18,0.03,0.78
2023-08-07,003006,16.79,16.66,16.79,16.42,17323,27105675.0,2.21,-0.36,-0.06,0.8
2023-08-08,003006,16.59,16.67,16.68,16.44,16989,26594156.9,1.44,0.06,0.01,0.79
2023-08-09,003006,16.66,16.67,16.76,16.45,12284,19324476.0,1.86,0.0,0.0,0.57
2023-08-10,003006,16.62,16.46,16.62,16.28,19362,30057048.9,2.04,-1.26,-0.21,0.9
2023-08-11,003006,16.47,16.18,16.63,16.16,31425,48525623.99,2.86,-1.7,-0.28,1.46
2023-08-14,003006,16.4,16.38,16.5,15.87,49155,74715448.53,3.89,1.24,0.2,2.28
2023-08-15,003006,16.5,15.87,16.5,15.78,39326,59351511.2,4.4,-3.11,-0.51,1.82
2023-08-16,003006,15.79,15.49,15.99,15.38,31293,46052598.66,3.84,-2.39,-0.38,1.45
2023-08-17,003006,15.45,15.4,15.57,15.19,40025,57925997.56,2.45,-0.58,-0.09,1.86
2023-08-18,003006,15.45,15.1,15.74,15.09,34210,49209262.0,4.22,-1.95,-0.3,1.59
2023-08-21,003006,15.06,15.12,15.4,14.92,28622,41087160.0,3.18,0.13,0.02,1.33
2023-08-22,003006,15.03,15.03,15.27,14.85,24732,34957634.0,2.78,-0.6,-0.09,1.15
2023-08-23,003006,15.06,14.75,15.24,14.75,33298,46711805.35,3.26,-1.86,-0.28,1.54
2023-08-24,003006,14.77,14.75,15.03,14.6,53181,74078353.18,2.92,0.0,0.0,2.47
2023-08-25,003006,14.69,14.48,14.89,14.4,48052,65822178.0,3.32,-1.83,-0.27,2.23
2023-08-28,003006,15.3,15.08,15.3,14.59,93990,132797114.52,4.9,4.14,0.6,4.36
2023-08-29,003006,15.02,14.95,15.27,14.8,37442,52920754.0,3.12,-0.86,-0.13,1.74
2023-08-30,003006,14.96,14.91,15.2,14.76,38486,54096156.0,2.94,-0.27,-0.04,1.78
2023-08-31,003006,14.84,14.79,14.93,14.76,21512,29966898.0,1.14,-0.8,-0.12,1.0
2023-09-01,003006,14.89,14.96,15.12,14.81,34531,48607470.24,2.1,1.15,0.17,1.6
2023-09-04,003006,15.08,15.65,15.8,15.01,77997,113635802.34,5.28,4.61,0.69,3.62
2023-09-05,003006,15.59,15.35,15.77,15.11,47051,67807401.0,4.22,-1.92,-0.3,2.18
2023-09-06,003006,15.24,15.29,15.46,15.15,41987,60501308.0,2.02,-0.39,-0.06,1.95
2023-09-07,003006,15.24,15.17,15.79,15.06,46946,67954252.0,4.77,-0.78,-0.12,2.18
2023-09-08,003006,15.08,15.17,15.21,14.86,27841,39407450.0,2.31,0.0,0.0,1.29
2023-09-11,003006,15.13,15.39,15.55,14.87,42225,60789372.51,4.48,1.45,0.22,1.96
2023-09-12,003006,15.35,15.11,15.44,15.03,28006,39831299.54,2.66,-1.82,-0.28,1.3
2023-09-13,003006,15.03,14.9,15.18,14.81,21755,30520726.0,2.45,-1.39,-0.21,1.01
2023-09-14,003006,14.86,14.77,15.07,14.64,21016,29070932.4,2.89,-0.87,-0.13,0.97
2023-09-15,003006,14.99,14.94,15.09,14.65,30349,42558773.6,2.98,1.15,0.17,1.41
2023-09-18,003006,14.95,15.11,15.14,14.66,27788,39138858.0,3.21,1.14,0.17,1.29
2023-09-19,003006,15.11,15.09,15.39,14.9,27013,38335297.25,3.24,-0.13,-0.02,1.25
2023-09-20,003006,15.1,15.56,15.74,15.07,44674,65416688.15,4.44,3.11,0.47,2.07
2023-09-21,003006,15.52,15.33,15.54,14.8,55176,78487733.16,4.76,-1.48,-0.23,2.56
2023-09-22,003006,15.18,15.33,15.4,14.85,46536,66499152.76,3.59,0.0,0.0,2.16
2023-09-25,003006,15.35,15.0,15.37,14.97,28217,40131893.99,2.61,-2.15,-0.33,0.66
2023-09-26,003006,15.04,15.08,15.3,14.98,24140,34275594.4,2.13,0.53,0.08,0.56
2023-09-27,003006,15.01,15.63,15.72,15.01,47405,69503075.58,4.71,3.65,0.55,1.11
2023-09-28,003006,15.64,15.65,15.99,15.47,38780,57579152.1,3.33,0.13,0.02,0.91
2023-10-09,003006,15.55,15.58,15.87,15.4,49040,72170572.0,3.0,-0.45,-0.07,1.15
2023-10-10,003006,15.63,15.8,15.92,15.38,47742,70519368.36,3.47,1.41,0.22,1.12
2023-10-11,003006,15.8,15.85,16.55,15.74,49311,74563741.28,5.13,0.32,0.05,1.15
2023-10-12,003006,15.9,16.5,16.62,15.88,61618,95399089.53,4.67,4.1,0.65,1.44
2023-10-13,003006,16.63,17.06,17.47,16.63,59492,96493969.22,5.09,3.39,0.56,1.39
2023-10-16,003006,17.02,16.72,17.25,16.62,64579,102857017.6,3.69,-1.99,-0.34,1.51
2023-10-17,003006,16.7,17.0,17.15,16.56,42623,68042411.86,3.53,1.67,0.28,1.0
2023-10-18,003006,16.93,16.81,17.16,16.66,35399,56636698.46,2.94,-1.12,-0.19,0.83
2023-10-19,003006,16.77,17.11,17.31,16.66,40784,66042869.0,3.87,1.78,0.3,0.95
2023-10-20,003006,16.87,16.81,17.02,16.71,36367,57846957.56,1.81,-1.75,-0.3,0.85
2023-10-23,003006,16.45,17.0,17.59,16.42,71491,116017950.98,6.96,1.13,0.19,1.67
2023-10-24,003006,16.83,17.44,17.54,16.83,74808,122126253.95,4.18,2.59,0.44,1.75
2023-10-25,003006,17.31,17.55,17.71,16.91,73891,120818812.26,4.59,0.63,0.11,1.73
2023-10-26,003006,17.31,17.83,18.31,17.3,60157,102147341.08,5.75,1.6,0.28,1.41
2023-10-27,003006,17.9,18.53,18.67,17.65,46597,81358759.7,5.72,3.93,0.7,1.09
2023-10-30,003006,18.32,17.77,18.56,17.57,58795,100437808.32,5.34,-4.1,-0.76,1.37
2023-10-31,003006,17.63,17.81,18.04,17.63,26163,44234339.98,2.31,0.23,0.04,0.61
2023-11-01,003006,17.77,17.84,17.94,17.6,23031,38877517.96,1.91,0.17,0.03,0.54
2023-11-02,003006,17.67,17.54,17.9,17.36,42841,71209415.29,3.03,-1.68,-0.3,1.0
2023-11-03,003006,17.51,17.58,17.76,17.3,21312,35458092.85,2.62,0.23,0.04,0.5
2023-11-06,003006,17.59,17.5,17.7,17.13,35293,58070288.59,3.24,-0.46,-0.08,0.82
2023-11-07,003006,17.46,17.45,17.59,17.29,13951,23127276.38,1.71,-0.29,-0.05,0.33
2023-11-08,003006,17.47,18.19,18.19,17.36,30927,52598762.56,4.76,4.24,0.74,0.72
2023-11-09,003006,18.3,18.42,18.59,17.82,45153,78373276.53,4.23,1.26,0.23,1.06
2023-11-10,003006,18.31,17.96,18.38,17.92,16856,28988421.54,2.5,-2.5,-0.46,0.39
2023-11-13,003006,17.93,17.98,18.07,17.35,39859,66811911.64,4.01,0.11,0.02,0.93
2023-11-14,003006,17.93,17.93,18.1,17.69,30583,51924891.88,2.28,-0.28,-0.05,0.71
2023-11-15,003006,17.98,17.71,18.01,17.57,19805,33302122.07,2.45,-1.23,-0.22,0.46
2023-11-16,003006,17.68,17.6,17.84,17.45,17229,28734495.5,2.2,-0.62,-0.11,0.4
2023-11-17,003006,17.5,17.57,17.63,17.45,13746,22867070.27,1.02,-0.17,-0.03,0.32
2023-11-20,003006,17.56,17.47,17.66,17.35,21021,34841870.76,1.76,-0.57,-0.1,0.49
2023-11-21,003006,17.46,17.6,17.71,17.32,15640,26093130.0,2.23,0.74,0.13,0.37
2023-11-22,003006,17.52,17.28,17.64,17.25,12642,20815922.0,2.22,-1.82,-0.32,0.3
2023-11-23,003006,17.26,17.58,17.65,17.2,14095,23309282.95,2.6,1.74,0.3,0.33
2023-11-24,003006,17.58,17.4,17.59,17.2,21385,35183847.16,2.22,-1.02,-0.18,0.5
2023-11-27,003006,17.38,17.47,17.65,17.32,19537,32380537.6,1.9,0.4,0.07,0.46
2023-11-28,003006,17.54,17.6,17.63,17.31,17266,28595921.68,1.83,0.74,0.13,0.4
2023-11-29,003006,17.62,17.62,17.8,17.41,14824,24797642.04,2.22,0.11,0.02,0.35
2023-11-30,003006,17.75,17.35,17.75,17.25,20218,33313661.28,2.84,-1.53,-0.27,0.47
2023-12-01,003006,17.33,16.97,17.43,16.92,25942,41955440.0,2.94,-2.19,-0.38,0.61
2023-12-04,003006,16.95,16.8,17.14,16.77,18263,29141825.0,2.18,-1.0,-0.17,0.43
2023-12-05,003006,16.76,16.56,16.87,16.56,15851,25075901.0,1.85,-1.43,-0.24,0.37
2023-12-06,003006,16.5,16.71,16.84,16.46,19997,31579739.96,2.29,0.91,0.15,0.47
2023-12-07,003006,16.66,16.43,16.71,16.33,17051,26539776.73,2.27,-1.68,-0.28,0.4
2023-12-08,003006,16.31,16.29,16.47,16.17,17869,27548652.79,1.83,-0.85,-0.14,0.42
2023-12-11,003006,16.27,16.7,16.89,16.18,34930,54984289.54,4.36,2.52,0.41,0.82
2023-12-12,003006,16.78,16.81,17.03,16.46,21287,33790800.47,3.41,0.66,0.11,0.5
2023-12-13,003006,16.77,16.72,16.83,16.63,9415,14910352.55,1.19,-0.54,-0.09,0.22
2023-12-14,003006,16.72,16.95,17.22,16.7,23607,38081867.05,3.11,1.38,0.23,0.55
2023-12-15,003006,16.95,16.86,17.06,16.71,16948,27090309.13,2.06,-0.53,-0.09,0.4
2023-12-18,003006,16.79,16.68,16.98,16.59,17758,28151343.42,2.31,-1.07,-0.18,0.41
2023-12-19,003006,16.56,16.65,16.79,16.51,11157,17568422.0,1.68,-0.18,-0.03,0.26
2023-12-20,003006,16.61,16.35,16.78,16.31,16349,25529170.46,2.82,-1.8,-0.3,0.38
2023-12-21,003006,16.37,16.42,16.5,16.1,15136,23253057.52,2.45,0.43,0.07,0.35
2023-12-22,003006,16.44,16.44,16.75,16.3,28347,44338952.02,2.74,0.12,0.02,0.66
2023-12-25,003006,16.33,16.53,16.66,16.07,18218,28314665.0,3.59,0.55,0.09,0.43
2023-12-26,003006,16.51,16.06,16.52,15.99,10987,16754303.86,3.21,-2.84,-0.47,0.26
2023-12-27,003006,16.07,16.41,16.51,15.98,14005,21526439.0,3.3,2.18,0.35,0.33
2023-12-28,003006,16.36,15.66,16.43,15.58,46345,69118699.83,5.18,-4.57,-0.75,1.08
2023-12-29,003006,15.68,16.06,16.4,15.38,45349,68150366.0,6.51,2.55,0.4,1.06
2024-01-02,003006,16.07,16.23,16.31,15.85,20187,30757390.0,2.86,1.06,0.17,0.47
2024-01-03,003006,16.11,16.08,16.28,15.96,13518,20500184.6,1.97,-0.92,-0.15,0.32
2024-01-04,003006,16.03,16.06,16.14,15.71,12421,18763929.57,2.67,-0.12,-0.02,0.29
2024-01-05,003006,16.08,16.0,16.34,15.81,28419,43121695.82,3.3,-0.37,-0.06,0.66
2024-01-08,003006,15.91,15.53,15.94,15.48,19226,28416211.4,2.88,-2.94,-0.47,0.45
2024-01-09,003006,15.54,15.61,15.87,15.43,14452,21304058.62,2.83,0.52,0.08,0.34
2024-01-10,003006,15.59,15.7,15.76,15.4,14516,21360822.9,2.31,0.58,0.09,0.34
2024-01-11,003006,15.84,15.91,16.06,15.62,13441,20187181.94,2.8,1.34,0.21,0.31
2024-01-12,003006,15.85,15.7,16.29,15.65,19312,28967560.96,4.02,-1.32,-0.21,0.45
2024-01-15,003006,15.72,15.92,15.97,15.65,13956,20871351.0,2.04,1.4,0.22,0.33
2024-01-16,003006,15.87,15.62,16.03,15.42,17544,25909032.08,3.83,-1.88,-0.3,0.41
2024-01-17,003006,15.59,15.29,15.8,15.28,12697,18617573.0,3.33,-2.11,-0.33,0.3
2024-01-18,003006,15.21,15.18,15.31,14.78,21023,29633190.0,3.47,-0.72,-0.11,0.49
2024-01-19,003006,15.1,15.35,15.54,15.04,34127,49320957.98,3.29,1.12,0.17,0.8
2024-01-22,003006,15.27,14.97,15.71,14.9,65382,93756827.68,5.28,-2.48,-0.38,1.53
2024-01-23,003006,14.93,14.84,15.04,14.67,29340,40891208.35,2.47,-0.87,-0.13,0.69
2024-01-24,003006,14.83,15.25,15.39,14.81,34186,48529775.85,3.91,2.76,0.41,0.8
2024-01-25,003006,15.29,15.97,16.07,15.29,35739,53246886.83,5.11,4.72,0.72,0.84
2024-01-26,003006,16.07,15.87,16.28,15.81,15673,23670955.84,2.94,-0.63,-0.1,0.37
2024-01-29,003006,15.96,15.46,16.1,15.42,15995,23612958.35,4.28,-2.58,-0.41,0.37
2024-01-30,003006,15.41,14.93,15.47,14.91,16505,23618573.19,3.62,-3.43,-0.53,0.39
2024-01-31,003006,15.0,14.73,15.19,14.65,24762,34707691.74,3.62,-1.34,-0.2,0.58
2024-02-01,003006,14.73,14.48,14.9,14.28,23749,32398078.0,4.21,-1.7,-0.25,0.55
2024-02-02,003006,14.49,13.77,14.59,13.16,48420,62697777.0,9.88,-4.9,-0.71,1.13
2024-02-05,003006,13.45,14.0,14.77,12.7,60859,77205255.3,15.03,1.67,0.23,1.42
2024-02-06,003006,13.77,14.69,15.31,13.52,63444,86667193.84,12.79,4.93,0.69,1.48
2024-02-07,003006,14.54,14.99,15.38,14.44,46718,65787232.05,6.4,2.04,0.3,1.09
2024-02-08,003006,14.7,15.8,16.04,14.65,55026,81378812.56,9.27,5.4,0.81,1.29
2024-02-19,003006,15.98,16.03,16.35,15.48,31052,46695447.33,5.51,1.46,0.23,0.73
2024-02-20,003006,15.98,15.75,15.98,15.51,21204,31310360.0,2.93,-1.75,-0.28,0.5
2024-02-21,003006,15.74,15.65,16.15,15.46,42795,63539396.58,4.38,-0.63,-0.1,1.0
2024-02-22,003006,15.51,15.45,15.71,15.08,29398,42570988.38,4.03,-1.28,-0.2,0.69
2024-02-23,003006,15.45,15.75,15.78,15.13,22155,32251590.42,4.21,1.94,0.3,0.52
2024-02-26,003006,15.72,15.6,15.89,15.56,18106,26801648.33,2.1,-0.95,-0.15,0.42
2024-02-27,003006,15.62,16.46,16.51,15.45,39091,59506227.8,6.79,5.51,0.86,0.91
2024-02-28,003006,16.36,16.59,17.33,16.29,57076,90303182.0,6.32,0.79,0.13,1.33
2024-02-29,003006,16.52,17.1,17.25,16.45,40055,64049233.42,4.82,3.07,0.51,0.94
2024-03-01,003006,17.15,17.05,17.37,16.9,33675,54695755.12,2.75,-0.29,-0.05,0.79
2024-03-04,003006,16.87,16.83,17.17,16.62,34075,54183459.98,3.23,-1.29,-0.22,0.8
2024-03-05,003006,16.62,16.81,16.89,16.42,18212,28816556.0,2.79,-0.12,-0.02,0.43
2024-03-06,003006,16.96,16.86,17.38,16.72,36888,59379259.17,3.93,0.3,0.05,0.86
2024-03-07,003006,16.79,16.22,16.88,16.22,25742,40193646.08,3.91,-3.8,-0.64,0.6
2024-03-08,003006,16.21,16.1,16.37,16.0,14716,22440529.87,2.28,-0.74,-0.12,0.34
2024-03-11,003006,16.1,16.76,16.78,15.95,32288,49935234.6,5.16,4.1,0.66,0.75
2024-03-12,003006,16.74,16.57,16.8,16.39,34922,54634276.1,2.45,-1.13,-0.19,0.82
2024-03-13,003006,16.65,17.04,17.2,16.58,40326,64580601.55,3.74,2.84,0.47,0.94
2024-03-14,003006,16.99,17.09,17.43,16.99,21618,35178347.13,2.58,0.29,0.05,0.51
2024-03-15,003006,17.19,17.49,17.5,17.03,17537,28766827.84,2.75,2.34,0.4,0.41
2024-03-18,003006,17.5,17.61,17.62,17.06,23844,39409318.8,3.2,0.69,0.12,0.56
2024-03-19,003006,17.51,17.21,17.58,17.19,15640,25706176.0,2.21,-2.27,-0.4,0.37
2024-03-20,003006,17.27,17.34,17.4,17.14,13899,22725998.0,1.51,0.76,0.13,0.32
2024-03-21,003006,17.35,17.28,17.44,17.17,8600,14103911.0,1.56,-0.35,-0.06,0.2
2024-03-22,003006,17.27,17.16,17.28,16.96,15757,25550323.0,1.85,-0.69,-0.12,0.37
2024-03-25,003006,17.4,17.17,17.75,17.1,26514,43646238.83,3.79,0.06,0.01,0.62
2024-03-26,003006,17.11,17.85,18.2,16.9,38074,64214704.14,7.57,3.96,0.68,0.89
2024-03-27,003006,17.82,18.03,18.5,17.65,36767,63101839.28,4.76,1.01,0.18,0.86
2024-03-28,003006,17.7,17.57,18.1,17.4,32532,54708994.13,3.88,-2.55,-0.46,0.76
2024-03-29,003006,17.63,17.78,17.88,17.42,18394,30889169.54,2.62,1.2,0.21,0.43
2024-04-01,003006,17.75,17.52,17.97,17.3,27687,46180442.68,3.77,-1.46,-0.26,0.65
2024-04-02,003006,17.55,17.81,18.03,17.44,35573,60085232.06,3.37,1.66,0.29,0.83
2024-04-03,003006,17.81,18.03,18.34,17.79,25241,43380460.0,3.09,1.24,0.22,0.59
2024-04-08,003006,18.05,17.83,18.19,17.66,21800,36898606.8,2.94,-1.11,-0.2,0.51
2024-04-09,003006,18.1,18.49,18.7,18.1,74197,130388100.16,3.37,3.7,0.66,1.73
2024-04-10,003006,18.47,18.35,18.67,18.21,28532,49988363.64,2.49,-0.76,-0.14,0.67
2024-04-11,003006,18.1,18.2,18.57,18.03,21214,36878731.75,2.94,-0.82,-0.15,0.5
2024-04-12,003006,18.17,18.36,18.5,17.98,12398,21547245.14,2.86,0.88,0.16,0.29
2024-04-15,003006,18.2,18.17,18.45,17.89,29321,50728096.99,3.05,-1.03,-0.19,0.68
2024-04-16,003006,18.2,17.82,18.41,17.81,20047,34418289.0,3.3,-1.93,-0.35,0.47
2024-04-17,003006,17.81,18.65,18.69,17.78,27794,48446997.0,5.11,4.66,0.83,0.65
2024-04-18,003006,18.49,19.39,19.62,18.49,45624,83711004.26,6.06,3.97,0.74,1.06
2024-04-19,003006,19.2,19.18,19.26,18.5,37838,68185735.67,3.92,-1.08,-0.21,0.88
2024-04-22,003006,20.29,21.01,21.01,20.29,65334,131269503.5,3.75,9.54,1.83,1.52
2024-04-23,003006,21.01,22.03,22.79,20.6,165752,344544694.56,10.42,4.85,1.02,3.87
2024-04-24,003006,21.9,21.73,21.9,21.1,88514,177813317.13,3.63,-1.36,-0.3,2.07
2024-04-25,003006,21.47,22.1,22.29,21.35,50281,103304768.43,4.33,1.7,0.37,1.17
2024-04-26,003006,22.13,22.72,23.09,22.0,64607,136733940.7,4.93,2.81,0.62,1.51
2024-04-29,003006,22.56,22.57,22.75,22.12,61239,128051980.5,2.77,-0.66,-0.15,1.43
2024-04-30,003006,22.56,23.05,23.21,22.14,35976,77430600.2,4.74,2.13,0.48,0.84
2024-05-06,003006,23.14,23.5,23.62,23.09,50842,111893824.52,2.3,1.95,0.45,1.19
2024-05-07,003006,23.26,23.71,24.33,23.15,44345,99356804.5,5.02,0.89,0.21,1.04
2024-05-08,003006,23.45,24.05,24.17,23.38,37148,83556685.0,3.33,1.43,0.34,0.87
2024-05-09,003006,23.8,24.45,24.6,23.8,34809,79691347.82,3.33,1.66,0.4,0.81
2024-05-10,003006,24.7,23.75,25.45,23.43,82835,186380927.77,8.26,-2.86,-0.7,1.93
2024-05-13,003006,23.45,24.51,24.62,23.45,72681,165972450.5,4.93,3.2,0.76,1.7
2024-05-14,003006,24.51,25.39,25.92,24.26,69497,165140066.3,6.77,3.59,0.88,1.62
2024-05-15,003006,25.28,25.47,26.32,25.17,41059,99548017.82,4.53,0.32,0.08,0.96
2024-05-16,003006,25.57,25.03,25.68,24.93,32845,77978109.7,2.94,-1.73,-0.44,0.77
2024-05-17,003006,24.99,25.0,25.49,24.75,39177,92332767.0,2.96,-0.12,-0.03,0.91
2024-05-20,003006,24.78,25.15,25.25,24.55,40450,94772368.6,2.8,0.6,0.15,0.94
2024-05-21,003006,25.15,25.4,25.55,24.95,22282,53315490.18,2.39,0.99,0.25,0.52
2024-05-22,003006,25.31,25.11,25.51,24.72,28440,66926330.7,3.11,-1.14,-0.29,0.66
2024-05-23,003006,25.0,24.97,25.1,24.55,33087,77195806.69,2.19,-0.56,-0.14,0.77
2024-05-24,003006,24.95,24.78,25.17,24.68,19468,45759163.6,1.96,-0.76,-0.19,0.45
2024-05-27,003006,24.66,25.35,25.35,24.59,26438,62229806.8,3.07,2.3,0.57,0.62
2024-05-28,003006,25.44,24.97,25.64,24.83,18838,44648347.0,3.2,-1.5,-0.38,0.44
2024-05-29,003006,24.93,25.1,25.24,24.69,16113,38074250.4,2.2,0.52,0.13,0.38
2024-05-30,003006,24.93,25.21,25.81,24.93,35758,85283427.66,3.51,0.44,0.11,0.83
2024-05-31,003006,25.16,25.06,25.3,24.78,17147,40343397.0,2.06,-0.6,-0.15,0.4
2024-06-03,003006,24.98,24.85,25.41,24.56,27146,63749727.2,3.39,-0.84,-0.21,0.63
2024-06-04,003006,24.92,25.18,25.32,24.39,44114,103544918.2,3.74,1.33,0.33,1.03
2024-06-05,003006,25.15,24.71,25.62,24.65,21962,51928742.8,3.85,-1.87,-0.47,0.51
2024-06-06,003006,24.94,24.66,24.94,24.45,17704,41128125.5,1.98,-0.2,-0.05,0.41
2024-06-07,003006,24.88,24.58,24.88,24.21,25871,59571806.5,2.72,-0.32,-0.08,0.6
2024-06-11,003006,24.58,25.19,25.27,24.41,27603,64778809.4,3.5,2.48,0.61,0.64
2024-06-12,003006,25.33,25.4,26.13,25.2,34867,84008319.8,3.69,0.83,0.21,0.81
2024-06-13,003006,25.23,24.9,25.84,24.56,30589,72246722.0,5.04,-1.97,-0.5,0.71
2024-06-14,003006,24.84,24.9,25.04,24.65,20295,47462327.2,1.57,0.0,0.0,0.47
2024-06-17,003006,24.93,25.35,25.45,24.66,25496,60712757.0,3.17,1.81,0.45,0.59
2024-06-18,003006,25.29,25.43,25.49,25.0,18944,45139577.6,1.93,0.32,0.08,0.44
2024-06-19,003006,25.65,25.62,25.84,25.44,19335,46682354.16,1.57,0.75,0.19,0.45
2024-06-20,003006,25.45,25.45,25.63,25.25,16593,39850710.4,1.48,-0.66,-0.17,0.39
2024-06-21,003006,25.26,25.0,25.8,24.59,34076,80422795.88,4.75,-1.77,-0.45,0.79
2024-06-24,003006,24.86,25.63,26.29,24.69,47882,115635280.4,6.4,2.52,0.63,1.12
2024-06-25,003006,25.63,25.45,25.93,25.16,33910,81473617.8,3.0,-0.7,-0.18,0.79
2024-06-26,003006,25.32,26.07,26.09,25.26,30316,73564753.2,3.26,2.44,0.62,0.71
2024-06-27,003006,26.08,24.98,26.12,24.92,41147,98166503.4,4.6,-4.18,-1.09,0.96
2024-06-28,003006,24.72,25.15,25.48,24.65,30117,71622379.0,3.32,0.68,0.17,0.7
2024-07-01,003006,25.25,25.5,25.6,25.01,31734,75941932.6,2.35,1.39,0.35,0.74
2024-07-02,003006,25.5,25.33,25.55,24.65,41819,99003426.8,3.53,-0.67,-0.17,0.98
2024-07-03,003006,25.13,25.11,25.35,24.86,24950,59005722.0,1.93,-0.87,-0.22,0.58
2024-07-04,003006,25.05,25.0,25.73,24.95,26081,62236144.66,3.11,-0.44,-0.11,0.61
2024-07-05,003006,24.94,25.2,25.29,24.4,34291,79827921.1,3.56,0.8,0.2,0.8
2024-07-08,003006,25.13,24.52,25.25,24.45,26768,62406722.34,3.17,-2.7,-0.68,0.62
2024-07-09,003006,24.43,24.85,24.94,24.24,22931,53309027.66,2.85,1.35,0.33,0.53
2024-07-10,003006,24.71,24.92,25.33,24.71,20133,47329809.2,2.49,0.28,0.07,0.47
2024-07-11,003006,25.04,25.24,25.3,24.68,17050,40233578.0,2.49,1.28,0.32,0.4
2024-07-12,003006,25.23,24.86,25.28,24.45,19033,44507632.34,3.29,-1.51,-0.38,0.44
2024-07-15,003006,24.7,24.72,25.14,24.6,22733,53036161.98,2.17,-0.56,-0.14,0.53
2024-07-16,003006,24.65,23.9,24.7,23.45,61211,137748708.15,5.06,-3.32,-0.82,1.43
2024-07-17,003006,23.8,23.69,23.91,23.54,33630,75003614.0,1.55,-0.88,-0.21,0.78
2024-07-18,003006,23.6,23.66,23.89,23.35,27739,61654284.0,2.28,-0.13,-0.03,0.65
2024-07-19,003006,23.69,22.92,23.73,22.87,40160,87402812.4,3.63,-3.13,-0.74,0.94
2024-07-22,003006,22.7,23.35,23.55,22.7,49040,106752265.51,3.71,1.88,0.43,1.14
2024-07-23,003006,23.15,22.44,23.33,22.41,21565,45911505.97,3.94,-3.9,-0.91,0.5
2024-07-24,003006,22.25,22.16,22.56,22.04,25988,54093838.27,2.32,-1.25,-0.28,0.61
2024-07-25,003006,22.16,22.11,22.25,21.72,23519,48275391.0,2.39,-0.23,-0.05,0.55
2024-07-26,003006,21.9,22.19,22.3,21.42,35644,72928915.4,3.98,0.36,0.08,0.83
2024-07-29,003006,22.13,22.07,22.4,21.75,27433,56542266.42,2.93,-0.54,-0.12,0.64
2024-07-30,003006,21.97,21.71,22.01,21.47,15313,30973097.55,2.45,-1.63,-0.36,0.36
2024-07-31,003006,21.67,22.64,22.74,21.47,40319,84362815.0,5.85,4.28,0.93,0.94
2024-08-01,003006,22.74,22.31,22.81,22.19,29053,61094519.0,2.74,-1.46,-0.33,0.68
2024-08-02,003006,22.51,22.11,22.7,21.75,35536,73203079.42,4.26,-0.9,-0.2,0.83
2024-08-05,003006,22.01,21.81,22.54,21.68,23510,48416538.0,3.89,-1.36,-0.3,0.55
2024-08-06,003006,21.96,22.43,22.74,21.9,26144,54479162.6,3.85,2.84,0.62,0.61
2024-08-07,003006,22.43,22.85,22.94,22.11,18981,40126258.07,3.7,1.87,0.42,0.44
2024-08-08,003006,22.89,23.45,23.9,22.71,45603,100085416.01,5.21,2.63,0.6,1.06
2024-08-09,003006,23.49,23.2,23.88,23.05,34659,75697258.2,3.54,-1.07,-0.25,0.81
2024-08-12,003006,22.66,23.5,24.17,22.66,75569,167335886.66,6.51,1.29,0.3,1.76
2024-08-13,003006,23.95,23.49,24.02,23.25,39579,87141782.8,3.28,-0.04,-0.01,0.92
2024-08-14,003006,23.7,22.98,23.7,22.93,32822,71327758.0,3.28,-2.17,-0.51,0.77
2024-08-15,003006,22.88,22.64,23.13,22.46,24803,52850617.9,2.92,-1.48,-0.34,0.58
2024-08-16,003006,22.33,22.72,23.09,22.33,27349,58085516.8,3.36,0.35,0.08,0.64
2024-08-19,003006,22.41,23.15,23.25,22.36,27931,59976214.31,3.92,1.89,0.43,0.65
2024-08-20,003006,23.06,22.66,23.21,22.43,21536,45737410.6,3.37,-2.12,-0.49,0.5
2024-08-21,003006,22.64,22.87,23.04,22.43,19216,41111384.0,2.69,0.93,0.21,0.45
2024-08-22,003006,23.03,23.29,23.6,22.8,25887,56512537.0,3.5,1.84,0.42,0.6
2024-08-23,003006,23.26,23.07,23.57,22.78,18029,38921294.86,3.39,-0.94,-0.22,0.42
2024-08-26,003006,23.07,22.84,23.15,22.57,12223,26091163.0,2.51,-1.0,-0.23,0.29
2024-08-27,003006,22.71,22.82,22.95,22.41,17996,38241996.53,2.36,-0.09,-0.02,0.42
2024-08-28,003006,22.65,22.9,23.25,22.63,13760,29567824.0,2.72,0.35,0.08,0.32
2024-08-29,003006,22.9,23.37,23.43,22.61,18381,39833543.92,3.58,2.05,0.47,0.43
2024-08-30,003006,23.41,24.05,24.31,22.93,31499,70655886.42,5.91,2.91,0.68,0.73
2024-09-02,003006,24.05,24.3,24.41,23.68,37757,85625843.24,3.04,1.04,0.25,0.88
2024-09-03,003006,24.14,24.18,24.53,24.01,25193,57401898.0,2.14,-0.49,-0.12,0.59
2024-09-04,003006,24.17,24.17,24.6,23.96,21662,49416777.04,2.65,-0.04,-0.01,0.51
2024-09-05,003006,24.17,24.33,24.41,23.96,12428,28293482.38,1.86,0.66,0.16,0.29
2024-09-06,003006,24.33,24.16,24.5,24.1,12687,28995169.5,1.64,-0.7,-0.17,0.3
2024-09-09,003006,24.08,24.18,24.7,24.02,23659,54139414.36,2.81,0.08,0.02,0.55
2024-09-10,003006,24.17,24.14,24.4,23.96,15536,35228407.0,1.82,-0.17,-0.04,0.36
2024-09-11,003006,24.09,24.65,24.75,24.02,12581,29064401.59,3.02,2.11,0.51,0.29
2024-09-12,003006,24.72,24.58,25.13,24.53,21098,49219075.2,2.43,-0.28,-0.07,0.49
2024-09-13,003006,24.48,24.76,25.08,24.47,13889,32537408.67,2.48,0.73,0.18,0.32
2024-09-18,003006,24.78,25.25,25.69,24.45,28197,67066874.7,5.01,1.98,0.49,0.66
2024-09-19,003006,25.25,25.2,25.55,25.04,17338,41189436.27,2.02,-0.2,-0.05,0.4
2024-09-20,003006,25.32,24.29,25.32,24.18,26299,60562759.72,4.52,-3.61,-0.91,0.61
2024-09-23,003006,24.25,24.33,24.6,24.07,15001,34322497.72,2.18,0.16,0.04,0.35
2024-09-24,003006,24.32,24.85,24.85,24.16,25591,59245486.06,2.84,2.14,0.52,0.6
2024-09-25,003006,24.95,24.17,25.16,24.15,36402,84216068.6,4.06,-2.74,-0.68,0.85
2024-09-26,003006,24.03,25.21,25.21,24.03,40199,92335006.32,4.88,4.3,1.04,0.94
2024-09-27,003006,25.33,25.74,27.23,24.84,63613,154497557.98,9.48,2.1,0.53,1.48
2024-09-30,003006,26.85,28.14,28.17,25.96,65163,170493776.25,8.59,9.32,2.4,1.52
2024-10-08,003006,30.81,28.79,30.81,27.13,72575,197517619.11,13.08,2.31,0.65,1.69
2024-10-09,003006,28.39,28.83,30.55,27.54,73909,205288637.43,10.46,0.14,0.04,1.72
2024-10-10,003006,28.85,27.48,29.62,27.34,98663,265299513.9,7.91,-4.68,-1.35,2.3
2024-10-11,003006,27.47,26.38,27.83,25.96,57745,144863090.0,6.8,-4.0,-1.1,1.35
2024-10-14,003006,26.44,26.8,26.97,25.53,45383,113387609.27,5.46,1.59,0.42,1.06
2024-10-15,003006,26.8,26.35,27.31,26.09,46136,116165021.5,4.55,-1.68,-0.45,1.08
2024-10-16,003006,26.23,26.27,26.93,25.86,31539,78854251.1,4.06,-0.3,-0.08,0.74
2024-10-17,003006,26.57,26.45,27.35,26.23,26791,67415792.0,4.26,0.69,0.18,0.63
2024-10-18,003006,26.45,27.14,27.51,26.38,49213,125614613.75,4.27,2.61,0.69,1.15
2024-10-21,003006,27.13,27.76,28.61,25.95,97490,253752662.49,9.8,2.28,0.62,2.27
2024-10-22,003006,27.87,28.72,28.95,27.87,55228,149998083.22,3.89,3.46,0.96,1.29
2024-10-23,003006,28.74,28.44,29.45,28.26,46084,125555211.38,4.14,-0.97,-0.28,1.08
2024-10-24,003006,28.33,28.81,29.25,28.18,42580,116649335.89,3.76,1.3,0.37,0.99
2024-10-25,003006,28.81,28.78,29.14,28.47,34485,94115900.96,2.33,-0.1,-0.03,0.8
2024-10-28,003006,28.71,28.82,29.23,28.36,30108,82445927.0,3.02,0.14,0.04,0.7
2024-10-29,003006,29.18,28.72,29.52,28.68,26446,72999462.18,2.91,-0.35,-0.1,0.62
2024-10-30,003006,28.7,28.15,28.98,27.81,35183,94019614.6,4.07,-1.98,-0.57,0.82
2024-10-31,003006,28.13,27.34,28.15,27.25,29676,77421180.39,3.2,-2.88,-0.81,0.69
2024-11-01,003006,27.17,27.3,27.93,26.71,39880,103419589.65,4.46,-0.15,-0.04,0.93
2024-11-04,003006,27.42,27.39,27.67,26.8,32518,83759968.4,3.19,0.33,0.09,0.76
2024-11-05,003006,27.33,27.05,27.33,26.57,47451,120640398.0,2.77,-1.24,-0.34,1.11
2024-11-06,003006,27.0,26.97,27.21,26.75,31813,81233147.2,1.7,-0.3,-0.08,0.74
2024-11-07,003006,26.78,27.44,27.89,26.77,28812,74805482.86,4.15,1.74,0.47,0.67
2024-11-08,003006,27.5,27.34,27.75,27.15,25874,67239617.84,2.19,-0.36,-0.1,0.6
2024-11-11,003006,27.52,26.91,27.53,26.77,23893,61035898.74,2.78,-1.57,-0.43,0.56
2024-11-12,003006,26.94,26.7,27.23,26.46,19414,49432395.11,2.86,-0.78,-0.21,0.45
2024-11-13,003006,26.7,27.38,27.57,26.54,33683,86739742.88,3.86,2.55,0.68,0.79
2024-11-14,003006,27.37,27.13,27.7,26.95,23856,61480926.25,2.74,-0.91,-0.25,0.56
2024-11-15,003006,27.03,28.03,28.43,26.94,48162,128134948.91,5.49,3.32,0.9,1.12
2024-11-18,003006,28.04,28.13,29.04,27.56,45380,121931349.97,5.28,0.36,0.1,1.06
2024-11-19,003006,28.03,29.14,29.33,27.85,45814,124719336.83,5.26,3.59,1.01,1.07
2024-11-20,003006,29.15,28.42,29.16,28.05,29774,80301856.56,3.81,-2.47,-0.72,0.69
2024-11-21,003006,28.42,28.5,28.77,27.87,27577,74235146.18,3.17,0.28,0.08,0.64
2024-11-22,003006,28.66,27.35,29.08,27.2,32171,85315960.85,6.6,-4.04,-1.15,0.75
2024-11-25,003006,27.1,27.62,27.69,26.77,34241,88353589.0,3.36,0.99,0.27,0.8
2024-11-26,003006,27.53,26.86,27.91,26.76,21027,54223591.4,4.16,-2.75,-0.76,0.49
2024-11-27,003006,26.87,27.06,27.16,26.46,16523,41932259.15,2.61,0.74,0.2,0.39
2024-11-28,003006,27.06,26.74,27.22,26.54,16656,42335527.0,2.51,-1.18,-0.32,0.39
2024-11-29,003006,26.69,27.3,27.84,26.53,20449,53034017.0,4.9,2.09,0.56,0.48
2024-12-02,003006,27.44,27.76,27.98,26.63,29329,76264144.0,4.95,1.68,0.46,0.68
2024-12-03,003006,27.75,27.81,28.11,27.43,23367,61568867.0,2.45,0.18,0.05,0.55
2024-12-04,003006,27.68,26.87,27.81,26.75,31292,80497966.96,3.81,-3.38,-0.94,0.73
2024-12-05,003006,26.68,26.6,26.93,26.07,35454,88532186.86,3.2,-1.0,-0.27,0.83
2024-12-06,003006,26.52,26.31,26.92,26.04,44263,110253995.0,3.31,-1.09,-0.29,1.03
2024-12-09,003006,26.42,26.25,26.63,26.12,26247,65361520.67,1.94,-0.23,-0.06,0.61
2024-12-10,003006,26.63,26.67,27.28,26.54,38628,98444787.04,2.82,1.6,0.42,0.9
2024-12-11,003006,26.56,27.25,27.65,26.56,35799,92533958.8,4.09,2.17,0.58,0.84
2024-12-12,003006,27.38,28.68,28.74,27.35,41466,110990579.57,5.1,5.25,1.43,0.97
2024-12-13,003006,28.82,28.33,28.82,27.75,36992,98667567.0,3.73,-1.22,-0.35,0.86
2024-12-16,003006,28.23,27.31,28.45,27.17,36000,93974522.08,4.52,-3.6,-1.02,0.84
2024-12-17,003006,27.36,27.2,27.75,27.06,22494,58251975.6,2.53,-0.4,-0.11,0.52
2024-12-18,003006,27.23,26.76,27.32,26.53,15205,38683042.0,2.9,-1.62,-0.44,0.35
2024-12-19,003006,26.64,27.05,27.21,26.29,16383,41697608.0,3.44,1.08,0.29,0.38
2024-12-20,003006,27.05,26.74,27.71,26.6,29280,75033238.8,4.1,-1.15,-0.31,0.68
2024-12-23,003006,26.62,25.35,26.73,24.69,78485,188671829.0,7.63,-5.2,-1.39,1.83
2024-12-24,003006,25.25,25.76,26.01,25.07,29631,71575200.27,3.71,1.62,0.41,0.69
2024-12-25,003006,25.72,25.21,25.8,24.65,34798,82142407.0,4.46,-2.14,-0.55,0.81
2024-12-26,003006,25.2,25.19,25.5,25.0,17164,40820706.59,1.98,-0.08,-0.02,0.4
2024-12-27,003006,25.19,24.92,25.23,24.66,30596,71746502.31,2.26,-1.07,-0.27,0.71
2024-12-30,003006,24.69,24.75,25.34,24.66,26156,61757544.0,2.73,-0.68,-0.17,0.61
2024-12-31,003006,24.8,25.44,25.95,24.72,34931,84104530.0,4.97,2.79,0.69,0.81
2025-01-02,003006,25.45,24.59,25.65,24.35,40601,95541983.0,5.11,-3.34,-0.85,0.95
2025-01-03,003006,24.56,23.85,25.04,23.74,35663,80782927.4,5.29,-3.01,-0.74,0.83
2025-01-06,003006,23.86,23.81,24.13,22.98,35534,78985793.36,4.82,-0.17,-0.04,0.83
2025-01-07,003006,23.78,23.95,24.14,23.58,27839,62373210.69,2.35,0.59,0.14,0.65
2025-01-08,003006,23.95,23.6,24.01,23.05,30690,67661478.8,4.01,-1.46,-0.35,0.72
2025-01-09,003006,23.57,23.57,23.83,23.12,30888,68274125.0,3.01,-0.13,-0.03,0.72
2025-01-10,003006,23.54,23.15,23.83,23.13,18566,40961198.0,2.97,-1.78,-0.42,0.43
2025-01-13,003006,23.09,23.36,23.73,22.85,32735,71593540.0,3.8,0.91,0.21,0.76
2025-01-14,003006,23.31,23.8,23.83,22.98,40657,89415828.0,3.64,1.88,0.44,0.95
2025-01-15,003006,23.8,24.42,24.92,23.64,39984,91635693.75,5.38,2.61,0.62,0.93
2025-01-16,003006,24.44,25.26,25.81,24.44,42930,102335618.6,5.61,3.44,0.84,1.0
2025-01-17,003006,25.24,25.44,25.51,24.98,23447,55945017.0,2.1,0.71,0.18,0.55
2025-01-20,003006,25.53,25.43,25.87,24.98,21643,51764589.0,3.5,-0.04,-0.01,0.5
2025-01-21,003006,25.43,25.41,25.65,25.05,14914,35583773.0,2.36,-0.08,-0.02,0.35
2025-01-22,003006,25.42,25.0,25.58,24.91,24819,58815238.58,2.64,-1.61,-0.41,0.58
2025-01-23,003006,25.23,24.38,25.45,23.89,71342,163566520.9,6.24,-2.48,-0.62,1.66
2025-01-24,003006,24.5,25.13,25.23,24.03,38575,89340160.85,4.92,3.08,0.75,0.9
2025-01-27,003006,25.19,24.87,25.49,24.8,20159,47598788.0,2.75,-1.03,-0.26,0.47
2025-02-05,003006,24.66,24.07,25.0,23.78,28446,64320842.06,4.91,-3.22,-0.8,0.66
2025-02-06,003006,23.98,24.32,24.39,23.61,23472,52909916.0,3.24,1.04,0.25,0.55
2025-02-07,003006,24.24,24.08,24.6,23.91,25134,57149855.0,2.84,-0.99,-0.24,0.59
2025-02-10,003006,24.1,24.82,25.61,23.48,46894,108321239.52,8.85,3.07,0.74,1.09
2025-02-11,003006,24.84,24.52,25.23,24.31,23861,55620332.0,3.71,-1.21,-0.3,0.56
2025-02-12,003006,24.48,24.67,24.73,23.96,27648,63306496.5,3.14,0.61,0.15,0.64
2025-02-13,003006,24.65,25.08,25.28,24.18,30748,71883700.0,4.46,1.66,0.41,0.72
2025-02-14,003006,25.23,25.25,25.66,24.75,26421,62899255.6,3.63,0.68,0.17,0.62
2025-02-17,003006,25.39,24.1,25.39,24.05,31771,72811010.2,5.31,-4.55,-1.15,0.74
2025-02-18,003006,24.08,23.7,24.23,23.56,15384,34553641.58,2.78,-1.66,-0.4,0.36
2025-02-19,003006,23.53,23.81,23.92,23.36,25028,55454371.72,2.36,0.46,0.11,0.58
2025-02-20,003006,23.74,24.35,24.44,23.5,23313,52744910.0,3.95,2.27,0.54,0.54
2025-02-21,003006,24.35,24.44,24.7,24.16,21500,49547803.0,2.22,0.37,0.09,0.5
2025-02-24,003006,24.44,24.08,24.54,24.05,25560,58220386.5,2.0,-1.47,-0.36,0.6
2025-02-25,003006,23.97,24.93,25.26,23.78,40589,94760812.28,6.15,3.53,0.85,0.95
2025-02-26,003006,24.86,24.84,25.75,24.68,21840,51684055.7,4.29,-0.36,-0.09,0.51
2025-02-27,003006,24.84,26.13,26.35,24.66,32339,78172729.03,6.8,5.19,1.29,0.75
2025-02-28,003006,26.05,26.11,26.56,25.9,20806,51588035.0,2.53,-0.08,-0.02,0.49
2025-03-03,003006,26.02,25.75,26.91,25.31,39605,97657164.77,6.13,-1.38,-0.36,0.92
2025-03-04,003006,25.75,25.25,26.2,25.06,31876,76521650.2,4.43,-1.94,-0.5,0.74
2025-03-05,003006,25.35,25.67,25.83,25.06,28664,68895085.0,3.05,1.66,0.42,0.67
2025-03-06,003006,25.61,25.98,26.45,25.61,29389,72216447.4,3.27,1.21,0.31,0.69
2025-03-07,003006,25.95,26.22,26.29,25.5,21959,53685181.1,3.04,0.92,0.24,0.51
2025-03-10,003006,26.2,26.74,26.94,26.01,29316,73970208.12,3.55,1.98,0.52,0.68
2025-03-11,003006,26.7,28.2,29.26,26.53,60903,160589771.0,10.21,5.46,1.46,1.42
2025-03-12,003006,28.16,27.43,28.45,27.3,45443,119905152.0,4.08,-2.73,-0.77,1.06
2025-03-13,003006,27.47,26.79,27.78,26.58,52417,133516416.0,4.37,-2.33,-0.64,1.22
2025-03-14,003006,26.8,26.98,27.35,26.61,44994,114828690.68,2.76,0.71,0.19,1.05
2025-03-17,003006,24.43,24.59,25.02,24.43,262615,605085762.96,2.19,-8.86,-2.39,6.13
2025-03-18,003006,24.15,24.94,25.29,24.15,163324,379733805.41,4.64,1.42,0.35,3.81
2025-03-19,003006,24.9,24.42,24.9,24.39,80532,185951314.99,2.04,-2.09,-0.52,1.88
2025-03-20,003006,24.42,24.51,24.82,24.36,57954,134103700.0,1.88,0.37,0.09,1.35
2025-03-21,003006,24.75,25.17,25.84,24.54,94453,224874262.64,5.3,2.69,0.66,2.2
2025-03-24,003006,25.53,25.43,25.92,25.01,62708,150404837.4,3.62,1.03,0.26,1.46
2025-03-25,003006,25.43,24.76,25.45,24.55,71867,167417051.27,3.54,-2.63,-0.67,1.68
2025-03-26,003006,24.56,24.61,24.84,24.45,41314,95884599.0,1.58,-0.61,-0.15,0.96
2025-03-27,003006,24.65,25.17,25.53,24.46,48121,113938929.2,4.35,2.28,0.56,1.12
2025-03-28,003006,25.18,25.3,25.61,24.87,30708,73470917.0,2.94,0.52,0.13,0.72
2025-03-31,003006,25.08,26.16,26.53,25.08,80531,198270145.3,5.73,3.4,0.86,1.88
2025-04-01,003006,26.17,25.85,26.65,25.75,54402,134832042.0,3.44,-1.19,-0.31,1.27
2025-04-02,003006,25.86,26.8,27.04,25.77,49614,124919440.8,4.91,3.68,0.95,1.16
2025-04-03,003006,26.63,26.3,26.64,25.99,37046,92048997.79,2.43,-1.87,-0.5,0.86
2025-04-07,003006,25.35,25.17,26.13,23.85,69780,166379634.95,8.67,-4.3,-1.13,1.63
2025-04-08,003006,25.17,26.2,26.39,24.93,103544,251016811.42,5.8,4.09,1.03,2.42
2025-04-09,003006,26.19,25.8,26.41,25.29,77812,190335191.0,4.27,-1.53,-0.4,1.82
2025-04-10,003006,25.84,26.45,26.93,25.68,56275,140624612.0,4.84,2.52,0.65,1.32
2025-04-11,003006,26.27,26.41,26.75,26.03,53408,133727165.0,2.72,-0.15,-0.04,1.25
2025-04-14,003006,26.41,27.38,28.04,26.41,80264,207679331.0,6.17,3.67,0.97,1.87
2025-04-15,003006,27.23,28.08,28.45,27.11,65980,175091135.0,4.89,2.56,0.7,1.54
2025-04-16,003006,27.89,27.75,28.25,27.58,33811,89335864.6,2.39,-1.18,-0.33,0.79
2025-04-17,003006,27.75,28.46,29.33,27.47,64438,174967452.95,6.7,2.56,0.71,1.5
2025-04-18,003006,28.39,28.37,29.18,27.76,45376,122423553.3,4.99,-0.32,-0.09,1.06
2025-04-21,003006,29.15,31.06,31.06,29.15,173526,503952866.01,6.73,9.48,2.69,4.05
2025-04-22,003006,32.41,32.1,33.75,30.79,154135,469371892.28,9.53,3.35,1.04,3.6
2025-04-23,003006,31.92,31.33,32.18,31.03,98048,289710804.21,3.58,-2.4,-0.77,2.29
2025-04-24,003006,31.23,34.12,34.16,31.03,112076,350557355.8,9.99,8.91,2.79,2.62
2025-04-25,003006,34.12,33.04,34.12,32.73,64095,200163665.62,4.07,-3.17,-1.08,1.5
