日期,股票代码,开盘,收盘,最高,最低,成交量,成交额,振幅,涨跌幅,涨跌额,换手率
1992-09-10,600615,141.0,169.5,172.0,125.5,20584,31420000.0,84.55,208.18,114.5,428.83
1992-09-11,600615,172.5,181.5,195.5,168.0,10376,18598000.0,16.22,7.08,12.0,216.17
1992-09-14,600615,181.0,170.0,189.5,156.5,10660,18726000.0,18.18,-6.34,-11.5,222.08
1992-09-15,600615,165.0,172.0,177.93,155.5,6640,11265000.0,13.19,1.18,2.0,138.33
1992-09-16,600615,172.0,179.0,188.5,172.0,6084,10812000.0,9.59,4.07,7.0,126.75
1992-09-17,600615,180.0,178.95,189.5,174.03,4379,7860000.0,8.64,-0.03,-0.05,91.23
1992-09-18,600615,177.0,179.5,180.0,174.05,2768,4905000.0,3.32,0.31,0.55,57.67
1992-09-21,600615,181.0,173.05,182.5,171.5,4174,7354000.0,6.13,-3.59,-6.45,86.96
1992-09-22,600615,171.0,171.15,174.75,168.0,3499,5997000.0,3.9,-1.1,-1.9,72.9
1992-09-23,600615,169.05,168.6,172.0,166.3,2316,3915000.0,3.33,-1.49,-2.55,48.25
1992-09-24,600615,165.0,173.5,174.5,165.0,2155,3703000.0,5.63,2.91,4.9,44.9
1992-09-25,600615,174.5,173.0,174.75,170.0,1336,2311000.0,2.74,-0.29,-0.5,27.83
1992-09-28,600615,170.5,171.2,172.5,169.75,640,1094000.0,1.59,-1.04,-1.8,13.33
1992-09-29,600615,165.0,167.0,170.0,165.0,2008,3357000.0,2.92,-2.45,-4.2,41.83
1992-09-30,600615,164.0,164.5,167.0,163.25,2284,3762000.0,2.25,-1.5,-2.5,47.58
1992-10-05,600615,164.05,156.35,165.0,154.4,2790,4406000.0,6.44,-4.95,-8.15,58.13
1992-10-06,600615,154.0,155.2,162.98,150.5,2272,3541000.0,7.98,-0.74,-1.15,47.33
1992-10-07,600615,154.25,152.5,157.75,151.75,1271,1965000.0,3.87,-1.74,-2.7,26.48
1992-10-08,600615,152.6,148.0,152.6,145.5,3150,4654000.0,4.66,-2.95,-4.5,65.63
1992-10-09,600615,145.0,153.0,156.5,145.0,3515,5343000.0,7.77,3.38,5.0,73.23
1992-10-12,600615,159.0,159.0,168.0,155.3,4338,7000000.0,8.3,3.92,6.0,90.38
1992-10-13,600615,160.0,151.73,161.5,150.0,1654,2582000.0,7.23,-4.57,-7.27,34.46
1992-10-14,600615,152.0,148.5,152.0,145.53,2788,4135000.0,4.26,-2.13,-3.23,58.08
1992-10-15,600615,145.0,147.4,150.1,145.0,2099,3078000.0,3.43,-0.74,-1.1,43.73
1992-10-16,600615,151.0,147.1,153.05,147.0,1577,2351000.0,4.1,-0.2,-0.3,32.85
1992-10-19,600615,156.0,135.0,156.0,135.0,2678,3760000.0,14.28,-8.23,-12.1,55.79
1992-10-20,600615,138.5,129.6,149.75,123.5,2626,3500000.0,19.44,-4.0,-5.4,54.71
1992-10-21,600615,127.5,119.25,129.0,116.0,3584,4353000.0,10.03,-7.99,-10.35,74.67
1992-10-22,600615,113.5,104.5,116.5,101.8,4194,4519000.0,12.33,-12.37,-14.75,87.38
1992-10-23,600615,100.0,111.5,120.5,98.0,3233,3498000.0,21.53,6.7,7.0,67.35
1992-10-26,600615,117.8,99.25,117.8,95.28,4346,4519000.0,20.2,-10.99,-12.25,90.54
1992-10-27,600615,93.3,86.0,94.75,86.0,4487,3965000.0,8.82,-13.35,-13.25,93.48
1992-10-28,600615,82.5,85.25,92.53,82.5,2822,2493000.0,11.66,-0.87,-0.75,58.79
1992-10-29,600615,85.0,91.0,91.25,85.0,1860,1661000.0,7.33,6.74,5.75,38.75
1992-10-30,600615,91.0,94.05,95.2,90.0,2684,2490000.0,5.71,3.35,3.05,55.92
1992-11-02,600615,94.25,87.0,96.25,85.75,2291,2030000.0,11.16,-7.5,-7.05,47.73
1992-11-03,600615,85.1,86.2,89.55,82.9,1787,1539000.0,7.64,-0.92,-0.8,37.23
1992-11-04,600615,85.5,84.3,86.9,74.7,850,720000.0,14.15,-2.2,-1.9,17.71
1992-11-05,600615,84.5,80.85,84.5,78.53,1612,1302000.0,7.08,-4.09,-3.45,33.58
1992-11-06,600615,80.0,78.0,82.48,77.95,1477,1175000.0,5.6,-3.53,-2.85,30.77
1992-11-09,600615,80.5,71.1,80.5,69.68,1157,833000.0,13.87,-8.85,-6.9,24.1
1992-11-10,600615,70.3,64.43,79.28,61.28,2911,1885000.0,25.32,-9.38,-6.67,60.65
1992-11-11,600615,65.5,65.9,66.3,61.75,2257,1463000.0,7.06,2.28,1.47,47.02
1992-11-12,600615,65.05,67.1,68.5,64.95,3042,2038000.0,5.39,1.82,1.2,63.38
1992-11-13,600615,68.0,66.85,69.25,65.9,1382,935000.0,4.99,-0.37,-0.25,28.79
1992-11-16,600615,66.43,62.83,66.43,61.7,1524,968000.0,7.08,-6.01,-4.02,31.75
1992-11-17,600615,61.05,62.45,63.0,59.95,1376,851000.0,4.85,-0.6,-0.38,28.67
1992-11-18,600615,63.0,64.5,64.8,63.0,1422,909000.0,2.88,3.28,2.05,29.63
1992-11-19,600615,65.0,62.5,65.0,62.5,1444,920000.0,3.88,-3.1,-2.0,30.08
1992-11-20,600615,62.5,63.5,63.6,62.5,1147,723000.0,1.76,1.6,1.0,23.9
1992-11-23,600615,63.0,64.9,66.0,63.0,1414,914000.0,4.72,2.2,1.4,29.46
1992-11-24,600615,65.5,70.5,71.1,65.0,2655,1774000.0,9.4,8.63,5.6,55.31
1992-11-25,600615,80.0,95.0,95.0,78.0,5362,4569000.0,24.11,34.75,24.5,111.71
1992-11-26,600615,115.0,100.0,145.0,99.0,7174,8093000.0,48.42,5.26,5.0,149.46
1992-11-27,600615,92.0,115.0,120.0,70.0,5382,5796000.0,50.0,15.0,15.0,112.13
1992-11-30,600615,125.0,132.0,138.0,121.1,6743,8713000.0,14.7,14.78,17.0,140.48
1992-12-01,600615,135.0,130.0,136.0,120.0,4665,6107000.0,12.12,-1.52,-2.0,97.19
1992-12-02,600615,127.0,133.0,135.0,122.0,2420,3179000.0,10.0,2.31,3.0,50.42
1992-12-03,600615,157.1,155.0,157.1,132.05,5189,7583000.0,18.83,16.54,22.0,108.1
1992-12-04,600615,155.0,155.0,161.0,145.0,6251,9708000.0,10.32,0.0,0.0,130.23
1992-12-07,600615,145.0,152.0,155.0,135.0,3104,4624000.0,12.9,-1.94,-3.0,64.67
1992-12-08,600615,155.0,145.5,155.0,145.0,10134,15115000.0,6.58,-4.28,-6.5,211.13
1992-12-09,600615,137.1,125.1,144.0,120.0,3828,5214000.0,16.49,-14.02,-20.4,79.75
1992-12-10,600615,131.0,119.5,136.0,115.0,4808,5979000.0,16.79,-4.48,-5.6,10.02
1992-12-11,600615,125.0,136.0,138.0,118.0,3575,4539000.0,16.74,13.81,16.5,7.45
1992-12-14,600615,137.0,131.0,144.5,125.0,1609,2128000.0,14.34,-3.68,-5.0,3.35
1992-12-15,600615,129.9,123.0,133.0,123.0,1123,1451000.0,7.63,-6.11,-8.0,2.34
1992-12-16,600615,122.9,125.9,128.0,122.0,1319,1655000.0,4.88,2.36,2.9,2.75
1992-12-17,600615,128.0,131.8,131.8,126.0,1104,1430000.0,4.61,4.69,5.9,2.3
1992-12-18,600615,135.0,129.0,135.0,125.0,1372,1796000.0,7.59,-2.12,-2.8,2.86
1992-12-21,600615,131.5,134.0,141.0,129.5,2936,3951000.0,8.91,3.88,5.0,6.12
1992-12-22,600615,134.0,132.0,135.8,132.0,1504,2022000.0,2.84,-1.49,-2.0,3.13
1992-12-23,600615,130.1,132.0,133.5,130.0,922,1210000.0,2.65,0.0,0.0,1.92
1992-12-24,600615,133.0,136.0,137.0,130.6,1670,2226000.0,4.85,3.03,4.0,3.48
1992-12-25,600615,131.1,134.9,139.4,131.1,2302,3149000.0,6.1,-0.81,-1.1,4.8
1992-12-28,600615,134.9,132.6,135.2,132.0,855,1138000.0,2.37,-1.7,-2.3,1.78
1992-12-29,600615,133.5,134.8,134.9,132.0,1124,1505000.0,2.19,1.66,2.2,2.34
1992-12-30,600615,137.0,136.0,137.0,135.0,2326,3165000.0,1.48,0.89,1.2,4.85
1992-12-31,600615,135.1,138.5,138.7,133.9,2123,2925000.0,3.53,1.84,2.5,4.42
1993-01-04,600615,139.0,145.0,146.9,138.5,2482,3579000.0,6.06,4.69,6.5,5.17
1993-01-05,600615,148.0,155.7,159.7,148.0,9413,14538000.0,8.07,7.38,10.7,19.61
1993-01-06,600615,165.0,155.0,167.0,152.0,6103,9656000.0,9.63,-0.45,-0.7,12.71
1993-01-07,600615,152.5,156.5,157.9,152.4,3915,6106000.0,3.55,0.97,1.5,8.16
1993-01-08,600615,164.8,158.8,166.5,157.5,7417,11911000.0,5.75,1.47,2.3,15.45
1993-01-11,600615,160.0,171.0,172.5,160.0,10248,17166000.0,7.87,7.68,12.2,21.35
1993-01-12,600615,173.1,173.9,182.0,172.0,8406,14971000.0,5.85,1.7,2.9,17.51
1993-01-13,600615,172.0,177.5,182.0,171.0,4517,7919000.0,6.33,2.07,3.6,9.41
1993-01-14,600615,180.0,189.0,189.7,176.1,6907,12664000.0,7.66,6.48,11.5,14.39
1993-01-15,600615,188.9,181.6,190.0,173.5,4758,8763000.0,8.73,-3.92,-7.4,9.91
1993-01-18,600615,187.9,178.9,187.9,178.0,2203,3973000.0,5.45,-1.49,-2.7,4.59
1993-01-19,600615,178.6,167.0,178.6,165.1,2975,5097000.0,7.55,-6.65,-11.9,6.2
1993-01-20,600615,167.0,173.9,174.9,156.3,1795,3086000.0,11.14,4.13,6.9,3.74
1993-01-21,600615,176.0,178.9,181.0,175.1,2019,3600000.0,3.39,2.88,5.0,4.21
1993-01-22,600615,181.8,182.6,189.0,178.0,3812,7000000.0,6.15,2.07,3.7,7.94
1993-01-27,600615,183.2,189.4,190.0,182.8,5214,9823000.0,3.94,3.72,6.8,10.86
1993-01-28,600615,190.0,187.2,195.0,185.4,5325,10128000.0,5.07,-1.16,-2.2,11.09
1993-01-29,600615,185.5,201.0,205.0,185.0,5296,10204000.0,10.68,7.37,13.8,11.03
1993-02-01,600615,205.0,221.0,230.0,205.0,8209,17996000.0,12.44,9.95,20.0,17.1
1993-02-02,600615,220.0,224.0,229.0,218.0,7917,17816000.0,4.98,1.36,3.0,16.49
1993-02-03,600615,225.5,222.8,228.7,215.0,4588,10122000.0,6.12,-0.54,-1.2,9.56
1993-02-04,600615,225.0,234.0,234.0,222.8,4238,9720000.0,5.03,5.03,11.2,8.83
1993-02-05,600615,257.5,240.1,261.0,239.8,8997,22484000.0,9.06,2.61,6.1,18.74
1993-02-08,600615,245.1,248.5,250.0,235.0,4081,10033000.0,6.25,3.5,8.4,8.5
1993-02-09,600615,252.0,256.5,261.0,250.0,6488,16597000.0,4.43,3.22,8.0,13.52
1993-02-10,600615,265.0,248.0,265.0,235.0,6619,16853000.0,11.7,-3.31,-8.5,13.79
1993-02-11,600615,249.0,225.1,255.0,224.5,4339,10439000.0,12.3,-9.23,-22.9,9.04
1993-02-12,600615,219.9,237.0,238.9,219.9,5244,12015000.0,8.44,5.29,11.9,10.93
1993-02-15,600615,241.0,246.0,254.0,241.0,4206,10374000.0,5.49,3.8,9.0,8.76
1993-02-16,600615,252.1,250.6,265.0,250.0,8363,21426000.0,6.1,1.87,4.6,17.42
1993-02-17,600615,251.0,245.0,254.9,245.0,2569,6437000.0,3.95,-2.23,-5.6,5.35
1993-02-18,600615,240.0,247.0,255.0,240.0,2201,5487000.0,6.12,0.82,2.0,4.59
1993-02-19,600615,245.0,246.0,250.0,226.0,3040,7294000.0,9.72,-0.4,-1.0,6.33
1993-02-22,600615,230.0,238.6,252.4,230.0,1507,3664000.0,9.11,-3.01,-7.4,3.14
1993-02-23,600615,237.9,225.0,245.0,225.0,2744,6324000.0,8.38,-5.7,-13.6,5.72
1993-02-24,600615,224.2,204.0,224.2,170.5,6240,12726000.0,23.87,-9.33,-21.0,13.0
1993-02-25,600615,200.0,225.0,229.8,200.0,5186,11256000.0,14.61,10.29,21.0,10.8
1993-02-26,600615,208.0,205.0,233.8,204.0,6826,14876000.0,13.24,-8.89,-20.0,14.22
1993-03-01,600615,211.2,185.1,219.0,185.0,3394,6913000.0,16.59,-9.71,-19.9,7.07
1993-03-02,600615,190.0,193.0,209.9,183.0,3128,6109000.0,14.53,4.27,7.9,6.52
1993-03-03,600615,196.0,192.5,197.9,189.5,1008,1940000.0,4.35,-0.26,-0.5,2.1
1993-03-04,600615,206.0,177.0,206.0,174.0,1480,2694000.0,16.62,-8.05,-15.5,3.08
1993-03-05,600615,178.0,164.0,179.0,145.1,3287,5354000.0,19.15,-7.34,-13.0,6.85
1993-03-08,600615,207.5,186.0,209.0,180.0,5692,11117000.0,17.68,13.41,22.0,11.86
1993-03-09,600615,170.0,167.5,181.0,161.0,2915,4974000.0,10.75,-9.95,-18.5,6.07
1993-03-10,600615,165.0,175.1,175.9,158.0,2023,3437000.0,10.69,4.54,7.6,4.21
1993-03-11,600615,180.5,192.6,192.6,178.0,4127,7688000.0,8.34,9.99,17.5,8.6
1993-03-12,600615,196.8,186.0,197.0,184.0,3315,6374000.0,6.75,-3.43,-6.6,6.91
1993-03-15,600615,168.2,172.0,187.5,168.2,1682,3056000.0,10.38,-7.53,-14.0,3.5
1993-03-16,600615,169.2,185.5,186.9,169.2,1063,1935000.0,10.29,7.85,13.5,2.21
1993-03-17,600615,188.0,185.2,191.8,181.1,1462,2738000.0,5.77,-0.16,-0.3,3.05
1993-03-18,600615,186.0,183.5,188.5,180.1,983,1807000.0,4.54,-0.92,-1.7,2.05
1993-03-19,600615,185.0,180.0,188.0,171.0,1445,2624000.0,9.26,-1.91,-3.5,3.01
1993-03-22,600615,162.0,164.0,180.0,162.0,2261,3835000.0,10.0,-8.89,-16.0,4.71
1993-03-23,600615,164.0,154.0,164.0,150.2,1897,2950000.0,8.41,-6.1,-10.0,3.95
1993-03-24,600615,153.0,151.5,159.8,151.0,734,1130000.0,5.71,-1.62,-2.5,1.53
1993-03-25,600615,152.0,149.4,155.0,145.0,1098,1626000.0,6.6,-1.39,-2.1,2.29
1993-03-26,600615,152.0,162.5,165.0,150.0,3167,4978000.0,10.04,8.77,13.1,6.6
1993-03-29,600615,152.0,153.0,159.9,140.5,1034,1579485.0,11.94,-5.85,-9.5,2.15
1993-03-30,600615,152.0,152.1,165.0,152.0,2681,4280000.0,8.5,-0.59,-0.9,5.59
1993-03-31,600615,154.5,146.5,154.5,145.5,1001,1476000.0,5.92,-3.68,-5.6,2.09
1993-04-01,600615,150.0,150.8,152.0,142.3,625,927000.0,6.62,2.94,4.3,1.3
1993-04-02,600615,153.6,147.0,155.0,146.0,778,1183000.0,5.97,-2.52,-3.8,1.62
1993-04-05,600615,147.2,150.5,151.9,147.1,664,986000.0,3.27,2.38,3.5,1.38
1993-04-06,600615,155.0,165.0,168.8,153.5,2872,4672000.0,10.17,9.63,14.5,5.98
1993-04-12,600615,210.0,181.5,210.0,180.0,5854,11022000.0,18.18,10.0,16.5,12.2
1993-04-13,600615,180.3,195.0,195.0,180.3,5093,9679000.0,8.1,7.44,13.5,10.61
1993-04-14,600615,195.0,185.0,200.0,179.0,5367,10290000.0,10.77,-5.13,-10.0,11.18
1993-04-15,600615,181.7,185.0,188.0,179.5,1999,3682000.0,4.59,0.0,0.0,4.16
1993-04-16,600615,185.0,174.5,188.0,171.0,2105,3782000.0,9.19,-5.68,-10.5,4.39
1993-04-19,600615,164.2,183.5,192.6,164.2,2569,4676000.0,16.28,5.16,9.0,5.35
1993-04-20,600615,192.0,191.0,198.0,185.0,7714,14943000.0,7.08,4.09,7.5,16.07
1993-04-21,600615,192.8,191.9,195.0,190.0,2142,4113000.0,2.62,0.47,0.9,4.46
1993-04-22,600615,191.0,195.0,195.0,189.1,2439,4712000.0,3.07,1.62,3.1,5.08
1993-04-23,600615,199.0,193.8,202.0,192.5,3948,7759000.0,4.87,-0.62,-1.2,8.23
1993-04-26,600615,198.9,202.0,204.0,195.1,5368,10755000.0,4.59,4.23,8.2,11.18
1993-04-27,600615,204.2,208.0,215.0,204.2,4287,8974409.0,5.35,2.97,6.0,8.93
1993-04-28,600615,208.0,220.0,222.0,208.0,5901,12712000.0,6.73,5.77,12.0,12.29
1993-04-29,600615,222.0,213.1,222.0,211.2,2778,6005000.0,4.91,-3.14,-6.9,5.79
1993-04-30,600615,212.8,213.5,214.0,206.0,1774,3759000.0,3.75,0.19,0.4,3.7
1993-05-03,600615,223.0,219.0,224.8,207.1,3372,7401375.0,8.29,2.58,5.5,7.03
1993-05-04,600615,220.0,197.0,220.0,190.0,3737,7653000.0,13.7,-10.05,-22.0,7.79
1993-05-05,600615,195.0,198.0,202.0,190.1,2333,4622000.0,6.04,0.51,1.0,4.86
1993-05-06,600615,200.0,181.5,201.0,173.0,1612,2999000.0,14.14,-8.33,-16.5,3.36
1993-05-07,600615,182.0,190.0,197.9,178.1,1981,3696000.0,10.91,4.68,8.5,4.13
1993-05-10,600615,197.0,184.0,197.0,171.5,1690,3153000.0,13.42,-3.16,-6.0,3.52
1993-05-11,600615,181.0,185.0,186.0,176.1,1568,2874000.0,5.38,0.54,1.0,3.27
1993-05-12,600615,185.8,186.5,192.0,185.0,1533,2881000.0,3.78,0.81,1.5,3.19
1993-05-13,600615,186.0,200.0,201.0,186.0,3123,6100000.0,8.04,7.24,13.5,6.51
1993-05-14,600615,200.6,197.9,204.9,190.6,3120,6183000.0,7.15,-1.05,-2.1,6.5
1993-05-17,600615,193.6,193.9,194.7,183.0,1961,3711000.0,5.91,-2.02,-4.0,4.09
1993-05-18,600615,194.0,191.1,198.0,189.1,776,1505000.0,4.59,-1.44,-2.8,1.62
1993-05-19,600615,190.6,194.5,195.0,190.2,1007,1937000.0,2.51,1.78,3.4,2.1
1993-05-20,600615,198.0,198.0,200.0,195.6,1269,2512000.0,2.26,1.8,3.5,2.64
1993-05-21,600615,198.0,193.0,198.0,185.0,1180,2283000.0,6.57,-2.53,-5.0,2.46
1993-05-24,600615,205.0,179.0,205.0,177.1,2996,5620000.0,14.46,-7.25,-14.0,6.24
1993-05-25,600615,179.1,177.9,179.1,169.3,2167,3753000.0,5.47,-0.61,-1.1,4.51
1993-05-26,600615,175.8,175.0,178.5,171.0,989,1749000.0,4.22,-1.63,-2.9,2.06
1993-05-27,600615,171.2,168.1,176.0,164.6,1252,2116000.0,6.51,-3.94,-6.9,2.61
1993-05-28,600615,165.0,168.4,170.5,165.0,1567,2638000.0,3.27,0.18,0.3,3.26
1993-05-31,600615,168.78,158.16,173.1,154.92,842,896000.0,10.8,-6.08,-10.24,1.59
1993-06-01,600615,157.8,155.64,159.6,146.1,1196,1207000.0,8.54,-1.59,-2.52,2.27
1993-06-02,600615,161.4,190.2,192.0,153.48,4602,5175000.0,24.75,22.21,34.56,8.72
1993-06-03,600615,190.2,172.2,200.82,165.0,3233,3863000.0,18.83,-9.46,-18.0,6.12
1993-06-04,600615,168.6,166.44,174.0,159.96,1060,1149000.0,8.15,-3.34,-5.76,2.01
1993-06-07,600615,168.6,186.24,186.24,161.58,1064,1184000.0,14.82,11.9,19.8,2.02
1993-06-08,600615,186.6,186.6,194.88,174.18,4098,4920000.0,11.11,0.19,0.36,7.76
1993-06-09,600615,184.8,186.6,195.6,183.0,2772,3379000.0,6.75,0.0,0.0,5.25
1993-06-10,600615,195.42,182.1,195.42,177.96,947,1126000.0,9.36,-2.41,-4.5,1.79
1993-06-11,600615,184.8,181.38,184.8,177.6,773,900000.0,3.95,-0.4,-0.72,1.46
1993-06-14,600615,180.3,161.4,180.3,159.6,3395,3694000.0,11.41,-11.02,-19.98,3.93
1993-06-15,600615,162.84,166.62,168.6,159.6,1561,1674000.0,5.58,3.23,5.22,1.81
1993-06-16,600615,166.8,168.6,171.3,159.78,894,980000.0,6.91,1.19,1.98,1.03
1993-06-17,600615,170.4,165.36,170.4,165.0,529,579000.0,3.2,-1.92,-3.24,0.61
1993-06-18,600615,168.6,165.0,168.6,163.2,544,587000.0,3.27,-0.22,-0.36,0.63
1993-06-21,600615,164.64,159.42,165.9,156.0,1245,1310000.0,6.0,-3.38,-5.58,1.44
1993-06-22,600615,158.88,159.6,163.2,158.52,492,516000.0,2.94,0.11,0.18,0.57
1993-06-23,600615,159.6,157.8,161.4,157.8,429,450000.0,2.26,-1.13,-1.8,0.5
1993-06-24,600615,158.16,157.26,159.6,156.0,463,482000.0,2.28,-0.34,-0.54,0.54
1993-06-25,600615,157.8,162.3,168.6,155.64,1106,1176000.0,8.24,3.2,5.04,1.28
1993-06-28,600615,165.18,173.82,177.24,165.18,3763,4197000.0,7.43,7.1,11.52,4.36
1993-06-29,600615,173.64,180.84,185.7,173.64,3989,4668000.0,6.94,4.04,7.02,4.62
1993-06-30,600615,182.64,174.9,185.34,174.9,1766,2053000.0,5.77,-3.28,-5.94,2.04
1993-07-01,600615,174.0,177.6,180.84,168.6,2158,2426000.0,7.0,1.54,2.7,2.5
1993-07-02,600615,177.96,174.72,178.5,173.82,974,1109000.0,2.64,-1.62,-2.88,1.13
1993-07-05,600615,173.64,166.98,173.64,165.0,1843,2021000.0,4.95,-4.43,-7.74,2.13
1993-07-06,600615,154.74,157.8,163.2,154.56,1844,1925000.0,5.17,-5.5,-9.18,2.13
1993-07-07,600615,156.9,161.4,162.3,150.96,1218,1266000.0,7.19,2.28,3.6,1.41
1993-07-08,600615,159.6,160.5,168.24,158.7,763,804000.0,5.91,-0.56,-0.9,0.88
1993-07-09,600615,158.7,153.84,159.42,153.12,1298,1327000.0,3.93,-4.15,-6.66,1.5
1993-07-12,600615,146.1,154.2,159.6,146.1,1684,1699000.0,8.78,0.23,0.36,1.95
1993-07-13,600615,159.6,157.98,165.0,153.3,967,1004000.0,7.59,2.45,3.78,1.12
1993-07-14,600615,161.4,150.6,161.4,149.88,663,671000.0,7.29,-4.67,-7.38,0.77
1993-07-15,600615,150.6,150.6,154.02,149.88,636,637000.0,2.75,0.0,0.0,0.74
1993-07-16,600615,151.5,150.6,151.5,148.08,457,456000.0,2.27,0.0,0.0,0.53
1993-07-19,600615,150.6,147.0,151.5,145.38,655,649000.0,4.06,-2.39,-3.6,0.76
1993-07-21,600615,138.0,140.34,145.2,138.0,567,538000.0,4.9,-4.53,-6.66,0.66
1993-07-22,600615,139.8,140.52,141.6,136.38,254,238000.0,3.72,0.13,0.18,0.29
1993-07-23,600615,141.6,140.7,144.84,139.8,283,269000.0,3.59,0.13,0.18,0.33
1993-07-26,600615,139.08,135.48,139.08,135.3,413,379000.0,2.69,-3.71,-5.22,0.48
1993-07-27,600615,135.66,138.18,140.52,134.22,461,425000.0,4.65,1.99,2.7,0.53
1993-07-28,600615,144.84,141.24,150.6,136.2,1019,981000.0,10.42,2.21,3.06,1.18
1993-07-29,600615,145.2,144.3,147.0,141.78,340,327000.0,3.7,2.17,3.06,0.39
1993-07-30,600615,147.0,161.4,165.9,147.0,3673,3737000.0,13.1,11.85,17.1,4.25
1993-08-02,600615,162.48,149.7,166.44,141.6,3001,3119000.0,15.39,-7.25,-11.7,3.47
1993-08-03,600615,149.88,148.08,154.2,145.2,951,953000.0,6.01,-1.08,-1.62,1.1
1993-08-04,600615,147.0,154.2,155.1,145.2,700,693000.0,6.69,4.13,6.12,0.81
1993-08-05,600615,154.2,152.76,156.36,150.78,1323,1348000.0,3.62,-0.93,-1.44,1.53
1993-08-06,600615,150.96,153.84,156.36,150.96,951,970000.0,3.53,0.71,1.08,1.1
1993-08-09,600615,156.9,161.4,161.76,154.2,1705,1781000.0,4.91,4.91,7.56,1.97
1993-08-10,600615,165.0,157.8,173.28,150.6,5412,5925000.0,14.05,-2.23,-3.6,6.26
1993-08-11,600615,167.34,164.1,170.04,156.0,1047,1121000.0,8.9,3.99,6.3,1.21
1993-08-12,600615,168.6,175.8,176.7,165.9,4831,5393000.0,6.58,7.13,11.7,5.59
1993-08-13,600615,176.7,180.3,182.1,173.1,5609,6491000.0,5.12,2.56,4.5,6.49
1993-08-16,600615,183.9,194.7,195.6,178.5,6391,7679000.0,9.48,7.99,14.4,7.4
1993-08-17,600615,199.02,181.2,201.0,179.4,6026,7360000.0,11.09,-6.93,-13.5,6.97
1993-08-18,600615,180.66,175.44,186.24,174.9,2063,2390000.0,6.26,-3.18,-5.76,2.39
1993-08-19,600615,173.64,179.76,182.64,173.64,1892,2191000.0,5.13,2.46,4.32,2.19
1993-08-20,600615,183.18,172.92,183.18,164.1,1576,1784000.0,10.61,-3.81,-6.84,1.82
1993-08-23,600615,172.92,161.4,174.0,160.5,1610,1747000.0,7.81,-6.66,-11.52,1.86
1993-08-24,600615,159.42,161.94,164.1,156.18,1159,1222000.0,4.91,0.33,0.54,1.34
1993-08-25,600615,164.46,166.44,170.4,162.3,1151,1248000.0,5.0,2.78,4.5,1.33
1993-08-26,600615,166.44,164.28,166.8,162.3,432,466000.0,2.7,-1.3,-2.16,0.5
1993-08-27,600615,164.64,161.4,164.64,157.98,797,839000.0,4.05,-1.75,-2.88,0.92
1993-08-30,600615,156.9,163.74,168.24,156.9,578,622000.0,7.03,1.45,2.34,0.67
1993-08-31,600615,166.44,163.02,170.4,162.3,267,287000.0,4.95,-0.44,-0.72,0.31
1993-09-01,600615,164.1,161.4,164.82,161.4,283,302000.0,2.1,-0.99,-1.62,0.33
1993-09-02,600615,161.4,163.2,163.2,160.68,394,418000.0,1.56,1.12,1.8,0.46
1993-09-03,600615,163.92,169.5,172.02,163.92,1146,1259000.0,4.96,3.86,6.3,1.33
1993-09-06,600615,177.6,179.4,179.4,173.1,1869,2131000.0,3.72,5.84,9.9,2.16
1993-09-07,600615,180.84,170.4,180.84,169.32,1112,1266000.0,6.42,-5.02,-9.0,1.29
1993-09-08,600615,168.6,170.94,172.2,166.8,869,962000.0,3.17,0.32,0.54,1.01
1993-09-09,600615,169.68,167.7,172.2,166.8,645,710000.0,3.16,-1.9,-3.24,0.75
1993-09-10,600615,167.7,166.98,169.5,165.72,545,596000.0,2.25,-0.43,-0.72,0.63
1993-09-13,600615,165.0,161.4,165.0,159.06,774,823000.0,3.56,-3.34,-5.58,0.9
1993-09-14,600615,160.5,160.68,161.76,155.1,371,390000.0,4.13,-0.45,-0.72,0.43
1993-09-15,600615,159.6,162.3,162.84,159.6,375,398000.0,2.02,1.01,1.62,0.43
1993-09-16,600615,163.56,161.4,163.56,160.5,174,184000.0,1.89,-0.55,-0.9,0.2
1993-09-17,600615,161.4,164.1,165.72,159.96,342,365000.0,3.57,1.67,2.7,0.4
1993-09-20,600615,163.2,163.2,165.0,159.78,219,234000.0,3.18,-0.55,-0.9,0.25
1993-09-21,600615,166.8,166.44,167.88,165.0,831,907000.0,1.76,1.99,3.24,0.96
1993-09-22,600615,168.6,164.1,168.6,157.8,196,211000.0,6.49,-1.41,-2.34,0.23
1993-09-23,600615,166.8,165.72,166.8,163.2,385,415000.0,2.19,0.99,1.62,0.45
1993-09-24,600615,164.1,165.0,186.24,159.6,1341,1486000.0,16.08,-0.43,-0.72,1.55
1993-09-27,600615,162.84,166.8,170.04,162.84,399,436000.0,4.36,1.09,1.8,0.46
1993-09-28,600615,168.6,174.72,174.72,167.16,1117,1243000.0,4.53,4.75,7.92,1.29
1993-09-29,600615,175.8,170.4,177.6,167.16,1446,1622000.0,5.98,-2.47,-4.32,1.67
1993-09-30,600615,171.84,172.02,173.64,166.8,1139,1270000.0,4.01,0.95,1.62,1.32
1993-10-04,600615,175.44,179.04,186.24,173.82,2810,3257000.0,7.22,4.08,7.02,3.25
1993-10-05,600615,179.4,176.52,182.1,174.0,971,1114000.0,4.52,-1.41,-2.52,1.12
1993-10-06,600615,175.8,177.42,178.5,174.54,785,898000.0,2.24,0.51,0.9,0.91
1993-10-07,600615,178.5,174.18,204.6,174.0,3563,4171000.0,17.25,-1.83,-3.24,4.12
1993-10-08,600615,180.84,174.36,182.1,174.0,1941,2236000.0,4.65,0.1,0.18,2.25
1993-10-11,600615,173.1,171.3,174.9,170.76,717,806000.0,2.37,-1.75,-3.06,0.83
1993-10-12,600615,168.78,169.68,173.46,168.78,503,559000.0,2.73,-0.95,-1.62,0.58
1993-10-13,600615,170.76,167.7,170.76,167.7,788,867000.0,1.8,-1.17,-1.98,0.91
1993-10-14,600615,167.52,165.54,167.52,164.1,549,596000.0,2.04,-1.29,-2.16,0.64
1993-10-15,600615,167.34,165.54,167.34,164.28,427,464000.0,1.85,0.0,0.0,0.49
1993-10-18,600615,165.9,163.2,165.9,161.4,480,512000.0,2.72,-1.41,-2.34,0.56
1993-10-19,600615,163.38,166.08,166.44,163.2,529,570000.0,1.99,1.76,2.88,0.61
1993-10-20,600615,165.0,166.8,168.24,163.56,511,554000.0,2.82,0.43,0.72,0.59
1993-10-21,600615,166.98,167.16,167.7,165.0,714,776000.0,1.62,0.22,0.36,0.83
1993-10-22,600615,166.8,167.34,170.4,165.0,1585,1724000.0,3.23,0.11,0.18,1.83
1993-10-25,600615,159.6,167.7,174.0,151.14,5311,5771000.0,13.66,0.22,0.36,6.15
1993-10-26,600615,172.2,159.96,172.92,157.8,2583,2828000.0,9.02,-4.62,-7.74,2.99
1993-10-27,600615,162.3,158.34,165.9,156.54,1054,1110000.0,5.85,-1.01,-1.62,1.22
1993-10-28,600615,157.98,168.06,173.64,157.98,1759,1904000.0,9.89,6.14,9.72,2.04
1993-10-29,600615,170.4,163.2,171.84,158.7,1164,1263000.0,7.82,-2.89,-4.86,1.35
1993-11-01,600615,159.6,163.2,167.7,159.6,663,709000.0,4.96,0.0,0.0,0.77
1993-11-02,600615,164.1,165.18,177.24,164.1,901,986000.0,8.05,1.21,1.98,1.04
1993-11-03,600615,165.18,165.0,167.7,162.3,381,412000.0,3.27,-0.11,-0.18,0.44
1993-11-04,600615,164.64,162.66,168.6,159.78,489,525000.0,5.35,-1.42,-2.34,0.57
1993-11-05,600615,160.14,163.2,166.26,160.14,813,869000.0,3.76,0.33,0.54,0.94
1993-11-08,600615,166.8,166.62,167.7,165.0,724,788000.0,1.65,2.1,3.42,0.84
1993-11-09,600615,166.8,166.8,167.34,165.0,520,565000.0,1.4,0.11,0.18,0.6
1993-11-10,600615,167.7,164.64,174.0,160.5,2920,3226000.0,8.09,-1.29,-2.16,3.38
1993-11-11,600615,168.42,168.24,170.22,163.2,1172,1276000.0,4.26,2.19,3.6,1.36
1993-11-12,600615,168.6,169.68,173.1,168.6,1985,2204000.0,2.67,0.86,1.44,2.3
1993-11-15,600615,172.2,177.42,179.4,172.2,3256,3703000.0,4.24,4.56,7.74,3.77
1993-11-16,600615,176.7,174.0,176.7,169.5,2367,2672000.0,4.06,-1.93,-3.42,2.74
1993-11-17,600615,173.1,179.22,180.84,173.1,2644,3036000.0,4.45,3.0,5.22,3.06
1993-11-18,600615,184.08,186.6,193.8,184.08,11033,13328000.0,5.42,4.12,7.38,12.77
1993-11-19,600615,186.6,187.86,188.4,183.0,3327,3993000.0,2.89,0.68,1.26,3.85
1993-11-22,600615,192.0,187.86,192.9,184.44,4439,5384000.0,4.5,0.0,0.0,5.14
1993-11-23,600615,189.3,190.56,197.04,188.04,5431,6669000.0,4.79,1.44,2.7,6.29
1993-11-24,600615,190.2,191.1,193.8,177.96,4409,5398000.0,8.31,0.28,0.54,5.1
1993-11-25,600615,193.8,201.0,211.8,192.0,7758,9960000.0,10.36,5.18,9.9,8.98
1993-11-26,600615,204.96,201.0,211.8,192.36,5749,7456000.0,9.67,0.0,0.0,6.65
1993-11-29,600615,198.3,206.22,206.4,198.3,6168,7944000.0,4.03,2.6,5.22,7.14
1993-11-30,600615,211.8,210.0,216.84,208.2,7755,10392000.0,4.19,1.83,3.78,8.98
1993-12-01,600615,212.7,205.5,212.7,201.9,6367,8324000.0,5.14,-2.14,-4.5,7.37
1993-12-02,600615,204.6,200.1,205.5,199.38,2218,2849000.0,2.98,-2.63,-5.4,2.57
1993-12-03,600615,200.1,203.34,204.6,197.4,2048,2627000.0,3.6,1.62,3.24,2.37
1993-12-06,600615,204.96,203.7,208.92,197.04,3230,4209000.0,5.84,0.18,0.36,3.74
1993-12-07,600615,207.48,220.44,220.44,204.24,9824,13101000.0,7.95,8.22,16.74,11.37
1993-12-08,600615,226.38,217.2,237.9,186.96,16105,22855000.0,23.11,-1.47,-3.24,18.64
1993-12-09,600615,217.56,212.7,221.7,204.6,4393,5898000.0,7.87,-2.07,-4.5,5.08
1993-12-10,600615,210.9,213.24,213.42,198.3,3774,4940000.0,7.11,0.25,0.54,4.37
1993-12-13,600615,208.2,201.0,210.9,197.58,1691,2191000.0,6.25,-5.74,-12.24,1.96
1993-12-14,600615,195.6,193.62,201.0,190.2,1850,2299000.0,5.37,-3.67,-7.38,2.14
1993-12-15,600615,191.82,196.86,198.66,186.96,2655,3283000.0,6.04,1.67,3.24,3.07
1993-12-16,600615,194.7,187.5,198.66,187.5,2026,2511000.0,5.67,-4.75,-9.36,2.34
1993-12-17,600615,183.0,182.1,188.4,177.6,1846,2174000.0,5.76,-2.88,-5.4,2.14
1993-12-20,600615,166.8,154.02,168.78,144.84,2481,2569000.0,13.15,-15.42,-28.08,2.87
1993-12-21,600615,152.4,165.9,166.44,149.7,2381,2487000.0,10.87,7.71,11.88,2.76
1993-12-22,600615,165.9,159.96,170.22,154.2,3974,4225000.0,9.66,-3.58,-5.94,4.6
1993-12-24,600615,160.5,158.52,163.02,156.0,925,972000.0,4.39,-0.9,-1.44,1.07
1993-12-27,600615,160.68,163.02,163.38,157.08,811,856000.0,3.97,2.84,4.5,0.94
1993-12-28,600615,165.0,156.9,165.0,156.0,889,940000.0,5.52,-3.75,-6.12,1.03
1993-12-29,600615,157.8,154.02,158.7,153.3,740,758000.0,3.44,-1.84,-2.88,0.86
1993-12-30,600615,153.84,154.56,157.26,152.4,1128,1153000.0,3.16,0.35,0.54,1.31
1993-12-31,600615,155.1,155.64,157.44,150.6,1150,1168000.0,4.43,0.7,1.08,1.33
1994-01-03,600615,164.64,155.46,164.64,155.1,333,343000.0,6.13,-0.12,-0.18,0.39
1994-01-04,600615,156.9,153.48,156.9,152.4,371,379000.0,2.89,-1.27,-1.98,0.43
1994-01-05,600615,154.2,158.16,159.6,152.4,891,918000.0,4.69,3.05,4.68,1.03
1994-01-06,600615,161.4,171.48,172.2,157.8,3408,3651000.0,9.1,8.42,13.32,3.94
1994-01-07,600615,175.44,173.64,176.16,172.2,3828,4324000.0,2.31,1.26,2.16,4.43
1994-01-10,600615,174.9,174.18,177.24,172.56,2064,2340000.0,2.7,0.31,0.54,2.39
1994-01-11,600615,175.8,170.22,177.24,168.6,1739,1947000.0,4.96,-2.27,-3.96,2.01
1994-01-12,600615,171.3,174.0,180.66,170.76,2708,3093000.0,5.82,2.22,3.78,3.13
1994-01-13,600615,174.18,174.0,176.7,174.0,1242,1413000.0,1.55,0.0,0.0,1.44
1994-01-14,600615,175.62,157.98,176.16,154.38,2917,3131000.0,12.52,-9.21,-16.02,3.38
1994-01-17,600615,161.76,162.66,164.82,161.04,1246,1327000.0,2.39,2.96,4.68,1.44
1994-01-18,600615,161.22,153.84,161.4,152.04,1478,1510000.0,5.75,-5.42,-8.82,1.71
1994-01-19,600615,154.2,150.6,154.2,147.9,1294,1290000.0,4.1,-2.11,-3.24,1.5
1994-01-20,600615,141.6,149.52,150.24,141.6,798,784000.0,5.74,-0.72,-1.08,0.92
1994-01-21,600615,150.42,152.94,153.48,144.84,766,772000.0,5.78,2.29,3.42,0.89
1994-01-24,600615,159.24,158.7,159.24,156.0,1473,1530000.0,2.12,3.77,5.76,1.7
1994-01-25,600615,158.7,153.12,160.5,152.4,566,583000.0,5.1,-3.52,-5.58,0.66
1994-01-26,600615,155.1,151.5,155.1,150.78,413,417000.0,2.82,-1.06,-1.62,0.48
1994-01-27,600615,151.5,153.84,155.1,151.5,379,384000.0,2.38,1.54,2.34,0.44
1994-01-28,600615,154.56,148.8,155.1,148.44,489,488000.0,4.33,-3.28,-5.04,0.57
1994-01-31,600615,145.2,144.3,148.8,141.24,569,546000.0,5.08,-3.02,-4.5,0.66
1994-02-01,600615,141.6,142.32,146.1,140.7,341,327000.0,3.74,-1.37,-1.98,0.39
1994-02-02,600615,141.78,144.3,144.3,141.6,874,836000.0,1.9,1.39,1.98,1.01
1994-02-03,600615,145.2,161.22,161.22,143.58,1487,1456000.0,12.22,11.73,16.92,1.72
1994-02-04,600615,152.22,157.8,158.7,150.6,2660,2730000.0,5.02,-2.12,-3.42,3.08
1994-02-14,600615,159.6,151.32,161.4,150.6,1002,1029000.0,6.84,-4.11,-6.48,1.16
1994-02-15,600615,148.98,147.54,150.42,143.4,507,497000.0,4.64,-2.5,-3.78,0.59
1994-02-16,600615,148.8,148.44,150.24,147.9,169,168000.0,1.59,0.61,0.9,0.2
1994-02-17,600615,147.0,146.1,147.9,143.4,183,178000.0,3.03,-1.58,-2.34,0.21
1994-02-18,600615,145.2,146.1,147.0,143.4,139,135000.0,2.46,0.0,0.0,0.16
1994-02-21,600615,145.2,141.6,145.2,141.6,404,386000.0,2.46,-3.08,-4.5,0.47
1994-02-22,600615,139.8,146.1,146.28,139.8,292,283000.0,4.58,3.18,4.5,0.34
1994-02-23,600615,146.1,143.4,146.1,140.7,148,143000.0,3.7,-1.85,-2.7,0.17
1994-02-24,600615,141.78,141.6,142.5,140.7,465,442000.0,1.26,-1.26,-1.8,0.54
1994-02-25,600615,145.2,145.38,147.9,142.5,856,828000.0,3.81,2.67,3.78,0.99
1994-02-28,600615,144.84,141.6,145.38,128.28,665,634000.0,11.76,-2.6,-3.78,0.77
1994-03-01,600615,141.24,136.38,141.6,135.48,605,562000.0,4.32,-3.69,-5.22,0.7
1994-03-02,600615,136.56,131.7,137.64,129.9,778,700000.0,5.68,-3.43,-4.68,0.9
1994-03-03,600615,129.9,127.2,132.42,126.84,646,568000.0,4.24,-3.42,-4.5,0.75
1994-03-04,600615,125.4,127.2,127.2,120.36,1040,888000.0,5.38,0.0,0.0,1.2
1994-03-07,600615,123.6,121.8,123.6,121.08,103,86000.0,1.98,-4.25,-5.4,0.12
1994-03-08,600615,118.2,118.92,121.98,116.22,938,769000.0,4.73,-2.36,-2.88,1.09
1994-03-09,600615,120.0,118.2,122.88,116.76,926,766000.0,5.15,-0.61,-0.72,1.07
1994-03-10,600615,118.2,117.3,129.72,111.0,2290,1911000.0,15.84,-0.76,-0.9,2.65
1994-03-11,600615,118.2,121.8,121.8,112.8,1387,1147000.0,7.67,3.84,4.5,1.61
1994-03-14,600615,132.06,141.6,141.6,125.4,4785,4327000.0,13.3,16.26,19.8,5.54
1994-03-15,600615,142.5,134.76,147.0,129.0,4021,3774000.0,12.71,-4.83,-6.84,4.65
1994-03-16,600615,129.0,143.4,147.0,127.38,7051,6653000.0,14.56,6.41,8.64,6.53
1994-03-17,600615,154.38,146.1,159.6,132.6,12608,12638000.0,18.83,1.88,2.7,11.67
1994-03-18,600615,143.4,137.64,153.84,136.2,6647,6373000.0,12.07,-5.79,-8.46,6.15
1994-03-21,600615,132.6,128.28,134.4,127.2,1939,1724000.0,5.23,-6.8,-9.36,1.8
1994-03-22,600615,126.48,130.8,132.24,124.68,1275,1115000.0,5.89,1.96,2.52,1.18
1994-03-23,600615,130.08,126.12,130.8,125.22,1544,1351000.0,4.27,-3.58,-4.68,1.43
1994-03-24,600615,125.04,126.84,129.9,123.6,1000,865000.0,5.0,0.57,0.72,0.93
1994-03-25,600615,126.84,129.0,130.8,126.84,1208,1063000.0,3.12,1.7,2.16,1.12
1994-03-28,600615,126.84,138.0,139.8,126.84,6537,5977000.0,10.05,6.98,9.0,6.05
1994-03-29,600615,140.7,147.0,148.44,138.18,12161,11664000.0,7.43,6.52,9.0,11.26
1994-03-30,600615,150.6,150.6,164.28,147.54,48761,50347000.0,11.39,2.45,3.6,45.15
1994-03-31,600615,154.2,138.36,156.54,137.1,13018,12792000.0,12.91,-8.13,-12.24,12.05
1994-04-01,600615,138.0,133.68,138.0,131.7,4003,3660000.0,4.55,-3.38,-4.68,3.71
1994-04-04,600615,134.04,139.8,143.22,132.78,5353,5032000.0,7.81,4.58,6.12,4.96
1994-04-05,600615,139.8,140.7,143.04,138.0,3082,2901000.0,3.61,0.64,0.9,2.85
1994-04-06,600615,141.24,147.0,148.62,141.24,9524,9284000.0,5.25,4.48,6.3,8.82
1994-04-07,600615,149.7,150.42,150.6,146.28,8808,8741000.0,2.94,2.33,3.42,8.16
1994-04-08,600615,148.8,138.9,151.5,138.0,20761,20106000.0,8.97,-7.66,-11.52,19.22
1994-04-11,600615,138.0,134.58,138.0,134.58,1677,1546000.0,2.46,-3.11,-4.32,1.55
1994-04-13,600615,138.9,135.48,142.68,135.3,4767,4451000.0,5.48,0.67,0.9,4.41
1994-04-14,600615,135.66,132.6,138.72,129.0,2523,2281000.0,7.17,-2.13,-2.88,2.34
1994-04-15,600615,131.52,130.44,131.52,114.6,3382,2938000.0,12.76,-1.63,-2.16,3.13
1994-04-18,600615,127.92,134.58,144.84,116.4,15899,14667000.0,21.8,3.17,4.14,14.72
1994-04-19,600615,132.6,123.6,139.8,123.6,6581,5930000.0,12.04,-8.16,-10.98,6.09
1994-04-20,600615,121.8,114.6,125.22,114.6,4981,4052000.0,8.59,-7.28,-9.0,4.61
1994-04-21,600615,112.8,123.6,126.3,111.18,3855,3186000.0,13.19,7.85,9.0,3.57
1994-04-22,600615,125.22,117.84,128.1,114.78,4900,4146000.0,10.78,-4.66,-5.76,4.54
1994-04-25,600615,120.0,117.3,123.24,114.6,2587,2111000.0,7.33,-0.46,-0.54,2.4
1994-04-26,600615,117.3,121.8,123.42,117.3,1642,1358000.0,5.22,3.84,4.5,1.52
1994-04-27,600615,125.04,126.84,128.1,122.16,4839,4165000.0,4.88,4.14,5.04,4.48
1994-04-28,600615,129.0,124.5,129.9,122.34,5167,4490000.0,5.96,-1.84,-2.34,4.78
1994-04-29,600615,123.6,124.5,126.3,120.9,2780,2356000.0,4.34,0.0,0.0,2.57
1994-05-03,600615,126.84,130.08,130.08,124.68,2695,1937000.0,4.34,4.48,5.58,2.08
1994-05-04,600615,132.02,137.64,140.88,129.65,9069,6844000.0,8.63,5.81,7.56,7.0
1994-05-05,600615,135.48,127.49,137.64,127.49,6382,4712000.0,7.37,-7.37,-10.15,4.92
1994-05-06,600615,125.98,128.35,129.86,124.46,2942,2109000.0,4.24,0.67,0.86,2.27
1994-05-09,600615,129.65,127.06,129.65,125.76,1448,1037000.0,3.03,-1.01,-1.29,1.12
1994-05-10,600615,129.0,130.08,130.08,127.92,1755,1273000.0,1.7,2.38,3.02,1.35
1994-05-11,600615,131.81,127.49,133.32,127.06,3130,2306000.0,4.81,-1.99,-2.59,2.42
1994-05-12,600615,120.36,124.03,127.49,120.36,2179,1539000.0,5.59,-2.71,-3.46,1.68
1994-05-13,600615,122.52,129.0,129.0,122.52,2149,1519000.0,5.22,4.01,4.97,1.66
1994-05-16,600615,129.0,127.92,131.16,125.76,1828,1329000.0,4.19,-0.84,-1.08,1.41
1994-05-17,600615,127.06,136.56,136.56,127.06,5701,4231000.0,7.43,6.75,8.64,4.4
1994-05-18,600615,136.56,132.02,138.72,130.08,12294,9210000.0,6.33,-3.32,-4.54,9.49
1994-05-19,600615,129.0,130.08,130.73,127.92,3060,2221000.0,2.13,-1.47,-1.94,2.36
1994-05-20,600615,131.81,129.22,132.24,128.35,1531,1120000.0,2.99,-0.66,-0.86,1.18
1994-05-23,600615,132.24,126.84,132.46,126.84,807,583000.0,4.35,-1.84,-2.38,0.62
1994-05-24,600615,127.92,127.7,129.0,126.62,766,550000.0,1.88,0.68,0.86,0.59
1994-05-25,600615,127.49,126.41,127.92,125.76,811,579000.0,1.69,-1.01,-1.29,0.63
1994-05-26,600615,125.76,125.54,127.92,124.68,1153,819000.0,2.56,-0.69,-0.87,0.89
1994-05-27,600615,123.6,122.74,124.46,120.58,1383,965000.0,3.09,-2.23,-2.8,1.07
1994-05-30,600615,121.44,116.26,122.3,116.04,1829,1240000.0,5.1,-5.28,-6.48,1.41
1994-05-31,600615,114.96,121.44,123.6,114.96,1664,1128000.0,7.43,4.46,5.18,1.28
1994-06-01,600615,121.44,119.93,124.25,119.71,1201,834000.0,3.74,-1.24,-1.51,0.93
1994-06-02,600615,121.44,121.01,123.6,117.77,1295,899000.0,4.86,0.9,1.08,1.0
1994-06-03,600615,121.22,122.09,124.03,121.22,1148,801000.0,2.32,0.89,1.08,0.89
1994-06-06,600615,123.6,119.5,123.82,118.42,503,346000.0,4.42,-2.12,-2.59,0.39
1994-06-07,600615,117.77,117.55,121.01,116.26,814,548000.0,3.97,-1.63,-1.95,0.63
1994-06-08,600615,116.47,119.28,120.36,114.96,606,408000.0,4.59,1.47,1.73,0.47
1994-06-09,600615,117.12,116.04,119.06,114.96,379,253000.0,3.44,-2.72,-3.24,0.29
1994-06-10,600615,114.74,112.58,116.9,111.72,620,406000.0,4.46,-2.98,-3.46,0.48
1994-06-13,600615,109.56,106.75,110.64,104.16,597,375000.0,5.76,-5.18,-5.83,0.46
1994-06-14,600615,103.3,102.0,106.32,102.0,728,441000.0,4.05,-4.45,-4.75,0.56
1994-06-15,600615,101.57,102.0,105.02,101.57,313,189000.0,3.38,0.0,0.0,0.24
1994-06-16,600615,103.73,105.24,106.32,102.0,586,355000.0,4.24,3.18,3.24,0.45
1994-06-17,600615,106.32,112.37,112.37,105.24,1517,961000.0,6.77,6.77,7.13,1.17
1994-06-20,600615,111.72,103.94,112.8,103.94,1843,1183000.0,7.88,-7.5,-8.43,1.42
1994-06-21,600615,103.08,104.16,105.46,102.0,464,281000.0,3.33,0.21,0.22,0.36
1994-06-22,600615,104.16,106.1,106.32,104.16,186,115000.0,2.07,1.86,1.94,0.14
1994-06-23,600615,105.24,105.24,109.56,104.38,421,261000.0,4.88,-0.81,-0.86,0.32
1994-06-24,600615,104.16,104.16,104.59,102.0,668,404000.0,2.46,-1.03,-1.08,0.52
1994-06-27,600615,101.78,94.01,101.78,94.01,442,257000.0,7.46,-9.74,-10.15,0.34
1994-06-28,600615,95.52,95.09,97.03,93.36,1780,1007000.0,3.9,1.15,1.08,1.37
1994-06-29,600615,95.95,92.28,95.95,91.63,371,209000.0,4.54,-2.96,-2.81,0.29
1994-06-30,600615,90.77,92.93,93.14,86.88,424,229000.0,6.78,0.7,0.65,0.33
1994-07-01,600615,91.2,86.88,91.42,81.48,591,321000.0,10.7,-6.51,-6.05,0.46
1994-07-04,600615,80.4,81.48,84.72,80.4,1697,870000.0,4.97,-6.22,-5.4,1.31
1994-07-05,600615,81.48,84.72,84.72,81.48,640,329000.0,3.98,3.98,3.24,0.49
1994-07-06,600615,84.5,80.83,85.8,80.4,415,212000.0,6.37,-4.59,-3.89,0.32
1994-07-07,600615,79.32,78.24,79.97,77.16,712,349000.0,3.48,-3.2,-2.59,0.55
1994-07-08,600615,79.32,83.64,85.8,76.73,2041,1015000.0,11.59,6.9,5.4,1.57
1994-07-11,600615,83.64,87.1,90.77,80.83,9064,4729000.0,11.88,4.14,3.46,6.99
1994-07-12,600615,84.72,86.02,87.1,82.13,683,356000.0,5.71,-1.24,-1.08,0.53
1994-07-13,600615,85.8,86.88,86.88,84.07,509,268000.0,3.27,1.0,0.86,0.39
1994-07-14,600615,86.88,84.29,87.31,82.78,714,373000.0,5.21,-2.98,-2.59,0.55
1994-07-15,600615,83.64,78.24,84.29,78.24,904,455000.0,7.18,-7.18,-6.05,0.7
1994-07-18,600615,76.08,73.49,76.08,73.49,805,380000.0,3.31,-6.07,-4.75,0.62
1994-07-19,600615,73.92,78.89,79.97,70.9,1249,585000.0,12.34,7.35,5.4,0.96
1994-07-20,600615,75.65,74.57,77.16,71.98,1999,945000.0,6.57,-5.48,-4.32,1.54
1994-07-21,600615,72.84,71.11,73.7,69.6,1070,488000.0,5.5,-4.64,-3.46,0.83
1994-07-22,600615,68.52,67.01,69.6,65.28,779,345000.0,6.08,-5.77,-4.1,0.6
1994-07-25,600615,64.2,68.95,70.68,61.18,3350,1463000.0,14.18,2.9,1.94,2.58
1994-07-26,600615,69.6,72.19,72.84,67.01,6431,2879000.0,8.46,4.7,3.24,4.96
1994-07-27,600615,71.76,63.34,71.98,62.04,2809,1266000.0,13.77,-12.26,-8.85,2.17
1994-07-28,600615,63.12,52.54,64.63,52.54,2479,995000.0,19.09,-17.05,-10.8,1.91
1994-07-29,600615,50.59,48.0,52.1,44.33,1884,661000.0,14.79,-8.64,-4.54,1.45
1994-08-01,600615,67.01,79.97,84.72,59.23,12883,5826000.0,53.1,66.6,31.97,9.94
1994-08-02,600615,81.48,72.84,96.6,71.98,17695,9217000.0,30.79,-8.92,-7.13,13.65
1994-08-03,600615,71.76,97.68,97.68,71.33,12218,6312000.0,36.18,34.1,24.84,9.43
1994-08-04,600615,110.64,108.48,121.44,102.0,22390,14250000.0,19.9,11.06,10.8,17.28
1994-08-05,600615,118.63,143.04,145.2,114.96,20353,14442000.0,27.88,31.86,34.56,15.7
1994-08-08,600615,149.52,146.5,177.6,138.72,20091,16653000.0,27.18,2.42,3.46,15.5
1994-08-09,600615,146.5,119.93,147.36,115.39,12641,9269000.0,21.82,-18.14,-26.57,9.75
1994-08-10,600615,118.63,150.6,153.84,111.72,18462,13796000.0,35.12,25.57,30.67,14.25
1994-08-11,600615,156.0,138.5,159.24,134.62,18917,15295000.0,16.35,-8.03,-12.1,14.6
1994-08-12,600615,132.46,133.32,145.2,127.92,7349,5634000.0,12.48,-3.74,-5.18,5.67
1994-08-15,600615,129.86,126.84,133.32,124.68,4009,2903000.0,6.48,-4.86,-6.48,3.09
1994-08-16,600615,123.6,138.5,140.02,123.6,7408,5546000.0,12.95,9.19,11.66,5.72
1994-08-17,600615,141.1,140.88,144.12,135.48,4469,3451000.0,6.24,1.72,2.38,3.45
1994-08-18,600615,142.61,161.83,161.83,134.62,23800,19673000.0,19.31,14.87,20.95,18.36
1994-08-19,600615,162.91,159.89,178.68,156.65,80773,73707000.0,13.61,-1.2,-1.94,62.32
1994-08-22,600615,146.5,146.93,155.57,144.77,11107,9205000.0,6.75,-8.11,-12.96,8.57
1994-08-23,600615,158.16,159.02,159.02,144.77,8852,7325000.0,9.7,8.23,12.09,6.83
1994-08-24,600615,158.16,151.9,158.16,151.03,7883,6668000.0,4.48,-4.48,-7.12,6.08
1994-08-25,600615,149.74,156.0,165.72,149.74,18342,15917000.0,10.52,2.7,4.1,14.15
1994-08-26,600615,161.4,160.32,162.48,156.43,9772,8380000.0,3.88,2.77,4.32,7.54
1994-08-29,600615,160.32,156.65,162.48,156.0,5227,4506000.0,4.04,-2.29,-3.67,4.03
1994-08-30,600615,156.65,161.18,163.56,156.22,8110,7036000.0,4.69,2.89,4.53,6.26
1994-08-31,600615,163.56,168.1,168.1,159.24,13666,12159000.0,5.5,4.29,6.92,10.54
1994-09-01,600615,173.28,166.8,178.46,166.37,20738,19458000.0,7.19,-0.77,-1.3,16.0
1994-09-02,600615,170.26,177.6,177.6,166.8,14137,12969000.0,6.47,6.47,10.8,10.91
1994-09-05,600615,192.72,216.48,222.53,186.24,47807,50507000.0,20.43,21.89,38.88,36.89
1994-09-06,600615,224.69,274.58,274.58,210.0,43477,54514000.0,29.83,26.84,58.1,33.55
1994-09-07,600615,253.2,255.36,274.15,242.83,25401,33460000.0,11.41,-7.0,-19.22,19.6
1994-09-08,600615,257.52,274.58,293.16,257.52,61059,85224000.0,13.96,7.53,19.22,47.11
1994-09-09,600615,276.96,261.84,276.96,253.42,15933,21719000.0,8.57,-4.64,-12.74,12.29
1994-09-12,600615,267.24,274.8,274.8,254.28,16000,21883000.0,7.84,4.95,12.96,12.35
1994-09-13,600615,280.2,285.17,299.64,275.88,38455,56485000.0,8.65,3.77,10.37,29.67
1994-09-14,600615,286.68,259.68,286.68,253.2,14900,20690000.0,11.74,-8.94,-25.49,11.5
1994-09-15,600615,257.52,257.52,268.32,239.81,8756,11470000.0,10.98,-0.83,-2.16,6.76
1994-09-16,600615,262.92,262.92,268.32,250.61,7853,10429000.0,6.88,2.1,5.4,6.06
1994-09-19,600615,248.88,242.62,257.52,242.62,3707,4801000.0,5.67,-7.72,-20.3,2.86
1994-09-20,600615,242.4,240.67,248.88,233.98,4098,5109000.0,6.14,-0.8,-1.95,3.16
1994-09-21,600615,244.99,260.76,261.84,241.32,7928,10287000.0,8.53,8.35,20.09,6.12
1994-09-22,600615,260.76,243.48,261.19,238.08,5864,7635000.0,8.86,-6.63,-17.28,4.52
1994-09-23,600615,239.81,228.36,241.32,218.42,7737,9307000.0,9.41,-6.21,-15.12,5.97
1994-09-26,600615,222.96,235.49,235.92,221.02,5544,6607000.0,6.52,3.12,7.13,4.28
1994-09-27,600615,231.6,232.68,238.08,230.52,4038,4900000.0,3.21,-1.19,-2.81,3.12
1994-09-28,600615,231.6,243.26,244.56,231.6,6618,8190000.0,5.57,4.55,10.58,5.11
1994-09-29,600615,239.16,218.64,244.34,215.4,7724,9246000.0,11.9,-10.12,-24.62,5.96
1994-09-30,600615,210.0,195.96,215.18,192.72,7660,8252000.0,10.27,-10.37,-22.68,5.91
1994-10-05,600615,194.88,168.1,196.82,162.05,7516,7116000.0,17.74,-14.22,-27.86,5.8
1994-10-06,600615,175.44,149.52,177.6,147.36,5585,5089000.0,17.99,-11.05,-18.58,4.31
1994-10-07,600615,140.88,181.92,189.7,110.64,16827,13234000.0,52.88,21.67,32.4,12.98
1994-10-10,600615,165.94,170.04,179.33,141.53,12542,11480000.0,20.78,-6.53,-11.88,9.68
1994-10-11,600615,173.28,172.85,176.74,168.1,3995,3703000.0,5.08,1.65,2.81,3.08
1994-10-12,600615,175.44,173.28,178.68,171.34,4098,3852000.0,4.25,0.25,0.43,3.16
1994-10-13,600615,173.28,150.6,173.71,147.58,8501,7331000.0,15.08,-13.09,-22.68,6.56
1994-10-14,600615,145.2,177.17,177.17,135.7,9173,7805000.0,27.54,17.64,26.57,7.08
1994-10-17,600615,178.9,157.73,179.98,156.22,37836,34872000.0,13.41,-10.97,-19.44,29.19
1994-10-18,600615,162.48,157.08,166.37,156.0,3028,2602000.0,6.57,-0.41,-0.65,2.34
1994-10-19,600615,160.32,164.64,165.72,158.16,5138,4527000.0,4.81,4.81,7.56,3.96
1994-10-20,600615,164.21,183.65,185.59,164.21,17857,16754000.0,12.99,11.55,19.01,13.78
1994-10-21,600615,185.81,181.7,193.37,172.42,29327,29182000.0,11.41,-1.06,-1.95,22.63
1994-10-24,600615,188.18,208.27,208.27,186.46,20611,21363000.0,12.0,14.62,26.57,15.9
1994-10-25,600615,208.92,188.4,209.57,177.6,23147,24200000.0,15.35,-9.54,-19.87,17.86
1994-10-26,600615,183.65,169.39,185.16,169.18,11397,10793000.0,8.48,-10.09,-19.01,8.79
1994-10-27,600615,173.28,177.6,179.33,169.39,5578,5210000.0,5.87,4.85,8.21,4.3
1994-10-28,600615,173.71,170.04,176.52,168.96,3715,3432000.0,4.26,-4.26,-7.56,2.87
1994-10-31,600615,162.48,160.97,164.64,158.38,2649,2320000.0,3.68,-5.33,-9.07,2.04
1994-11-01,600615,163.56,169.82,170.47,162.48,2806,2539000.0,4.96,5.5,8.85,2.17
1994-11-02,600615,167.45,166.8,169.82,160.97,1144,1028000.0,5.21,-1.78,-3.02,0.88
1994-11-03,600615,169.61,184.08,185.81,167.88,8122,7839000.0,10.75,10.36,17.28,6.27
1994-11-04,600615,183.86,170.04,183.86,166.37,6717,6215000.0,9.5,-7.63,-14.04,5.18
1994-11-07,600615,160.54,171.12,173.28,160.32,3179,2878000.0,7.62,0.64,1.08,2.45
1994-11-08,600615,184.08,175.01,192.29,175.01,17431,17013000.0,10.1,2.27,3.89,13.45
1994-11-09,600615,175.01,189.48,189.48,173.71,9231,8964000.0,9.01,8.27,14.47,7.12
1994-11-10,600615,190.56,184.08,194.88,182.35,10266,10271000.0,6.61,-2.85,-5.4,7.92
1994-11-11,600615,186.24,189.48,190.56,181.92,5876,5828000.0,4.69,2.93,5.4,4.53
1994-11-14,600615,189.48,190.34,191.64,185.16,6142,6169000.0,3.42,0.45,0.86,4.74
1994-11-15,600615,181.92,183.65,187.32,181.92,4877,4772000.0,2.84,-3.51,-6.69,3.76
1994-11-16,600615,184.08,183.65,185.81,178.25,2404,2323000.0,4.12,0.0,0.0,1.85
1994-11-17,600615,183.65,180.84,184.08,179.98,2305,2237000.0,2.23,-1.53,-2.81,1.78
1994-11-18,600615,179.76,182.35,182.35,171.12,2467,2340000.0,6.21,0.83,1.51,1.9
1994-11-21,600615,177.6,179.76,181.92,177.6,778,750000.0,2.37,-1.42,-2.59,0.6
1994-11-22,600615,180.19,179.76,183.0,176.52,651,626000.0,3.6,0.0,0.0,0.5
1994-11-23,600615,179.76,175.22,179.76,172.2,856,803000.0,4.21,-2.53,-4.54,0.66
1994-11-24,600615,171.34,175.44,176.52,171.34,1137,1060000.0,2.96,0.13,0.22,0.88
1994-11-25,600615,176.52,178.9,184.08,175.66,1635,1566000.0,4.8,1.97,3.46,1.26
1994-11-28,600615,173.28,176.52,177.17,173.28,344,324000.0,2.17,-1.33,-2.38,0.27
1994-11-29,600615,170.04,177.17,177.17,170.04,906,847000.0,4.04,0.37,0.65,0.7
1994-11-30,600615,176.3,173.93,178.25,172.2,617,584000.0,3.41,-1.83,-3.24,0.48
1994-12-01,600615,177.6,179.33,179.33,173.28,727,690000.0,3.48,3.1,5.4,0.56
1994-12-02,600615,177.6,175.66,177.82,175.66,574,543000.0,1.2,-2.05,-3.67,0.44
1994-12-05,600615,175.44,170.69,175.44,170.26,487,449000.0,2.95,-2.83,-4.97,0.38
1994-12-06,600615,167.23,168.96,170.69,166.8,703,635000.0,2.28,-1.01,-1.73,0.54
1994-12-07,600615,171.12,168.53,171.12,165.94,349,315000.0,3.07,-0.25,-0.43,0.27
1994-12-08,600615,168.53,165.29,168.53,164.86,129,116000.0,2.18,-1.92,-3.24,0.1
1994-12-09,600615,162.7,163.34,167.88,162.7,483,430000.0,3.13,-1.18,-1.95,0.37
1994-12-12,600615,163.34,159.24,175.01,158.38,579,504000.0,10.18,-2.51,-4.1,0.45
1994-12-13,600615,166.8,166.37,168.74,158.38,1047,925000.0,6.51,4.48,7.13,0.81
1994-12-14,600615,162.48,162.05,163.56,159.89,515,451000.0,2.21,-2.6,-4.32,0.4
1994-12-15,600615,162.48,176.52,177.17,161.4,2244,2065000.0,9.73,8.93,14.47,1.73
1994-12-16,600615,171.12,180.19,185.81,171.12,4747,4543000.0,8.32,2.08,3.67,3.66
1994-12-19,600615,181.49,171.12,182.14,170.69,1780,1675000.0,6.35,-5.03,-9.07,1.37
1994-12-20,600615,173.28,175.22,176.74,169.39,1261,1176000.0,4.3,2.4,4.1,0.97
1994-12-21,600615,168.96,175.87,179.76,168.96,2640,2485000.0,6.16,0.37,0.65,2.04
1994-12-22,600615,175.44,176.09,180.84,170.04,5026,4741000.0,6.14,0.13,0.22,3.88
1994-12-23,600615,176.74,178.68,185.16,173.28,9379,9063000.0,6.75,1.47,2.59,7.24
1994-12-26,600615,179.76,176.09,179.76,173.28,1825,1720000.0,3.63,-1.45,-2.59,1.41
1994-12-27,600615,177.17,171.77,177.17,167.88,1793,1648000.0,5.28,-2.45,-4.32,1.38
1994-12-28,600615,171.12,164.64,172.2,164.64,1367,1233000.0,4.4,-4.15,-7.13,1.05
1994-12-29,600615,163.56,164.64,168.96,162.05,3092,2740000.0,4.2,0.0,0.0,2.39
1994-12-30,600615,168.96,162.48,170.04,160.32,1075,953000.0,5.9,-1.31,-2.16,0.83
1995-01-03,600615,157.08,159.67,162.48,157.08,371,323000.0,3.32,-1.73,-2.81,0.29
1995-01-04,600615,160.32,166.8,167.02,160.32,351,310000.0,4.2,4.47,7.13,0.27
1995-01-05,600615,166.8,163.56,166.8,162.7,457,406000.0,2.46,-1.94,-3.24,0.35
1995-01-06,600615,160.54,162.26,163.56,159.24,271,236000.0,2.64,-0.79,-1.3,0.21
1995-01-09,600615,156.0,157.73,162.05,154.92,851,728000.0,4.39,-2.79,-4.53,0.66
1995-01-10,600615,152.98,150.6,153.41,149.52,798,660000.0,2.47,-4.52,-7.13,0.62
1995-01-11,600615,149.52,152.54,158.81,149.52,639,534000.0,6.17,1.29,1.94,0.49
1995-01-12,600615,157.51,151.03,157.51,148.66,382,317000.0,5.8,-0.99,-1.51,0.29
1995-01-13,600615,148.01,148.22,150.6,144.77,771,623000.0,3.86,-1.86,-2.81,0.59
1995-01-16,600615,144.55,144.34,145.2,141.53,290,230000.0,2.48,-2.62,-3.88,0.22
1995-01-17,600615,144.34,143.04,148.44,142.61,465,371000.0,4.04,-0.9,-1.3,0.36
1995-01-18,600615,143.04,145.63,145.85,143.04,257,205000.0,1.96,1.81,2.59,0.2
1995-01-19,600615,144.98,135.48,146.28,134.62,474,366000.0,8.01,-6.97,-10.15,0.37
1995-01-20,600615,134.4,136.56,144.98,131.81,1195,901000.0,9.72,0.8,1.08,0.92
1995-01-23,600615,136.56,130.3,136.56,130.3,419,309000.0,4.58,-4.58,-6.26,0.32
1995-01-24,600615,132.24,129.65,133.1,129.0,512,374000.0,3.15,-0.5,-0.65,0.4
1995-01-25,600615,134.4,132.24,134.62,130.08,542,400000.0,3.5,2.0,2.59,0.42
1995-01-26,600615,130.08,128.35,131.38,127.7,844,609000.0,2.78,-2.94,-3.89,0.65
1995-01-27,600615,131.81,131.16,132.24,126.84,458,336000.0,4.21,2.19,2.81,0.35
1995-02-06,600615,129.0,121.44,129.0,120.79,479,334000.0,6.26,-7.41,-9.72,0.37
1995-02-07,600615,120.36,121.44,123.6,119.28,252,172000.0,3.56,0.0,0.0,0.19
1995-02-08,600615,120.36,121.44,122.95,120.14,215,148000.0,2.31,0.0,0.0,0.17
1995-02-09,600615,120.36,126.62,126.84,120.36,581,408000.0,5.34,4.27,5.18,0.45
1995-02-10,600615,125.76,121.44,127.92,116.04,911,644000.0,9.38,-4.09,-5.18,0.7
1995-02-13,600615,119.28,122.52,122.52,119.28,522,359000.0,2.67,0.89,1.08,0.4
1995-02-14,600615,122.52,119.28,123.6,118.2,665,454000.0,4.41,-2.64,-3.24,0.51
1995-02-15,600615,120.58,120.14,121.66,118.2,816,556000.0,2.9,0.72,0.86,0.63
1995-02-16,600615,118.2,116.26,119.5,116.26,690,462000.0,2.7,-3.23,-3.88,0.53
1995-02-17,600615,117.12,113.88,117.34,113.45,524,346000.0,3.35,-2.05,-2.38,0.4
1995-02-20,600615,117.12,114.96,117.12,113.02,427,282000.0,3.6,0.95,1.08,0.33
1995-02-21,600615,113.88,115.39,116.69,113.88,520,343000.0,2.44,0.37,0.43,0.4
1995-02-22,600615,116.69,131.16,132.24,116.26,3591,2580000.0,13.85,13.67,15.77,2.77
1995-02-23,600615,127.49,130.08,134.4,125.76,4159,3039000.0,6.59,-0.82,-1.08,3.21
1995-02-24,600615,130.51,121.22,132.46,120.36,2131,1506000.0,9.3,-6.81,-8.86,1.64
1995-02-27,600615,134.4,122.52,134.4,122.52,1865,1326000.0,9.8,1.07,1.3,1.44
1995-02-28,600615,121.01,117.55,121.01,116.04,686,460000.0,4.06,-4.06,-4.97,0.53
1995-03-01,600615,117.12,120.79,122.3,116.47,708,480000.0,4.96,2.76,3.24,0.55
1995-03-02,600615,121.01,122.74,124.46,118.85,1163,809000.0,4.64,1.61,1.95,0.9
1995-03-03,600615,122.52,128.35,130.08,121.66,3114,2232000.0,6.86,4.57,5.61,2.4
1995-03-06,600615,133.97,140.66,140.88,129.22,4560,3419000.0,9.08,9.59,12.31,3.52
1995-03-07,600615,140.45,148.22,149.52,136.56,8403,6676000.0,9.21,5.37,7.56,6.48
1995-03-08,600615,147.36,143.9,150.6,143.04,5208,4192000.0,5.1,-2.91,-4.32,4.02
1995-03-09,600615,143.04,138.07,144.98,137.64,2722,2131000.0,5.1,-4.05,-5.83,2.1
1995-03-10,600615,135.26,131.81,136.56,129.22,2023,1505000.0,5.32,-4.53,-6.26,1.56
1995-03-13,600615,134.83,130.08,136.56,130.08,1463,1088000.0,4.92,-1.31,-1.73,1.13
1995-03-14,600615,130.3,131.81,134.83,130.3,1122,830000.0,3.48,1.33,1.73,0.87
1995-03-15,600615,132.46,127.27,133.32,125.76,1102,798000.0,5.74,-3.44,-4.54,0.85
1995-03-16,600615,126.84,131.16,131.16,126.19,637,458000.0,3.91,3.06,3.89,0.49
1995-03-17,600615,131.81,133.54,134.4,127.92,2369,1752000.0,4.94,1.81,2.38,1.83
1995-03-20,600615,135.48,134.4,142.61,132.67,5774,4463000.0,7.44,0.64,0.86,4.46
1995-03-21,600615,132.24,136.56,138.29,131.38,1456,1090000.0,5.14,1.61,2.16,1.12
1995-03-22,600615,136.56,153.41,153.41,136.56,6545,5181000.0,12.34,12.34,16.85,5.05
1995-03-23,600615,149.74,152.54,154.92,144.34,11405,9380000.0,6.9,-0.57,-0.87,8.8
1995-03-24,600615,149.3,151.68,153.41,145.85,4475,3655000.0,4.96,-0.56,-0.86,3.45
1995-03-27,600615,149.09,158.59,162.48,149.09,8085,6877000.0,8.83,4.56,6.91,6.24
1995-03-28,600615,155.78,154.92,157.08,145.42,3739,3158000.0,7.35,-2.31,-3.67,2.89
1995-03-29,600615,153.84,157.08,157.73,148.44,2947,2457000.0,6.0,1.39,2.16,2.27
1995-03-30,600615,159.67,153.19,159.67,152.76,3367,2859000.0,4.4,-2.48,-3.89,2.6
1995-03-31,600615,153.62,159.46,159.67,150.6,4728,4022000.0,5.92,4.09,6.27,3.65
1995-04-03,600615,161.83,163.56,164.42,156.0,6611,5789000.0,5.28,2.57,4.1,5.1
1995-04-04,600615,162.05,164.42,164.42,161.4,3077,2714000.0,1.85,0.53,0.86,2.37
1995-04-05,600615,162.7,159.89,165.5,158.38,2348,2074000.0,4.33,-2.76,-4.53,1.81
1995-04-06,600615,157.94,160.97,161.4,155.78,2486,2141000.0,3.51,0.68,1.08,1.92
1995-04-07,600615,194.88,171.77,194.88,165.94,9906,9222000.0,17.98,6.71,10.8,7.64
1995-04-10,600615,171.77,167.45,173.28,166.8,3049,2775000.0,3.77,-2.51,-4.32,2.35
1995-04-11,600615,165.72,160.32,166.8,159.24,3208,2825000.0,4.51,-4.26,-7.13,2.48
1995-04-12,600615,158.38,162.48,164.21,156.0,2258,1960000.0,5.12,1.35,2.16,1.74
1995-04-13,600615,162.26,158.38,164.21,157.73,1619,1406000.0,3.99,-2.52,-4.1,1.25
1995-04-14,600615,154.06,160.32,162.26,154.06,1320,1136000.0,5.18,1.22,1.94,1.02
1995-04-17,600615,162.48,160.1,163.56,158.59,1536,1343000.0,3.1,-0.14,-0.22,1.19
1995-04-18,600615,158.16,158.81,162.48,158.16,702,608000.0,2.7,-0.81,-1.29,0.54
1995-04-19,600615,157.3,163.56,164.64,157.3,1411,1238000.0,4.62,2.99,4.75,1.09
1995-04-20,600615,163.78,168.53,168.96,161.4,3433,3076000.0,4.62,3.04,4.97,2.65
1995-04-21,600615,168.53,163.34,168.53,163.34,2375,2125000.0,3.08,-3.08,-5.19,1.83
1995-04-24,600615,160.32,158.16,162.48,157.3,2215,1915000.0,3.17,-3.17,-5.18,1.71
1995-04-25,600615,157.08,162.48,162.48,157.08,1656,1438000.0,3.41,2.73,4.32,1.28
1995-04-26,600615,160.54,156.65,162.48,156.0,1544,1331000.0,3.99,-3.59,-5.83,1.19
1995-04-28,600615,153.84,163.99,163.99,148.66,3959,3333000.0,9.79,4.69,7.34,3.05
1995-05-02,600615,155.35,157.08,157.08,151.9,1866,1583000.0,3.16,-4.21,-6.91,1.44
1995-05-03,600615,157.73,152.98,157.73,152.76,1388,1167000.0,3.16,-2.61,-4.1,1.07
1995-05-04,600615,150.82,147.36,151.25,144.77,1936,1559000.0,4.24,-3.67,-5.62,1.49
1995-05-05,600615,144.12,144.55,147.36,144.12,1257,1010000.0,2.2,-1.91,-2.81,0.97
1995-05-08,600615,143.47,140.88,144.12,138.94,987,772000.0,3.58,-2.54,-3.67,0.76
1995-05-09,600615,139.8,141.96,144.12,139.8,629,495000.0,3.07,0.77,1.08,0.49
1995-05-10,600615,143.47,137.64,144.34,136.13,878,678000.0,5.78,-3.04,-4.32,0.68
1995-05-11,600615,139.8,140.02,141.1,138.94,479,372000.0,1.57,1.73,2.38,0.37
1995-05-12,600615,140.02,143.04,149.09,140.02,2552,2047000.0,6.48,2.16,3.02,1.97
1995-05-15,600615,144.98,142.18,144.98,139.8,936,735000.0,3.62,-0.6,-0.86,0.72
1995-05-16,600615,144.12,142.18,144.12,141.96,350,276000.0,1.52,0.0,0.0,0.27
1995-05-17,600615,140.88,147.14,147.14,140.88,249,196000.0,4.4,3.49,4.96,0.19
1995-05-18,600615,207.41,193.8,207.41,168.96,18066,18143000.0,26.13,31.71,46.66,13.94
1995-05-19,600615,194.88,231.6,231.6,190.56,22197,25044000.0,21.18,19.5,37.8,17.13
1995-05-22,600615,244.56,253.2,266.16,242.83,20171,26162000.0,10.07,9.33,21.6,15.56
1995-05-23,600615,214.32,205.68,231.38,201.36,14359,16150000.0,11.86,-18.77,-47.52,11.08
1995-05-24,600615,207.84,203.52,214.32,190.78,6599,6944000.0,11.44,-1.05,-2.16,5.09
1995-05-25,600615,197.26,179.76,205.25,175.44,4203,4326000.0,14.65,-11.67,-23.76,3.24
1995-05-26,600615,177.6,188.4,210.0,173.28,6971,6886000.0,20.43,4.81,8.64,5.38
1995-05-29,600615,179.98,190.56,190.56,179.98,2230,2201000.0,5.62,1.15,2.16,1.72
1995-05-30,600615,190.78,190.56,193.8,184.94,1759,1769000.0,4.65,0.0,0.0,1.36
1995-05-31,600615,184.08,188.4,188.4,181.49,1385,1353000.0,3.63,-1.13,-2.16,1.07
1995-06-01,600615,188.18,188.4,189.48,183.65,837,832000.0,3.09,0.0,0.0,0.65
1995-06-02,600615,188.4,190.34,192.29,188.4,1617,1632000.0,2.06,1.03,1.94,1.25
1995-06-05,600615,190.34,180.84,190.99,180.84,2245,2219000.0,5.33,-4.99,-9.5,1.73
1995-06-06,600615,175.44,180.84,181.49,171.77,2030,1914000.0,5.37,0.0,0.0,1.57
1995-06-07,600615,181.7,187.97,188.18,177.17,1284,1245000.0,6.09,3.94,7.13,0.99
1995-06-08,600615,186.24,180.41,190.99,179.76,1938,1917000.0,5.97,-4.02,-7.56,1.5
1995-06-09,600615,180.84,184.51,184.51,178.25,927,900000.0,3.47,2.27,4.1,0.72
1995-06-12,600615,175.44,179.76,181.92,175.44,561,535000.0,3.51,-2.57,-4.75,0.43
1995-06-13,600615,177.6,180.84,181.49,177.6,449,431000.0,2.16,0.6,1.08,0.35
1995-06-14,600615,182.35,177.6,182.35,176.52,516,494000.0,3.22,-1.79,-3.24,0.4
1995-06-15,600615,164.21,158.16,164.21,155.57,2434,2098000.0,4.86,-10.95,-19.44,1.88
1995-06-16,600615,156.22,159.67,162.48,156.0,1255,1089000.0,4.1,0.95,1.51,0.97
1995-06-19,600615,157.08,159.89,161.4,157.08,1010,873000.0,2.71,0.14,0.22,0.78
1995-06-20,600615,160.1,158.38,162.26,158.38,842,732000.0,2.43,-0.94,-1.51,0.65
1995-06-21,600615,160.1,160.97,162.05,157.3,896,775000.0,3.0,1.64,2.59,0.69
1995-06-22,600615,162.48,159.89,162.48,157.73,640,544000.0,2.95,-0.67,-1.08,0.49
1995-06-23,600615,164.21,164.21,165.94,162.05,2377,2064000.0,2.43,2.7,4.32,1.83
1995-06-26,600615,165.29,164.42,167.45,162.91,513,446000.0,2.76,0.13,0.21,0.4
1995-06-27,600615,166.8,163.56,166.8,161.4,809,702000.0,3.28,-0.52,-0.86,0.62
1995-06-28,600615,163.34,162.05,163.34,154.92,8756,7305000.0,5.15,-0.92,-1.51,6.76
1995-06-29,600615,160.32,156.0,160.32,153.41,8486,7027000.0,4.26,-3.73,-6.05,6.55
1995-06-30,600615,153.84,151.03,153.84,150.17,2469,1996000.0,2.35,-3.19,-4.97,1.91
1995-07-03,600615,149.09,146.71,149.09,145.42,1613,1274000.0,2.43,-2.86,-4.32,1.24
1995-07-04,600615,147.36,149.95,149.95,145.42,1744,1380000.0,3.09,2.21,3.24,1.35
1995-07-05,600615,152.76,152.11,153.84,149.52,1381,1118000.0,2.88,1.44,2.16,1.07
1995-07-06,600615,152.76,150.38,154.92,148.66,2611,2119000.0,4.12,-1.14,-1.73,2.01
1995-07-07,600615,151.68,156.86,158.16,149.52,2642,2171000.0,5.75,4.31,6.48,2.04
1995-07-10,600615,158.16,157.08,159.89,155.78,3132,2629000.0,2.62,0.14,0.22,2.42
1995-07-11,600615,157.94,151.25,158.16,151.25,1519,1249000.0,4.4,-3.71,-5.83,1.17
1995-07-12,600615,151.68,151.68,152.76,150.6,758,613000.0,1.43,0.28,0.43,0.58
1995-07-13,600615,151.68,152.76,152.76,151.25,934,756000.0,1.0,0.71,1.08,0.72
1995-07-14,600615,152.76,152.33,155.57,152.33,926,756000.0,2.12,-0.28,-0.43,0.71
1995-07-17,600615,151.25,162.48,164.64,151.25,5671,4856000.0,8.79,6.66,10.15,4.38
1995-07-18,600615,161.62,162.48,165.72,157.08,3072,2610000.0,5.32,0.0,0.0,2.37
1995-07-19,600615,160.54,160.32,166.58,154.7,6616,5705000.0,7.31,-1.33,-2.16,5.1
1995-07-20,600615,157.73,159.46,161.62,155.57,2322,1949000.0,3.77,-0.54,-0.86,1.79
1995-07-21,600615,160.32,157.73,161.4,157.3,645,542000.0,2.57,-1.08,-1.73,0.5
1995-07-24,600615,161.4,160.32,162.48,157.73,1599,1351000.0,3.01,1.64,2.59,1.23
1995-07-25,600615,162.48,158.16,162.48,156.43,1057,886000.0,3.77,-1.35,-2.16,0.82
1995-07-26,600615,158.16,155.57,164.64,155.57,2676,2286000.0,5.73,-1.64,-2.59,2.06
1995-07-27,600615,154.49,162.05,162.05,154.49,1113,929000.0,4.86,4.17,6.48,0.86
1995-07-28,600615,158.16,157.51,158.38,156.43,629,526000.0,1.2,-2.8,-4.54,0.49
1995-07-31,600615,157.73,157.51,159.24,156.0,538,452000.0,2.06,0.0,0.0,0.42
1995-08-01,600615,158.16,161.62,162.26,156.43,1375,1168000.0,3.7,2.61,4.11,1.06
1995-08-02,600615,163.56,160.32,170.47,158.81,5824,5099000.0,7.21,-0.8,-1.3,4.49
1995-08-03,600615,160.32,160.32,161.62,159.46,1204,1025000.0,1.35,0.0,0.0,0.93
1995-08-04,600615,164.21,161.18,164.21,158.59,1130,959000.0,3.51,0.54,0.86,0.87
1995-08-07,600615,161.18,165.07,165.07,159.89,2237,1920000.0,3.21,2.41,3.89,1.73
1995-08-08,600615,168.96,163.13,170.04,149.52,1920,1661000.0,12.43,-1.18,-1.94,1.48
1995-08-09,600615,163.56,163.34,164.21,156.43,677,578000.0,4.77,0.13,0.21,0.52
1995-08-10,600615,162.48,164.64,167.88,159.24,2377,2052000.0,5.29,0.8,1.3,1.83
1995-08-11,600615,166.58,163.13,167.88,160.54,2241,1950000.0,4.46,-0.92,-1.51,1.73
1995-08-14,600615,164.21,177.6,185.81,161.4,5030,4470000.0,14.96,8.87,14.47,3.88
1995-08-15,600615,175.44,165.94,175.44,165.72,3831,3437000.0,5.47,-6.57,-11.66,2.96
1995-08-16,600615,164.86,166.37,166.8,164.21,1782,1556000.0,1.56,0.26,0.43,1.38
1995-08-17,600615,167.66,167.88,173.28,166.8,2872,2567000.0,3.89,0.91,1.51,2.22
1995-08-18,600615,166.58,167.02,173.06,166.58,1982,1758000.0,3.86,-0.51,-0.86,1.53
1995-08-21,600615,166.58,161.4,166.58,160.75,761,657000.0,3.49,-3.36,-5.62,0.59
1995-08-22,600615,164.64,161.4,164.64,160.32,595,510000.0,2.68,0.0,0.0,0.46
1995-08-23,600615,162.48,157.73,164.21,157.73,840,712000.0,4.01,-2.27,-3.67,0.65
1995-08-24,600615,159.24,159.24,162.05,157.3,1012,848000.0,3.01,0.96,1.51,0.78
1995-08-25,600615,158.38,157.08,159.46,156.0,331,277000.0,2.17,-1.36,-2.16,0.26
1995-08-28,600615,155.57,157.73,158.16,155.57,176,147000.0,1.65,0.41,0.65,0.14
1995-08-29,600615,159.24,156.43,161.18,156.43,303,254000.0,3.01,-0.82,-1.3,0.23
1995-08-30,600615,160.32,155.78,160.32,155.57,298,248000.0,3.04,-0.42,-0.65,0.23
1995-08-31,600615,155.14,156.22,156.65,155.14,290,240000.0,0.97,0.28,0.44,0.22
1995-09-01,600615,151.25,155.57,157.08,151.25,300,248000.0,3.73,-0.42,-0.65,0.23
1995-09-04,600615,156.0,162.48,162.48,155.57,1752,1487000.0,4.44,4.44,6.91,1.35
1995-09-05,600615,164.64,158.81,164.64,158.81,1152,986000.0,3.59,-2.26,-3.67,0.89
1995-09-06,600615,159.24,161.4,162.48,156.86,899,759000.0,3.54,1.63,2.59,0.69
1995-09-07,600615,163.56,163.56,166.37,159.46,2285,1970000.0,4.28,1.34,2.16,1.76
1995-09-08,600615,162.48,162.91,163.99,160.32,923,791000.0,2.24,-0.4,-0.65,0.71
1995-09-11,600615,162.48,163.56,166.37,161.4,657,564000.0,3.05,0.4,0.65,0.51
1995-09-12,600615,165.72,160.32,168.96,160.32,1333,1154000.0,5.28,-1.98,-3.24,1.03
1995-09-13,600615,160.54,157.3,161.18,156.22,607,511000.0,3.09,-1.88,-3.02,0.47
1995-09-14,600615,157.73,156.0,160.1,155.57,476,396000.0,2.88,-0.83,-1.3,0.37
1995-09-15,600615,156.22,157.3,157.3,154.92,310,256000.0,1.53,0.83,1.3,0.24
1995-09-18,600615,156.0,154.27,157.08,154.06,280,231000.0,1.92,-1.93,-3.03,0.22
1995-09-19,600615,154.92,151.68,154.92,150.82,592,483000.0,2.66,-1.68,-2.59,0.46
1995-09-20,600615,151.25,150.6,151.25,148.87,726,581000.0,1.57,-0.71,-1.08,0.56
1995-09-21,600615,150.17,150.38,151.46,149.09,390,312000.0,1.57,-0.15,-0.22,0.3
1995-09-22,600615,149.52,149.74,151.25,148.87,320,256000.0,1.58,-0.43,-0.64,0.25
1995-09-25,600615,149.52,150.6,154.92,149.52,291,234000.0,3.61,0.57,0.86,0.22
1995-09-26,600615,148.66,151.68,151.68,148.66,152,122000.0,2.01,0.72,1.08,0.12
1995-09-27,600615,149.52,146.28,149.52,146.28,539,427000.0,2.14,-3.56,-5.4,0.42
1995-09-28,600615,146.28,145.85,146.28,143.04,754,583000.0,2.21,-0.29,-0.43,0.58
1995-09-29,600615,144.12,153.19,181.92,144.12,2457,2079000.0,25.92,5.03,7.34,1.9
1995-10-04,600615,151.68,149.3,154.92,145.2,1077,852000.0,6.35,-2.54,-3.89,0.83
1995-10-05,600615,147.36,149.52,150.82,146.93,405,322000.0,2.61,0.15,0.22,0.31
1995-10-06,600615,139.8,149.09,154.92,139.8,1798,1441000.0,10.11,-0.29,-0.43,1.39
1995-10-09,600615,148.44,145.2,149.09,143.04,578,449000.0,4.06,-2.61,-3.89,0.45
1995-10-10,600615,146.28,143.04,146.5,141.96,579,450000.0,3.13,-1.49,-2.16,0.45
1995-10-11,600615,143.26,141.96,144.12,140.66,651,497000.0,2.42,-0.76,-1.08,0.5
1995-10-12,600615,141.1,140.88,142.82,140.88,646,491000.0,1.37,-0.76,-1.08,0.5
1995-10-13,600615,142.61,142.18,146.71,141.53,697,538000.0,3.68,0.92,1.3,0.54
1995-10-16,600615,144.77,144.77,147.36,144.12,321,251000.0,2.28,1.82,2.59,0.25
1995-10-17,600615,144.77,144.34,145.2,143.04,224,173000.0,1.49,-0.3,-0.43,0.17
1995-10-18,600615,144.77,146.28,148.44,144.77,809,634000.0,2.54,1.34,1.94,0.62
1995-10-19,600615,132.46,143.47,149.09,132.46,446,350000.0,11.37,-1.92,-2.81,0.34
1995-10-20,600615,147.36,149.52,152.76,143.47,1041,832000.0,6.48,4.22,6.05,0.8
1995-10-23,600615,153.84,153.41,153.84,150.6,2221,1811000.0,2.17,2.6,3.89,1.71
1995-10-24,600615,153.62,150.82,153.84,149.52,787,636000.0,2.82,-1.69,-2.59,0.61
1995-10-25,600615,160.32,160.75,168.1,156.43,3719,3158000.0,7.74,6.58,9.93,2.87
1995-10-26,600615,159.02,151.68,160.75,149.95,1522,1263000.0,6.72,-5.64,-9.07,1.17
1995-10-27,600615,149.95,148.22,151.46,148.22,816,651000.0,2.14,-2.28,-3.46,0.63
1995-10-30,600615,147.36,146.93,147.79,145.63,391,308000.0,1.46,-0.87,-1.29,0.3
1995-10-31,600615,147.36,146.71,147.58,143.47,454,356000.0,2.8,-0.15,-0.22,0.35
1995-11-01,600615,147.36,148.66,151.03,145.63,309,244000.0,3.68,1.33,1.95,0.24
1995-11-02,600615,148.01,147.79,148.44,147.36,295,233000.0,0.73,-0.59,-0.87,0.23
1995-11-03,600615,148.22,151.25,151.25,147.36,716,568000.0,2.63,2.34,3.46,0.55
1995-11-06,600615,150.6,153.41,154.7,150.17,644,525000.0,3.0,1.43,2.16,0.5
1995-11-07,600615,153.41,151.46,153.84,151.46,536,436000.0,1.55,-1.27,-1.95,0.41
1995-11-08,600615,149.3,147.36,152.54,147.36,661,523000.0,3.42,-2.71,-4.1,0.51
1995-11-09,600615,147.14,146.93,148.44,145.42,525,413000.0,2.05,-0.29,-0.43,0.41
1995-11-10,600615,147.79,149.52,150.38,147.79,624,497000.0,1.76,1.76,2.59,0.48
1995-11-13,600615,145.63,146.28,147.79,144.12,467,364000.0,2.45,-2.17,-3.24,0.36
1995-11-14,600615,145.2,147.14,148.01,144.77,295,233000.0,2.21,0.59,0.86,0.23
1995-11-15,600615,148.66,147.79,149.09,146.28,364,287000.0,1.91,0.44,0.65,0.28
1995-11-16,600615,147.79,146.93,149.95,146.28,369,291000.0,2.48,-0.58,-0.86,0.28
1995-11-17,600615,143.69,146.93,147.79,143.69,499,393000.0,2.79,0.0,0.0,0.39
1995-11-20,600615,144.12,149.52,156.0,144.12,1355,1095000.0,8.09,1.76,2.59,1.05
1995-11-21,600615,149.52,147.58,152.11,146.28,403,319000.0,3.9,-1.3,-1.94,0.31
1995-11-22,600615,146.93,147.36,147.58,145.2,390,305000.0,1.61,-0.15,-0.22,0.3
1995-11-23,600615,146.28,145.85,146.5,145.2,307,239000.0,0.88,-1.02,-1.51,0.24
1995-11-24,600615,145.85,145.63,148.44,145.2,227,177000.0,2.22,-0.15,-0.22,0.18
1995-11-27,600615,147.79,144.77,147.79,144.77,315,246000.0,2.07,-0.59,-0.86,0.24
1995-11-28,600615,145.2,145.2,145.2,143.26,324,252000.0,1.34,0.3,0.43,0.25
1995-11-29,600615,146.06,144.12,146.93,134.83,496,382000.0,8.33,-0.74,-1.08,0.38
1995-11-30,600615,144.12,144.34,146.06,141.53,528,407000.0,3.14,0.15,0.22,0.41
1995-12-01,600615,141.1,141.96,142.82,141.1,324,247000.0,1.19,-1.65,-2.38,0.25
1995-12-04,600615,140.66,144.12,144.12,140.66,162,123000.0,2.44,1.52,2.16,0.13
1995-12-05,600615,145.2,144.77,145.2,142.39,84,65000.0,1.95,0.45,0.65,0.06
1995-12-06,600615,141.96,141.96,144.12,141.96,172,131000.0,1.49,-1.94,-2.81,0.13
1995-12-07,600615,141.96,143.26,143.26,140.66,159,122000.0,1.83,0.92,1.3,0.12
1995-12-08,600615,141.96,142.82,146.06,141.96,331,254000.0,2.86,-0.31,-0.44,0.26
1995-12-11,600615,141.1,136.13,141.96,136.13,216,164000.0,4.08,-4.68,-6.69,0.17
1995-12-12,600615,138.72,140.66,142.82,134.83,581,436000.0,5.87,3.33,4.53,0.45
1995-12-13,600615,140.66,136.56,140.66,134.4,406,302000.0,4.45,-2.91,-4.1,0.31
1995-12-14,600615,136.56,133.54,136.56,132.02,248,180000.0,3.32,-2.21,-3.02,0.19
1995-12-15,600615,132.89,132.89,132.89,131.16,406,292000.0,1.3,-0.49,-0.65,0.31
1995-12-18,600615,132.02,133.32,134.4,129.86,261,187000.0,3.42,0.32,0.43,0.2
1995-12-19,600615,131.16,130.73,131.16,128.14,171,122000.0,2.27,-1.94,-2.59,0.13
1995-12-20,600615,132.46,132.02,132.46,130.73,197,141000.0,1.32,0.99,1.29,0.15
1995-12-21,600615,131.16,131.16,133.32,129.86,210,150000.0,2.62,-0.65,-0.86,0.16
1995-12-22,600615,131.16,130.3,131.59,130.3,189,135000.0,0.98,-0.66,-0.86,0.15
1995-12-25,600615,129.43,126.62,129.43,126.62,223,155000.0,2.16,-2.82,-3.68,0.17
1995-12-26,600615,127.92,126.19,127.92,125.76,279,194000.0,1.71,-0.34,-0.43,0.22
1995-12-27,600615,125.76,123.6,125.76,121.22,235,160000.0,3.6,-2.05,-2.59,0.18
1995-12-28,600615,121.66,120.79,123.6,120.36,218,146000.0,2.62,-2.27,-2.81,0.17
1995-12-29,600615,125.33,121.22,125.33,119.06,167,112000.0,5.19,0.36,0.43,0.13
1996-01-02,600615,114.53,116.69,132.02,114.53,249,165000.0,14.43,-3.74,-4.53,0.19
1996-01-03,600615,115.39,116.69,116.69,115.39,225,145000.0,1.11,0.0,0.0,0.17
1996-01-04,600615,117.34,119.93,120.79,116.69,288,188000.0,3.51,2.78,3.24,0.22
1996-01-05,600615,120.79,115.82,122.74,115.82,947,624000.0,5.77,-3.43,-4.11,0.73
1996-01-08,600615,114.96,114.53,114.96,113.23,201,128000.0,1.49,-1.11,-1.29,0.16
1996-01-09,600615,116.69,118.63,119.06,115.82,317,206000.0,2.83,3.58,4.1,0.24
1996-01-10,600615,118.2,115.39,118.2,113.66,196,125000.0,3.83,-2.73,-3.24,0.15
1996-01-11,600615,115.82,113.66,115.82,113.23,160,101000.0,2.24,-1.5,-1.73,0.12
1996-01-12,600615,113.66,112.8,114.1,112.8,378,239000.0,1.14,-0.76,-0.86,0.29
1996-01-15,600615,113.66,114.53,114.96,113.23,279,177000.0,1.53,1.53,1.73,0.22
1996-01-16,600615,114.96,113.66,114.96,113.66,120,76000.0,1.14,-0.76,-0.87,0.09
1996-01-17,600615,114.53,111.72,114.53,111.29,391,245000.0,2.85,-1.71,-1.94,0.3
1996-01-18,600615,110.42,109.56,110.42,106.54,584,354000.0,3.47,-1.93,-2.16,0.45
1996-01-19,600615,108.7,108.26,108.7,105.02,242,146000.0,3.36,-1.19,-1.3,0.19
1996-01-22,600615,106.54,106.32,106.97,105.02,345,207000.0,1.8,-1.79,-1.94,0.27
1996-01-23,600615,105.46,108.26,109.56,105.46,210,127000.0,3.86,1.82,1.94,0.16
1996-01-24,600615,107.4,108.26,108.26,105.89,104,62000.0,2.19,0.0,0.0,0.08
1996-01-25,600615,106.32,108.26,111.72,106.32,590,361000.0,4.99,0.0,0.0,0.46
1996-01-26,600615,105.46,113.23,116.26,97.9,1622,976000.0,16.96,4.59,4.97,1.25
1996-01-29,600615,111.94,114.1,114.53,106.32,3976,2415000.0,7.25,0.77,0.87,3.07
1996-01-30,600615,109.99,111.72,111.94,108.26,1647,1019000.0,3.23,-2.09,-2.38,1.27
1996-01-31,600615,110.42,111.29,112.37,110.42,1183,738000.0,1.75,-0.38,-0.43,0.91
1996-02-01,600615,110.86,111.29,111.72,109.56,411,254000.0,1.94,0.0,0.0,0.32
1996-02-02,600615,109.99,110.86,111.29,106.54,486,299000.0,4.27,-0.39,-0.43,0.38
1996-02-05,600615,110.86,106.54,111.94,106.54,772,467000.0,4.87,-3.9,-4.32,0.6
1996-02-06,600615,106.32,105.46,108.26,102.86,1193,708000.0,5.07,-1.01,-1.08,0.92
1996-02-07,600615,104.16,105.02,105.46,102.86,2821,1656000.0,2.47,-0.42,-0.44,2.18
1996-02-08,600615,104.59,104.59,105.46,104.16,211,125000.0,1.24,-0.41,-0.43,0.16
1996-02-09,600615,105.02,105.46,105.46,104.59,487,289000.0,0.83,0.83,0.87,0.38
1996-02-12,600615,105.02,104.59,105.02,104.16,276,163000.0,0.82,-0.82,-0.87,0.21
1996-02-13,600615,104.59,106.32,107.4,104.16,648,388000.0,3.1,1.65,1.73,0.5
1996-02-14,600615,107.83,106.54,107.83,106.32,684,413000.0,1.42,0.21,0.22,0.53
1996-02-15,600615,106.54,112.37,114.1,106.54,1758,1102000.0,7.1,5.47,5.83,1.36
1996-02-16,600615,112.37,118.63,120.79,112.37,4313,2819000.0,7.49,5.57,6.26,3.33
1996-03-04,600615,127.92,132.89,133.32,125.76,5548,3924000.0,6.37,12.02,14.26,4.28
1996-03-05,600615,132.89,125.76,132.89,123.6,3594,2535000.0,6.99,-5.37,-7.13,2.77
1996-03-06,600615,125.76,119.06,125.76,118.2,1969,1328000.0,6.01,-5.33,-6.7,1.52
1996-03-07,600615,118.85,121.22,122.52,118.2,987,658000.0,3.63,1.81,2.16,0.76
1996-03-08,600615,120.79,123.6,124.46,117.12,1336,889000.0,6.06,1.96,2.38,1.03
1996-03-11,600615,124.03,122.52,124.46,119.93,909,615000.0,3.67,-0.87,-1.08,0.7
1996-03-12,600615,120.79,120.36,121.22,117.34,576,381000.0,3.17,-1.76,-2.16,0.44
1996-03-13,600615,120.36,120.36,122.74,119.93,454,303000.0,2.33,0.0,0.0,0.35
1996-03-14,600615,120.36,119.5,121.66,119.06,340,226000.0,2.16,-0.71,-0.86,0.26
1996-03-15,600615,119.06,119.5,120.79,117.77,342,225000.0,2.53,0.0,0.0,0.26
1996-03-18,600615,117.12,119.93,121.22,117.12,343,226000.0,3.43,0.36,0.43,0.26
1996-03-19,600615,120.36,119.93,121.22,119.06,304,202000.0,1.8,0.0,0.0,0.23
1996-03-20,600615,120.36,121.22,122.74,119.93,206,137000.0,2.34,1.08,1.29,0.16
1996-03-21,600615,121.66,120.36,122.74,120.36,427,286000.0,1.96,-0.71,-0.86,0.33
1996-03-22,600615,121.22,121.66,122.09,120.36,271,181000.0,1.44,1.08,1.3,0.21
1996-03-25,600615,121.22,121.22,122.09,121.22,385,258000.0,0.72,-0.36,-0.44,0.3
1996-03-26,600615,121.22,119.5,121.22,119.5,322,214000.0,1.42,-1.42,-1.72,0.25
1996-03-27,600615,118.2,118.63,119.06,117.77,227,149000.0,1.08,-0.73,-0.87,0.18
1996-03-28,600615,117.77,115.82,118.2,115.82,331,215000.0,2.01,-2.37,-2.81,0.26
1996-03-29,600615,117.34,116.26,118.2,115.39,637,411000.0,2.43,0.38,0.44,0.49
1996-04-01,600615,120.79,120.36,122.74,118.2,1388,928000.0,3.91,3.53,4.1,1.07
1996-04-02,600615,118.2,117.77,120.36,117.77,329,217000.0,2.15,-2.15,-2.59,0.25
1996-04-03,600615,116.69,118.63,119.5,116.69,353,233000.0,2.39,0.73,0.86,0.27
1996-04-04,600615,118.63,120.79,122.09,118.63,569,379000.0,2.92,1.82,2.16,0.44
1996-04-05,600615,121.66,129.43,131.16,121.66,2287,1588000.0,7.86,7.15,8.64,1.76
1996-04-08,600615,129.0,128.57,131.16,126.19,3475,2457000.0,3.84,-0.66,-0.86,2.68
1996-04-09,600615,128.14,126.62,128.14,124.46,881,612000.0,2.86,-1.52,-1.95,0.68
1996-04-10,600615,125.76,129.43,132.02,125.76,818,576000.0,4.94,2.22,2.81,0.63
1996-04-11,600615,130.73,129.43,130.73,127.49,728,513000.0,2.5,0.0,0.0,0.56
1996-04-12,600615,129.86,129.86,133.32,129.43,1569,1124000.0,3.01,0.33,0.43,1.21
1996-04-15,600615,126.62,129.0,129.43,126.62,412,290000.0,2.16,-0.66,-0.86,0.32
1996-04-16,600615,129.43,129.86,130.73,129.0,736,523000.0,1.34,0.67,0.86,0.57
1996-04-17,600615,131.59,130.73,133.32,129.86,1209,868000.0,2.66,0.67,0.87,0.93
1996-04-18,600615,130.73,133.97,133.97,129.86,1372,989000.0,3.14,2.48,3.24,1.06
1996-04-19,600615,133.97,138.29,138.72,132.89,2954,2184000.0,4.35,3.22,4.32,2.28
1996-04-22,600615,137.42,138.94,145.2,135.26,4498,3411000.0,7.19,0.47,0.65,3.47
1996-04-23,600615,138.29,144.34,145.2,136.99,1882,1427000.0,5.91,3.89,5.4,1.45
1996-04-24,600615,147.36,166.8,166.8,147.36,8330,6955000.0,13.47,15.56,22.46,6.43
1996-04-25,600615,166.15,162.48,168.74,159.67,10114,8771000.0,5.44,-2.59,-4.32,7.8
1996-04-26,600615,160.32,167.88,174.79,160.32,12540,11077000.0,8.91,3.32,5.4,9.68
1996-04-29,600615,167.88,168.74,176.95,162.48,9383,8379000.0,8.62,0.51,0.86,7.24
1996-04-30,600615,168.74,149.95,168.96,149.95,4075,3447000.0,11.27,-11.14,-18.79,3.14
1996-05-02,600615,164.21,141.96,164.21,138.29,2870,2294000.0,17.29,-5.33,-7.99,2.21
1996-05-03,600615,141.1,136.56,144.12,133.54,1848,1380000.0,7.45,-3.8,-5.4,1.43
1996-05-06,600615,139.8,139.8,141.96,136.56,1272,955000.0,3.95,2.37,3.24,0.98
1996-05-07,600615,140.66,137.86,142.82,129.86,1116,841000.0,9.27,-1.39,-1.94,0.86
1996-05-08,600615,138.72,137.42,138.72,136.13,656,487000.0,1.88,-0.32,-0.44,0.51
1996-05-09,600615,140.66,140.23,148.66,138.72,994,756000.0,7.23,2.04,2.81,0.77
1996-05-10,600615,140.66,150.6,155.35,140.66,4697,3751000.0,10.48,7.39,10.37,3.62
1996-05-13,600615,149.52,146.06,152.33,145.2,1355,1071000.0,4.73,-3.01,-4.54,1.05
1996-05-14,600615,149.52,145.2,149.52,144.77,929,730000.0,3.25,-0.59,-0.86,0.72
1996-05-15,600615,145.2,146.06,146.06,143.26,919,716000.0,1.93,0.59,0.86,0.71
1996-05-16,600615,149.52,144.12,149.95,143.69,1750,1389000.0,4.29,-1.33,-1.94,1.35
1996-05-17,600615,146.06,153.62,155.14,145.2,1235,981000.0,6.9,6.59,9.5,0.95
1996-05-20,600615,157.08,150.6,159.67,150.6,3264,2714000.0,5.9,-1.97,-3.02,2.52
1996-05-21,600615,151.9,142.82,158.81,142.82,1810,1443000.0,10.62,-5.17,-7.78,1.4
1996-05-22,600615,142.82,142.82,146.06,141.53,891,686000.0,3.17,0.0,0.0,0.69
1996-05-23,600615,140.66,136.13,142.82,135.7,1096,821000.0,4.99,-4.68,-6.69,0.85
1996-05-24,600615,132.02,134.4,138.29,132.02,527,384000.0,4.61,-1.27,-1.73,0.41
1996-05-27,600615,132.89,133.97,144.77,126.19,2329,1655000.0,13.82,-0.32,-0.43,1.8
1996-05-28,600615,134.4,138.94,147.36,134.4,2058,1582000.0,9.67,3.71,4.97,1.59
1996-05-29,600615,139.8,138.72,139.8,136.56,594,442000.0,2.33,-0.16,-0.22,0.46
1996-05-30,600615,140.66,133.32,140.66,131.59,778,567000.0,6.54,-3.89,-5.4,0.6
1996-05-31,600615,131.59,135.26,138.29,131.16,655,478000.0,5.35,1.46,1.94,0.51
1996-06-03,600615,133.32,131.59,134.4,129.86,893,640000.0,3.36,-2.71,-3.67,0.69
1996-06-04,600615,133.32,133.97,138.72,131.59,520,378000.0,5.42,1.81,2.38,0.4
1996-06-05,600615,134.4,142.82,142.82,130.3,1455,1095000.0,9.35,6.61,8.85,1.12
1996-06-06,600615,144.12,139.37,144.77,137.42,1778,1354000.0,5.15,-2.42,-3.45,1.37
1996-06-07,600615,141.96,145.2,147.79,141.96,2216,1721000.0,4.18,4.18,5.83,1.71
1996-06-10,600615,145.2,145.2,147.36,138.94,3076,2380000.0,5.8,0.0,0.0,2.37
1996-06-12,600615,143.69,140.66,147.36,138.72,1975,1518000.0,5.95,-3.13,-4.54,1.52
1996-06-13,600615,155.35,151.46,158.81,145.63,8672,7100000.0,9.37,7.68,10.8,6.69
1996-06-14,600615,149.52,145.2,150.82,143.26,4340,3428000.0,4.99,-4.13,-6.26,3.35
1996-06-17,600615,145.2,140.23,146.93,139.37,1711,1315000.0,5.21,-3.42,-4.97,1.32
1996-06-18,600615,138.72,144.12,144.12,138.29,1390,1057000.0,4.16,2.77,3.89,1.07
1996-06-19,600615,148.66,147.36,153.62,144.77,2840,2261000.0,6.14,2.25,3.24,2.19
1996-06-20,600615,147.79,145.63,147.79,140.23,1362,1064000.0,5.13,-1.17,-1.73,1.05
1996-06-21,600615,145.63,144.77,148.66,142.82,1164,909000.0,4.01,-0.59,-0.86,0.9
1996-06-24,600615,144.34,144.12,148.66,143.26,793,622000.0,3.73,-0.45,-0.65,0.61
1996-06-25,600615,139.37,141.53,142.82,139.37,1287,983000.0,2.39,-1.8,-2.59,0.99
1996-06-26,600615,140.66,144.12,145.2,140.66,832,644000.0,3.21,1.83,2.59,0.64
1996-06-27,600615,146.5,143.26,146.93,141.1,1868,1457000.0,4.05,-0.6,-0.86,1.44
1996-06-28,600615,143.69,139.8,145.2,138.94,1562,1187000.0,4.37,-2.42,-3.46,1.21
1996-07-01,600615,139.8,133.97,139.8,132.46,1143,843000.0,5.25,-4.17,-5.83,0.88
1996-07-02,600615,132.46,134.4,135.7,132.46,398,290000.0,2.42,0.32,0.43,0.31
1996-07-03,600615,134.83,134.4,137.42,131.16,928,674000.0,4.66,0.0,0.0,0.72
1996-07-04,600615,134.4,129.0,134.4,128.14,1678,1193000.0,4.66,-4.02,-5.4,1.29
1996-07-05,600615,127.92,133.54,134.83,127.49,2132,1535000.0,5.69,3.52,4.54,1.65
1996-07-08,600615,133.75,128.14,133.75,128.14,1719,1215000.0,4.2,-4.04,-5.4,1.33
1996-07-09,600615,127.92,128.14,129.86,127.49,1819,1275000.0,1.85,0.0,0.0,1.4
1996-07-10,600615,128.57,129.43,132.02,128.14,1455,1036000.0,3.03,1.01,1.29,1.12
1996-07-11,600615,129.86,131.59,135.26,129.86,2273,1646000.0,4.17,1.67,2.16,1.75
1996-07-12,600615,129.0,131.16,131.16,127.92,915,646000.0,2.46,-0.33,-0.43,0.71
1996-07-15,600615,134.4,129.43,135.7,129.0,882,626000.0,5.11,-1.32,-1.73,0.68
1996-07-16,600615,129.86,135.26,136.13,129.86,2181,1585000.0,4.84,4.5,5.83,1.68
1996-07-17,600615,137.42,135.7,141.96,132.46,2404,1808000.0,7.02,0.33,0.44,1.85
1996-07-18,600615,133.97,138.72,140.23,133.97,1319,981000.0,4.61,2.23,3.02,1.02
1996-07-19,600615,140.66,152.33,155.35,140.66,10002,8003000.0,10.59,9.81,13.61,7.72
1996-07-22,600615,154.06,155.14,160.97,152.54,8952,7478000.0,5.53,1.84,2.81,6.91
1996-07-23,600615,153.62,144.77,155.35,142.39,4783,3765000.0,8.35,-6.68,-10.37,3.69
1996-07-24,600615,146.06,150.17,150.82,145.2,2625,2085000.0,3.88,3.73,5.4,2.03
1996-07-25,600615,149.52,146.5,151.68,146.5,3448,2736000.0,3.45,-2.44,-3.67,2.66
1996-07-26,600615,146.5,147.36,154.27,146.5,3757,3019000.0,5.3,0.59,0.86,2.9
1996-07-29,600615,151.68,150.17,152.54,146.93,1875,1500000.0,3.81,1.91,2.81,1.45
1996-07-30,600615,149.95,148.66,151.68,145.2,1788,1431000.0,4.32,-1.01,-1.51,1.38
1996-07-31,600615,141.1,143.69,145.2,141.1,685,529000.0,2.76,-3.34,-4.97,0.53
1996-08-01,600615,142.82,147.79,150.6,142.82,3805,3023000.0,5.41,2.85,4.1,2.94
1996-08-02,600615,151.03,148.66,151.68,147.79,3661,2938000.0,2.63,0.59,0.87,2.82
1996-08-05,600615,151.03,156.43,161.4,148.22,8717,7261000.0,8.87,5.23,7.77,6.73
1996-08-06,600615,156.65,161.4,162.26,153.84,6971,5760000.0,5.38,3.18,4.97,5.38
1996-08-07,600615,161.4,157.73,162.26,156.22,3786,3145000.0,3.74,-2.27,-3.67,2.92
1996-08-08,600615,159.67,162.26,162.26,156.22,12287,10213000.0,3.83,2.87,4.53,9.48
1996-08-09,600615,162.26,166.15,168.53,160.75,19215,16379000.0,4.79,2.4,3.89,14.83
1996-08-12,600615,167.66,165.29,169.39,164.64,6756,5817000.0,2.86,-0.52,-0.86,5.21
1996-08-13,600615,166.15,159.67,166.8,157.94,3727,3109000.0,5.36,-3.4,-5.62,2.88
1996-08-14,600615,160.75,153.84,160.75,153.84,2571,2103000.0,4.33,-3.65,-5.83,1.98
1996-08-15,600615,155.35,153.84,157.08,153.41,2475,1994000.0,2.39,0.0,0.0,1.91
1996-08-16,600615,154.27,154.27,155.14,147.14,3646,2875000.0,5.2,0.28,0.43,2.81
1996-08-19,600615,152.54,150.38,154.27,149.95,1537,1224000.0,2.8,-2.52,-3.89,1.19
1996-08-20,600615,149.52,159.24,160.32,149.52,8667,7119000.0,7.18,5.89,8.86,6.69
1996-08-21,600615,163.99,157.94,165.94,153.84,5103,4235000.0,7.6,-0.82,-1.3,3.94
1996-08-22,600615,157.73,136.56,160.1,136.56,3189,2563000.0,14.9,-13.54,-21.38,2.46
1996-08-23,600615,152.54,145.42,153.84,143.04,3687,2844000.0,7.91,6.49,8.86,2.84
1996-08-26,600615,149.52,151.25,154.92,147.14,3064,2422000.0,5.35,4.01,5.83,2.36
1996-08-27,600615,149.52,150.38,151.68,146.71,1278,996000.0,3.29,-0.58,-0.87,0.99
1996-08-28,600615,154.27,150.38,154.27,149.52,2535,2005000.0,3.16,0.0,0.0,1.96
1996-08-29,600615,149.52,146.71,149.52,144.55,2819,2170000.0,3.3,-2.44,-3.67,2.18
1996-08-30,600615,147.14,150.38,151.25,146.28,3050,2368000.0,3.39,2.5,3.67,2.35
1996-09-02,600615,151.68,149.52,152.54,148.44,2841,2229000.0,2.73,-0.57,-0.86,2.19
1996-09-03,600615,149.52,147.58,152.54,147.14,1777,1383000.0,3.61,-1.3,-1.94,1.37
1996-09-04,600615,144.98,148.01,149.09,144.98,1252,960000.0,2.78,0.29,0.43,0.97
1996-09-05,600615,149.52,149.52,153.84,148.44,2275,1792000.0,3.65,1.02,1.51,1.76
1996-09-06,600615,148.44,145.42,148.66,134.18,1161,889000.0,9.68,-2.74,-4.1,0.9
1996-09-09,600615,144.55,143.04,144.55,141.74,994,745000.0,1.93,-1.64,-2.38,0.77
1996-09-10,600615,137.64,136.34,142.18,135.91,1316,960000.0,4.38,-4.68,-6.7,1.02
1996-09-11,600615,137.64,138.72,140.88,135.48,1326,961000.0,3.96,1.75,2.38,1.02
1996-09-12,600615,144.55,138.72,149.52,138.72,1675,1259000.0,7.79,0.0,0.0,1.29
1996-09-13,600615,139.58,142.61,142.61,139.15,908,673000.0,2.49,2.8,3.89,0.7
1996-09-16,600615,142.18,149.52,149.52,136.78,1415,1064000.0,8.93,4.85,6.91,1.09
1996-09-17,600615,144.55,143.04,144.55,141.31,930,697000.0,2.17,-4.33,-6.48,0.72
1996-09-18,600615,143.26,138.29,143.26,134.62,897,661000.0,6.04,-3.32,-4.75,0.69
1996-09-19,600615,135.91,137.64,138.72,135.91,894,645000.0,2.03,-0.47,-0.65,0.69
1996-09-20,600615,138.72,142.61,142.61,136.34,815,598000.0,4.56,3.61,4.97,0.63
1996-09-23,600615,144.55,148.66,149.09,140.88,2147,1634000.0,5.76,4.24,6.05,1.66
1996-09-24,600615,150.38,146.71,153.84,146.71,3952,3097000.0,4.8,-1.31,-1.95,3.05
1996-09-25,600615,153.84,149.09,153.84,147.14,5209,4094000.0,4.57,1.62,2.38,4.02
1996-09-26,600615,150.38,156.0,156.86,149.52,6626,5331000.0,4.92,4.63,6.91,5.11
1996-09-27,600615,156.0,160.32,160.32,152.11,6954,5632000.0,5.26,2.77,4.32,5.37
1996-10-03,600615,164.64,157.73,166.15,157.08,9381,7946000.0,5.66,-1.62,-2.59,7.24
1996-10-04,600615,157.73,155.35,158.38,154.49,3134,2539000.0,2.47,-1.51,-2.38,2.42
1996-10-07,600615,155.35,153.84,157.08,147.58,2192,1745000.0,6.12,-0.97,-1.51,1.69
1996-10-08,600615,154.92,155.14,156.0,152.98,1371,1103000.0,1.96,0.85,1.3,1.06
1996-10-09,600615,154.92,151.68,154.92,151.68,2267,1809000.0,2.09,-2.23,-3.46,1.75
1996-10-10,600615,152.98,156.65,157.08,152.98,2014,1630000.0,2.7,3.28,4.97,1.55
1996-10-11,600615,159.67,156.65,159.67,152.54,2511,2032000.0,4.55,0.0,0.0,1.94
1996-10-14,600615,154.06,159.89,160.32,154.06,6592,5408000.0,4.0,2.07,3.24,5.09
1996-10-15,600615,159.89,162.26,163.34,157.51,5003,4138000.0,3.65,1.48,2.37,3.86
1996-10-16,600615,162.48,161.18,163.99,157.94,6824,5706000.0,3.73,-0.67,-1.08,5.27
1996-10-17,600615,160.54,163.34,163.34,159.67,6076,5083000.0,2.28,1.34,2.16,4.69
1996-10-18,600615,163.99,170.47,176.95,162.91,22544,19778000.0,8.6,4.37,7.13,17.4
1996-10-21,600615,172.2,177.6,179.11,172.2,12183,11031000.0,4.05,4.18,7.13,9.4
1996-10-22,600615,172.85,170.9,177.38,166.15,6481,5744000.0,6.32,-3.77,-6.7,5.0
1996-10-23,600615,177.6,187.75,189.26,173.28,13234,12360000.0,9.35,9.86,16.85,10.21
1996-10-24,600615,189.26,194.45,196.39,188.4,10579,10393000.0,4.26,3.57,6.7,8.16
1996-10-25,600615,194.66,197.04,202.44,194.66,12821,12927000.0,4.0,1.33,2.59,9.89
1996-10-28,600615,190.34,202.87,206.33,186.67,14643,14915000.0,9.98,2.96,5.83,11.3
1996-10-29,600615,207.84,197.04,211.73,197.04,11376,11801000.0,7.24,-2.87,-5.83,8.78
1996-10-30,600615,199.2,180.84,203.52,177.6,7857,7604000.0,13.15,-8.22,-16.2,6.06
1996-10-31,600615,183.86,181.27,187.54,176.09,4446,4096000.0,6.33,0.24,0.43,3.43
1996-11-01,600615,168.74,169.61,177.6,164.64,4174,3675000.0,7.15,-6.43,-11.66,3.22
1996-11-04,600615,167.66,173.06,173.06,166.8,1904,1676000.0,3.69,2.03,3.45,1.47
1996-11-05,600615,172.85,172.85,176.95,171.34,3822,3421000.0,3.24,-0.12,-0.21,2.95
1996-11-06,600615,171.34,169.18,171.34,164.64,1846,1594000.0,3.88,-2.12,-3.67,1.42
1996-11-07,600615,169.18,171.12,174.58,168.74,1258,1109000.0,3.45,1.15,1.94,0.97
1996-11-08,600615,172.85,170.47,173.06,167.66,1407,1229000.0,3.16,-0.38,-0.65,1.09
1996-11-11,600615,168.74,171.12,172.2,167.88,1507,1316000.0,2.53,0.38,0.65,1.16
1996-11-12,600615,171.12,171.34,173.06,170.04,1584,1399000.0,1.76,0.13,0.22,1.22
1996-11-13,600615,172.2,169.61,173.06,168.53,1529,1340000.0,2.64,-1.01,-1.73,1.18
1996-11-14,600615,172.2,176.95,181.92,169.61,2333,2098000.0,7.26,4.33,7.34,1.8
1996-11-15,600615,176.95,173.93,177.6,172.2,1880,1685000.0,3.05,-1.71,-3.02,1.45
1996-11-18,600615,173.06,183.65,183.65,171.12,3665,3333000.0,7.2,5.59,9.72,2.83
1996-11-19,600615,186.46,184.94,192.07,180.84,4470,4296000.0,6.11,0.7,1.29,3.45
1996-11-20,600615,183.65,179.54,183.65,175.44,3023,2774000.0,4.44,-2.92,-5.4,2.33
1996-11-21,600615,177.6,165.29,181.27,164.86,3379,3000000.0,9.14,-7.94,-14.25,2.61
1996-11-22,600615,171.34,183.65,183.65,168.74,7047,6483000.0,9.02,11.11,18.36,5.44
1996-11-25,600615,186.24,198.12,202.87,186.24,13198,13142000.0,9.06,7.88,14.47,10.18
1996-11-26,600615,201.14,194.45,203.52,190.78,6217,6193000.0,6.43,-1.85,-3.67,4.8
1996-11-27,600615,194.66,195.53,197.04,193.15,3728,3699000.0,2.0,0.56,1.08,2.88
1996-11-28,600615,197.04,196.18,198.12,192.72,4199,4185000.0,2.76,0.33,0.65,3.24
1996-11-29,600615,197.26,202.87,203.52,197.26,8254,8395000.0,3.19,3.41,6.69,6.37
1996-12-02,600615,210.0,224.04,224.04,208.06,12724,13920000.0,7.88,10.44,21.17,9.82
1996-12-03,600615,230.95,229.66,240.24,229.44,11880,14009000.0,4.82,2.51,5.62,9.17
1996-12-04,600615,230.95,244.34,252.12,229.87,13490,16320000.0,9.69,6.39,14.68,10.41
1996-12-05,600615,251.04,272.86,274.58,251.04,19698,25930000.0,9.63,11.67,28.52,15.2
1996-12-06,600615,274.8,294.24,294.24,261.84,33682,45644000.0,11.87,7.84,21.38,25.99
1996-12-09,600615,279.21,295.77,300.55,268.82,30556,35211000.0,10.78,0.52,1.53,18.14
1996-12-10,600615,294.93,274.71,295.77,268.54,14355,16280000.0,9.21,-7.12,-21.06,8.52
1996-12-11,600615,272.47,276.96,282.58,269.1,9116,10249000.0,4.91,0.82,2.25,5.41
1996-12-12,600615,278.36,252.81,279.49,246.35,8082,8741000.0,11.97,-8.72,-24.15,4.8
1996-12-13,600615,247.48,240.46,250.0,237.65,5861,5946000.0,4.89,-4.89,-12.35,3.48
1996-12-16,600615,212.38,212.38,226.42,212.38,8981,8189000.0,5.84,-11.68,-28.08,5.33
1996-12-17,600615,187.1,187.1,198.34,187.1,6381,5214000.0,5.29,-11.9,-25.28,3.79
1996-12-18,600615,175.03,203.67,205.36,168.57,9264,7578000.0,19.66,8.86,16.57,5.5
1996-12-19,600615,198.34,179.24,208.16,179.24,6261,5145000.0,14.2,-11.99,-24.43,3.72
1996-12-20,600615,170.26,168.57,178.12,158.74,6273,4606000.0,10.81,-5.95,-10.67,3.72
1996-12-23,600615,175.03,179.8,184.3,172.78,6841,5369000.0,6.83,6.66,11.23,4.06
1996-12-24,600615,184.3,167.45,184.3,166.89,3988,3077000.0,9.68,-6.87,-12.35,2.37
1996-12-25,600615,167.45,174.47,177.28,162.11,3371,2525000.0,9.06,4.19,7.02,2.0
1996-12-26,600615,175.59,182.05,184.3,172.78,4900,3824000.0,6.6,4.34,7.58,2.91
1996-12-27,600615,182.05,181.49,184.3,175.59,3970,3127000.0,4.78,-0.31,-0.56,2.36
1996-12-30,600615,184.3,188.51,192.72,183.73,5643,4615000.0,4.95,3.87,7.02,3.35
1996-12-31,600615,191.32,180.93,192.72,179.8,4097,3281000.0,6.85,-4.02,-7.58,2.43
1997-01-02,600615,181.21,178.68,181.49,176.43,1500,1168000.0,2.8,-1.24,-2.25,0.89
1997-01-03,600615,180.36,173.91,180.36,173.06,2310,1784000.0,4.09,-2.67,-4.77,1.37
1997-01-06,600615,173.06,166.89,173.06,166.04,1832,1360000.0,4.04,-4.04,-7.02,1.09
1997-01-07,600615,164.64,172.5,175.87,163.24,1403,1051000.0,7.57,3.36,5.61,0.83
1997-01-08,600615,170.26,172.5,173.06,168.85,879,664000.0,2.44,0.0,0.0,0.52
1997-01-09,600615,173.06,175.87,181.21,173.06,1138,877000.0,4.72,1.95,3.37,0.68
1997-01-10,600615,170.54,178.12,180.93,170.54,1304,1009000.0,5.91,1.28,2.25,0.77
1997-01-13,600615,182.05,180.08,182.89,178.68,2235,1762000.0,2.36,1.1,1.96,1.33
1997-01-14,600615,178.68,175.03,180.93,174.47,2483,1934000.0,3.59,-2.8,-5.05,1.47
1997-01-15,600615,175.03,176.71,178.68,173.06,973,751000.0,3.21,0.96,1.68,0.58
1997-01-16,600615,177.28,175.87,178.12,173.63,733,563000.0,2.54,-0.48,-0.84,0.44
1997-01-17,600615,177.28,177.28,178.96,175.87,971,753000.0,1.76,0.8,1.41,0.58
1997-01-20,600615,177.28,178.68,180.93,175.31,1194,928000.0,3.17,0.79,1.4,0.71
1997-01-21,600615,200.58,187.38,200.58,184.3,6126,4986000.0,9.11,4.87,8.7,3.64
1997-01-22,600615,185.7,187.38,188.51,181.77,1884,1515000.0,3.6,0.0,0.0,1.12
1997-01-23,600615,181.49,189.35,192.16,181.49,3603,2950000.0,5.69,1.05,1.97,2.14
1997-01-24,600615,195.81,191.32,195.81,186.54,2421,1981000.0,4.9,1.04,1.97,1.44
1997-01-27,600615,189.91,190.19,194.12,189.35,3915,3220000.0,2.49,-0.59,-1.13,2.32
1997-01-28,600615,189.91,185.7,197.49,169.69,5318,4410000.0,14.62,-2.36,-4.49,3.16
1997-01-29,600615,187.1,191.32,194.97,187.1,2749,2265000.0,4.24,3.03,5.62,1.63
1997-01-30,600615,192.72,191.6,193.84,189.91,1935,1595000.0,2.05,0.15,0.28,1.15
1997-01-31,600615,191.6,191.32,192.72,189.91,2450,2016000.0,1.47,-0.15,-0.28,1.45
1997-02-17,600615,192.16,191.32,192.72,186.82,2343,1919000.0,3.08,0.0,0.0,1.39
1997-02-18,600615,192.72,172.5,196.93,171.66,5279,4259000.0,13.21,-9.84,-18.82,3.13
1997-02-19,600615,184.3,193.84,193.84,177.28,6952,5697000.0,9.6,12.37,21.34,4.13
1997-02-20,600615,170.54,213.78,217.15,170.54,18962,16628000.0,24.05,10.29,19.94,11.25
1997-02-21,600615,209.57,223.61,225.85,209.01,11983,11031000.0,7.88,4.6,9.83,7.11
1997-02-24,600615,225.01,219.4,226.42,215.75,6505,6050000.0,4.77,-1.88,-4.21,3.86
1997-02-25,600615,219.12,217.99,221.64,215.18,4136,3811000.0,2.94,-0.64,-1.41,2.45
1997-02-26,600615,217.99,243.83,243.83,215.46,9217,8884000.0,13.01,11.85,25.84,5.47
1997-02-27,600615,243.83,237.09,244.95,232.31,6090,6082000.0,5.18,-2.76,-6.74,3.61
1997-02-28,600615,237.65,223.61,240.46,219.96,4739,4610000.0,8.65,-5.69,-13.48,2.81
1997-03-03,600615,227.82,241.58,246.07,227.82,10237,10110000.0,8.16,8.04,17.97,6.08
1997-03-04,600615,236.24,251.13,256.74,235.12,16564,16849000.0,8.95,3.95,9.55,9.83
1997-03-05,600615,254.5,267.97,280.33,253.93,41038,45819000.0,10.51,6.71,16.84,24.36
1997-03-06,600615,265.73,274.15,282.58,262.36,19074,21505000.0,7.55,2.31,6.18,11.32
1997-03-07,600615,290.16,264.32,293.81,259.55,17584,19765000.0,12.5,-3.59,-9.83,10.44
1997-03-10,600615,268.54,264.6,273.59,260.11,8640,9334000.0,5.1,0.11,0.28,5.13
1997-03-11,600615,264.6,262.08,268.26,258.71,5208,5614000.0,3.61,-0.95,-2.52,3.09
1997-03-12,600615,263.2,273.03,282.01,260.11,25964,28888000.0,8.36,4.18,10.95,15.41
1997-03-13,600615,274.15,269.1,279.49,265.73,8896,9888000.0,5.04,-1.44,-3.93,5.28
1997-03-14,600615,265.73,268.54,271.34,257.58,13317,14559000.0,5.11,-0.21,-0.56,7.9
1997-03-17,600615,273.59,274.15,284.26,273.59,18600,21108000.0,3.97,2.09,5.61,11.04
1997-03-18,600615,274.15,268.54,274.15,263.2,7763,8594000.0,3.99,-2.05,-5.61,4.61
1997-03-19,600615,271.34,292.4,299.42,271.34,35311,41630000.0,10.46,8.89,23.86,20.96
1997-03-20,600615,291.0,275.56,292.4,274.15,17682,20456000.0,6.24,-5.76,-16.84,10.5
1997-03-21,600615,282.58,294.09,298.58,276.96,12612,14710000.0,7.85,6.72,18.53,7.49
1997-03-24,600615,305.04,313.46,327.22,302.23,24576,30981000.0,8.5,6.59,19.37,14.59
1997-03-25,600615,324.7,327.22,330.03,302.79,33321,42722000.0,8.69,4.39,13.76,19.78
1997-03-26,600615,332.28,325.82,333.68,321.05,18347,23904000.0,3.86,-0.43,-1.4,10.89
1997-03-27,600615,330.31,346.6,358.39,328.63,27547,37442000.0,9.13,6.38,20.78,16.35
1997-03-28,600615,349.97,343.79,355.3,340.98,12251,16928000.0,4.13,-0.81,-2.81,7.27
1997-03-31,600615,375.24,364.29,375.52,360.64,13185,19076000.0,4.33,5.96,20.5,7.83
1997-04-01,600615,366.82,356.99,366.82,352.78,7553,10705000.0,3.85,-2.0,-7.3,4.48
1997-04-02,600615,356.99,345.48,361.2,325.82,6401,8905000.0,9.91,-3.22,-11.51,3.8
1997-04-03,600615,345.76,343.23,345.76,335.37,6368,8624000.0,3.01,-0.65,-2.25,3.78
1997-04-04,600615,348.56,347.16,364.01,346.6,8613,12073000.0,5.07,1.15,3.93,5.11
1997-04-07,600615,338.74,338.74,343.79,333.12,6573,8842000.0,3.07,-2.43,-8.42,3.9
1997-04-08,600615,338.74,333.68,347.16,333.12,8732,11783000.0,4.14,-1.49,-5.06,5.18
1997-04-09,600615,338.74,348.28,349.41,334.8,8206,11267000.0,4.38,4.38,14.6,4.87
1997-04-10,600615,353.34,355.3,369.06,351.93,17665,25177000.0,4.92,2.02,7.02,10.48
1997-04-11,600615,356.99,344.07,359.8,334.52,12226,16640000.0,7.12,-3.16,-11.23,7.26
1997-04-14,600615,355.58,375.24,382.54,350.81,35479,51669000.0,9.22,9.06,31.17,21.06
1997-04-15,600615,366.82,369.62,375.24,358.95,18479,26822000.0,4.34,-1.5,-5.62,10.97
1997-04-16,600615,383.66,372.43,386.47,366.82,12828,19026000.0,5.32,0.76,2.81,7.61
1997-04-17,600615,374.68,365.13,374.68,363.45,7334,10618000.0,3.02,-1.96,-7.3,4.35
1997-04-18,600615,364.01,371.87,371.87,361.2,9282,13363000.0,2.92,1.85,6.74,5.51
1997-04-21,600615,375.24,380.86,380.86,366.82,12269,18073000.0,3.78,2.42,8.99,7.28
1997-04-22,600615,379.45,373.84,379.45,369.34,8481,12578000.0,2.65,-1.84,-7.02,5.03
1997-04-23,600615,372.43,377.49,392.09,371.31,18061,27075000.0,5.56,0.98,3.65,10.72
1997-04-24,600615,369.62,373.84,380.86,362.88,10992,16150000.0,4.76,-0.97,-3.65,6.52
1997-04-25,600615,376.64,367.66,386.19,367.66,11749,17415000.0,4.96,-1.65,-6.18,6.97
1997-04-28,600615,372.43,364.01,391.25,364.01,10789,16066000.0,7.41,-0.99,-3.65,6.4
1997-04-29,600615,358.39,354.18,375.24,352.78,4800,6788000.0,6.17,-2.7,-9.83,2.85
1997-04-30,600615,366.82,366.54,371.03,355.58,7682,11059000.0,4.36,3.49,12.36,4.56
1997-05-05,600615,364.01,372.43,379.73,364.01,9935,14605000.0,4.29,1.61,5.89,5.9
1997-05-06,600615,375.24,402.76,402.76,369.9,15252,22646000.0,8.82,8.14,30.33,9.05
1997-05-07,600615,406.13,411.74,422.98,394.9,22878,36544000.0,6.97,2.23,8.98,13.58
1997-05-08,600615,410.34,367.1,411.74,366.82,12866,19807000.0,10.91,-10.84,-44.64,7.64
1997-05-09,600615,375.24,375.8,385.91,358.39,11023,16064000.0,7.5,2.37,8.7,6.54
1997-05-12,600615,383.66,375.24,386.47,371.03,10766,15994000.0,4.11,-0.15,-0.56,6.39
1997-05-13,600615,378.05,364.01,380.29,352.78,7057,10169000.0,7.33,-2.99,-11.23,4.19
1997-05-14,600615,358.39,342.11,361.2,341.54,4119,5733000.0,5.4,-6.02,-21.9,2.44
1997-05-15,600615,336.21,352.78,361.2,335.37,3866,5288000.0,7.55,3.12,10.67,2.29
1997-05-16,600615,313.46,313.46,338.74,313.46,6021,7740000.0,7.17,-11.15,-39.32,3.57
1997-05-19,600615,315.71,310.38,324.98,305.32,1942,2413000.0,6.27,-0.98,-3.08,1.15
1997-05-20,600615,324.42,320.2,324.42,312.06,2700,3454000.0,3.98,3.16,9.82,1.6
1997-05-21,600615,319.08,312.9,324.42,310.09,3174,4024000.0,4.48,-2.28,-7.3,1.88
1997-05-22,600615,277.24,277.24,297.18,277.24,2058,2357000.0,6.37,-11.4,-35.66,1.22
1997-05-23,600615,273.87,268.54,277.24,264.32,2852,3137000.0,4.66,-3.14,-8.7,1.69
1997-05-26,600615,281.17,299.42,299.42,281.17,9769,11705000.0,6.8,11.5,30.88,5.8
1997-05-27,600615,309.53,316.27,329.75,307.85,10187,13004000.0,7.31,5.63,16.85,6.05
1997-05-28,600615,316.27,305.04,316.27,296.9,3651,4489000.0,6.12,-3.55,-11.23,2.17
1997-05-29,600615,305.04,301.67,313.18,300.83,2402,2968000.0,4.05,-1.1,-3.37,1.43
1997-06-02,600615,335.37,334.52,335.93,324.13,9392,12514000.0,3.91,10.89,32.85,5.57
1997-06-03,600615,338.17,324.7,339.02,316.27,5281,6885000.0,6.8,-2.94,-9.82,3.13
1997-06-04,600615,324.7,324.13,327.5,319.36,4069,5274000.0,2.51,-0.18,-0.57,2.42
1997-06-05,600615,326.1,335.93,347.16,326.1,8220,11006000.0,6.5,3.64,11.8,4.88
1997-06-06,600615,313.74,306.44,324.7,302.23,5249,6622000.0,6.69,-8.78,-29.49,3.12
1997-06-09,600615,310.66,302.23,313.46,293.81,2019,2471000.0,6.41,-1.37,-4.21,1.2
1997-06-10,600615,296.28,282.46,309.08,280.44,1294,1275000.0,9.48,-6.54,-19.77,0.64
1997-06-11,600615,280.44,262.92,280.44,258.88,2611,2373000.0,7.63,-6.92,-19.54,1.29
1997-06-12,600615,264.6,261.24,276.4,261.24,1959,1791000.0,5.77,-0.64,-1.68,0.97
1997-06-13,600615,256.18,276.4,276.4,246.07,4021,3631000.0,11.61,5.8,15.16,1.99
1997-06-16,600615,279.77,282.13,284.82,279.77,2137,2044000.0,1.83,2.07,5.73,1.06
1997-06-17,600615,279.77,271.34,280.44,269.32,1480,1375000.0,3.94,-3.82,-10.79,0.73
1997-06-18,600615,269.32,266.29,271.34,263.26,1903,1732000.0,2.98,-1.86,-5.05,0.94
1997-06-19,600615,256.18,260.9,266.29,256.18,1162,1042000.0,3.8,-2.02,-5.39,0.57
1997-06-20,600615,262.92,276.06,279.09,262.92,2702,2496000.0,6.2,5.81,15.16,1.34
1997-06-23,600615,277.75,269.32,288.19,266.29,2955,2803000.0,7.93,-2.44,-6.74,1.46
1997-06-24,600615,269.32,283.14,286.17,267.97,3519,3296000.0,6.76,5.13,13.82,1.74
1997-06-25,600615,288.87,295.61,303.02,279.77,12405,12464000.0,8.21,4.4,12.47,6.14
1997-06-26,600615,295.27,287.18,295.27,282.8,2992,2909000.0,4.22,-2.85,-8.43,1.48
1997-06-27,600615,286.51,271.34,289.88,266.29,2715,2555000.0,8.21,-5.52,-15.84,1.34
1997-07-02,600615,262.92,255.84,266.29,242.7,1634,1429000.0,8.69,-5.71,-15.5,0.81
1997-07-03,600615,244.39,235.29,248.09,232.59,1694,1393000.0,6.06,-8.03,-20.55,0.84
1997-07-04,600615,230.23,229.22,230.91,222.48,1803,1437000.0,3.58,-2.58,-6.07,0.89
1997-07-07,600615,229.22,205.64,233.27,202.27,1314,1011000.0,13.52,-10.29,-23.58,0.65
1997-07-08,600615,207.32,206.65,212.04,192.16,1391,1009000.0,9.67,0.49,1.01,0.69
1997-07-09,600615,207.32,208.33,208.33,200.58,1227,896000.0,3.75,0.81,1.68,0.61
1997-07-10,600615,203.95,211.7,220.8,203.95,1441,1085000.0,8.09,1.62,3.37,0.71
1997-07-11,600615,211.37,218.78,219.12,205.64,1302,979000.0,6.37,3.34,7.08,0.64
1997-07-14,600615,218.78,222.48,225.18,212.38,2344,1806000.0,5.85,1.69,3.7,1.16
1997-07-15,600615,225.85,230.91,237.98,220.8,3376,2706000.0,7.72,3.79,8.43,1.67
1997-07-16,600615,230.57,222.48,232.26,221.81,1774,1402000.0,4.53,-3.65,-8.43,0.88
1997-07-17,600615,222.48,222.48,226.87,203.28,1591,1232000.0,10.6,0.0,0.0,0.79
1997-07-18,600615,222.48,230.57,233.94,217.43,1942,1524000.0,7.42,3.64,8.09,0.96
1997-07-21,600615,229.22,223.16,233.94,219.12,1521,1202000.0,6.43,-3.21,-7.41,0.75
1997-07-22,600615,219.79,227.54,229.22,215.41,1290,996000.0,6.19,1.96,4.38,0.64
1997-07-23,600615,233.6,239.33,244.72,227.88,5293,4326000.0,7.4,5.18,11.79,2.62
1997-07-24,600615,237.98,230.91,239.0,229.56,2451,1995000.0,3.94,-3.52,-8.42,1.21
1997-07-25,600615,223.16,222.48,227.54,221.81,1501,1179000.0,2.48,-3.65,-8.43,0.74
1997-07-28,600615,221.14,212.38,221.14,212.38,1328,1007000.0,3.94,-4.54,-10.1,0.66
1997-07-29,600615,219.12,216.42,219.12,212.71,761,579000.0,3.02,1.9,4.04,0.38
1997-07-30,600615,217.77,222.48,223.16,217.77,1459,1128000.0,2.49,2.8,6.06,0.72
1997-07-31,600615,225.85,220.8,225.85,219.12,970,757000.0,3.02,-0.76,-1.68,0.48
1997-08-01,600615,222.48,230.91,233.27,222.48,3101,2489000.0,4.89,4.58,10.11,1.53
1997-08-04,600615,238.66,246.07,258.2,235.96,6251,5295000.0,9.63,6.57,15.16,3.09
1997-08-05,600615,251.13,237.98,251.13,237.65,2219,1855000.0,5.48,-3.29,-8.09,1.1
1997-08-06,600615,239.33,235.96,241.69,235.96,2208,1832000.0,2.41,-0.85,-2.02,1.09
1997-08-07,600615,235.96,240.68,240.68,229.22,1615,1319000.0,4.86,2.0,4.72,0.8
1997-08-08,600615,242.7,240.68,245.74,235.96,2416,2017000.0,4.06,0.0,0.0,1.19
1997-08-11,600615,244.39,234.95,244.39,232.59,2618,2156000.0,4.9,-2.38,-5.73,1.29
1997-08-12,600615,232.59,225.85,234.62,225.85,2414,1942000.0,3.73,-3.87,-9.1,1.19
1997-08-13,600615,225.85,220.8,226.87,220.8,1457,1140000.0,2.69,-2.24,-5.05,0.72
1997-08-14,600615,218.44,229.22,230.91,218.44,1380,1084000.0,5.65,3.81,8.42,0.68
1997-08-15,600615,230.91,219.12,232.59,216.42,1100,861000.0,7.05,-4.41,-10.1,0.54
1997-08-18,600615,217.43,221.81,226.19,217.09,700,542000.0,4.15,1.23,2.69,0.35
1997-08-19,600615,221.81,219.12,224.51,215.07,704,547000.0,4.26,-1.21,-2.69,0.35
1997-08-20,600615,220.13,220.8,222.48,219.12,826,638000.0,1.53,0.77,1.68,0.41
1997-08-21,600615,223.5,221.14,224.17,218.44,1180,913000.0,2.6,0.15,0.34,0.58
1997-08-22,600615,221.81,227.54,230.91,219.12,2416,1901000.0,5.33,2.89,6.4,1.19
1997-08-25,600615,227.54,223.83,227.54,219.45,1267,992000.0,3.56,-1.63,-3.71,0.63
1997-08-26,600615,224.17,215.75,224.17,215.41,2772,2125000.0,3.91,-3.61,-8.08,1.37
1997-08-27,600615,215.75,224.17,225.85,215.75,1419,1107000.0,4.68,3.9,8.42,0.7
1997-08-28,600615,224.17,235.29,237.65,222.48,4680,3801000.0,6.77,4.96,11.12,2.31
1997-08-29,600615,232.93,233.27,243.38,232.93,4919,4073000.0,4.44,-0.86,-2.02,2.43
1997-09-01,600615,232.26,227.54,232.59,218.1,5857,4589000.0,6.21,-2.46,-5.73,2.9
1997-09-02,600615,228.55,250.12,251.13,228.55,14582,12243000.0,9.92,9.92,22.58,7.21
1997-09-03,600615,249.44,252.81,256.85,240.68,9947,8575000.0,6.46,1.08,2.69,4.92
1997-09-04,600615,256.18,254.16,256.18,247.76,5212,4506000.0,3.33,0.53,1.35,2.58
1997-09-05,600615,256.18,267.97,271.34,253.15,13483,12260000.0,7.16,5.43,13.81,6.67
1997-09-08,600615,270.67,279.77,289.54,270.33,14047,13368000.0,7.17,4.4,11.8,6.95
1997-09-09,600615,279.77,266.29,279.77,265.28,6080,5605000.0,5.18,-4.82,-13.48,3.01
1997-09-10,600615,265.28,276.4,278.08,256.85,6119,5604000.0,7.97,3.8,10.11,3.03
1997-09-11,600615,278.08,258.2,279.77,247.08,7726,6889000.0,11.83,-6.58,-18.2,3.82
1997-09-12,600615,255.17,240.68,258.2,239.33,3542,3053000.0,7.31,-6.79,-17.52,1.75
1997-09-15,600615,239.33,233.94,249.44,232.59,2649,2206000.0,7.0,-2.8,-6.74,1.31
1997-09-16,600615,234.95,237.31,241.35,234.95,1523,1258000.0,2.74,1.44,3.37,0.75
1997-09-17,600615,239.33,230.23,239.33,229.22,1000,813000.0,4.26,-2.98,-7.08,0.49
1997-09-18,600615,230.57,225.85,231.58,221.14,2186,1726000.0,4.53,-1.9,-4.38,1.08
1997-09-19,600615,229.22,235.29,235.63,227.54,1255,1019000.0,3.58,4.18,9.44,0.62
1997-09-22,600615,241.02,217.77,241.02,217.43,1706,1339000.0,10.03,-7.45,-17.52,0.84
1997-09-23,600615,215.41,197.21,220.8,194.85,2028,1496000.0,11.92,-9.44,-20.56,1.0
1997-09-24,600615,212.38,212.04,215.07,202.6,3179,2345000.0,6.32,7.52,14.83,1.57
1997-09-25,600615,215.07,220.8,222.15,212.38,2315,1769000.0,4.61,4.13,8.76,1.15
1997-09-26,600615,220.8,220.8,224.17,212.38,1783,1366000.0,5.34,0.0,0.0,0.88
1997-09-29,600615,217.43,210.69,217.43,208.33,807,601000.0,4.12,-4.58,-10.11,0.4
1997-09-30,600615,210.35,209.68,214.06,208.0,664,495000.0,2.88,-0.48,-1.01,0.33
1997-10-06,600615,214.73,208.0,214.73,204.96,403,296000.0,4.66,-0.8,-1.68,0.2
1997-10-07,600615,209.01,203.95,209.01,200.58,672,487000.0,4.05,-1.95,-4.05,0.33
1997-10-08,600615,214.06,215.75,217.43,207.32,1245,936000.0,4.96,5.79,11.8,0.62
1997-10-09,600615,215.75,219.12,225.85,215.75,1614,1256000.0,4.68,1.56,3.37,0.8
1997-10-10,600615,217.77,219.79,222.48,217.43,742,572000.0,2.3,0.31,0.67,0.37
1997-10-13,600615,228.55,217.77,232.59,215.07,775,600000.0,7.97,-0.92,-2.02,0.38
1997-10-14,600615,212.38,215.41,217.43,211.7,708,534000.0,2.63,-1.08,-2.36,0.35
1997-10-15,600615,216.08,218.44,227.88,216.08,843,648000.0,5.48,1.41,3.03,0.42
1997-10-16,600615,220.13,221.14,221.14,212.71,1406,1077000.0,3.86,1.24,2.7,0.7
1997-10-17,600615,219.12,226.53,229.22,219.12,2486,1952000.0,4.57,2.44,5.39,1.23
1997-10-20,600615,228.55,224.51,234.28,202.94,1632,1297000.0,13.83,-0.89,-2.02,0.81
1997-10-21,600615,229.22,224.84,229.22,221.14,1787,1394000.0,3.6,0.15,0.33,0.88
1997-10-22,600615,225.18,222.48,225.85,210.69,2490,1912000.0,6.74,-1.05,-2.36,1.23
1997-10-23,600615,222.48,217.77,222.48,215.75,1778,1365000.0,3.02,-2.12,-4.71,0.88
1997-10-24,600615,222.15,214.06,222.15,209.68,2093,1573000.0,5.73,-1.7,-3.71,1.04
1997-10-27,600615,217.43,223.16,225.85,209.01,2803,2164000.0,7.87,4.25,9.1,1.39
1997-10-28,600615,224.17,231.25,239.67,224.17,10957,8870000.0,6.95,3.63,8.09,5.42
1997-10-29,600615,229.22,243.38,245.4,224.17,9457,7818000.0,9.18,5.25,12.13,4.68
1997-10-30,600615,243.71,230.91,245.74,229.22,6641,5516000.0,6.79,-5.12,-12.47,3.28
1997-10-31,600615,229.22,234.28,234.28,223.5,3002,2395000.0,4.67,1.46,3.37,1.48
1997-11-03,600615,237.31,239.33,244.39,235.96,3345,2790000.0,3.6,2.16,5.05,1.65
1997-11-04,600615,242.03,237.65,242.03,230.91,1326,1082000.0,4.65,-0.7,-1.68,0.66
1997-11-05,600615,237.65,235.63,237.65,228.55,934,757726.0,3.83,-0.85,-2.02,0.46
1997-11-06,600615,235.96,227.2,238.66,225.85,1613,1300000.0,5.44,-3.58,-8.43,0.8
1997-11-07,600615,229.56,230.57,234.28,224.51,1955,1557000.0,4.3,1.48,3.37,0.97
1997-11-10,600615,230.91,244.39,257.53,230.91,8221,7056000.0,11.55,5.99,13.82,4.07
1997-11-11,600615,242.7,251.13,251.13,225.85,5642,4689000.0,10.34,2.76,6.74,2.79
1997-11-12,600615,247.76,239.33,251.13,236.64,4238,3599000.0,5.77,-4.7,-11.8,2.1
1997-11-13,600615,233.6,239.33,242.37,230.91,1597,1308000.0,4.79,0.0,0.0,0.79
1997-11-14,600615,239.33,241.02,246.07,239.33,2091,1759000.0,2.82,0.71,1.69,1.03
1997-11-17,600615,249.44,245.4,259.55,239.33,4808,4145000.0,8.39,1.82,4.38,2.38
1997-11-18,600615,243.38,237.98,248.77,237.31,1543,1289000.0,4.67,-3.02,-7.42,0.76
1997-11-19,600615,237.98,239.33,245.4,237.98,1286,1072000.0,3.12,0.57,1.35,0.64
1997-11-20,600615,239.33,235.96,242.03,234.62,1431,1180000.0,3.1,-1.41,-3.37,0.71
1997-11-21,600615,234.28,227.54,237.65,226.53,1652,1333000.0,4.71,-3.57,-8.42,0.82
1997-11-24,600615,226.19,216.42,226.53,215.75,1733,1343000.0,4.74,-4.89,-11.12,0.86
1997-11-25,600615,216.76,217.43,221.47,210.69,1717,1296000.0,4.98,0.47,1.01,0.85
1997-11-26,600615,219.12,221.47,221.47,212.38,951,726000.0,4.18,1.86,4.04,0.47
1997-11-27,600615,217.43,219.45,226.87,217.43,1131,881000.0,4.26,-0.91,-2.02,0.56
1997-11-28,600615,219.79,223.5,224.51,219.12,552,430000.0,2.46,1.85,4.05,0.27
1997-12-01,600615,222.48,223.83,225.52,216.42,932,725000.0,4.07,0.15,0.33,0.46
1997-12-02,600615,224.17,225.52,239.0,224.17,445,353000.0,6.63,0.76,1.69,0.22
1997-12-03,600615,225.85,218.44,225.85,214.4,413,319000.0,5.08,-3.14,-7.08,0.2
1997-12-04,600615,219.12,222.82,223.83,215.41,758,583000.0,3.85,2.01,4.38,0.37
1997-12-05,600615,224.17,220.8,225.85,219.12,685,531000.0,3.02,-0.91,-2.02,0.34
1997-12-08,600615,220.8,216.42,220.8,215.75,674,517000.0,2.29,-1.98,-4.38,0.33
1997-12-09,600615,219.12,220.8,225.85,215.75,702,542000.0,4.67,2.02,4.38,0.35
1997-12-10,600615,219.79,225.18,226.53,219.79,964,755000.0,3.05,1.98,4.38,0.48
1997-12-11,600615,225.18,225.18,225.85,220.13,1131,881000.0,2.54,0.0,0.0,0.56
1997-12-12,600615,225.18,226.19,229.9,225.18,1451,1154000.0,2.1,0.45,1.01,0.72
1997-12-15,600615,229.22,235.96,236.3,229.22,3937,3195000.0,3.13,4.32,9.77,1.95
1997-12-16,600615,236.3,238.66,244.72,236.3,3242,2702000.0,3.57,1.14,2.7,1.6
1997-12-17,600615,242.37,230.57,242.7,229.56,3152,2564000.0,5.51,-3.39,-8.09,1.56
1997-12-18,600615,230.57,238.66,242.03,229.56,3152,2595000.0,5.41,3.51,8.09,1.56
1997-12-19,600615,239.33,243.04,246.07,239.33,3074,2586000.0,2.82,1.84,4.38,1.52
1997-12-22,600615,246.75,238.66,253.49,237.31,4041,3457000.0,6.66,-1.8,-4.38,2.0
1997-12-23,600615,234.62,240.68,246.07,234.62,2032,1699000.0,4.8,0.85,2.02,1.01
1997-12-24,600615,246.07,262.92,267.97,238.66,8705,7569000.0,12.18,9.24,22.24,4.31
1997-12-25,600615,260.22,275.05,278.42,257.19,15881,14664000.0,8.07,4.61,12.13,7.86
1997-12-26,600615,273.03,265.62,277.75,262.25,8371,7667000.0,5.64,-3.43,-9.43,4.14
1997-12-29,600615,259.89,275.05,283.14,259.89,10279,9681000.0,8.75,3.55,9.43,5.08
1997-12-30,600615,274.04,275.72,292.57,273.37,16302,15780000.0,6.98,0.24,0.67,8.06
1997-12-31,600615,281.45,265.62,283.14,260.22,8604,7895000.0,8.31,-3.66,-10.1,4.26
1998-01-05,600615,264.27,253.82,273.03,249.78,8573,7603000.0,8.75,-4.44,-11.8,4.24
1998-01-06,600615,261.91,261.24,278.08,257.19,7748,7080000.0,8.23,2.92,7.42,3.83
1998-01-07,600615,267.97,283.14,286.51,256.18,13532,12564000.0,11.61,8.38,21.9,6.69
1998-01-08,600615,286.84,280.44,292.57,279.77,8830,8529000.0,4.52,-0.95,-2.7,4.37
1998-01-09,600615,276.4,286.84,288.19,272.35,7631,7244000.0,5.65,2.28,6.4,3.77
1998-01-12,600615,292.57,306.72,319.53,292.57,19193,20192000.0,9.4,6.93,19.88,9.49
1998-01-13,600615,303.69,316.83,340.42,272.02,19919,19759000.0,22.3,3.3,10.11,9.85
1998-01-14,600615,316.16,321.89,329.64,311.78,21144,22725000.0,5.64,1.6,5.06,10.46
1998-01-15,600615,330.31,319.87,330.31,309.42,8856,9431000.0,6.49,-0.63,-2.02,4.38
1998-01-16,600615,321.55,304.37,321.55,301.67,8054,8329000.0,6.22,-4.85,-15.5,3.98
1998-01-19,600615,305.04,308.75,318.86,303.36,4088,4270000.0,5.09,1.44,4.38,2.02
1998-01-20,600615,306.05,296.28,306.05,293.92,4280,4298000.0,3.93,-4.04,-12.47,2.12
1998-01-21,600615,296.28,288.19,303.02,286.51,3669,3633000.0,5.57,-2.73,-8.09,1.81
1998-01-22,600615,289.88,291.56,297.63,282.46,3688,3590000.0,5.26,1.17,3.37,1.82
1998-01-23,600615,286.51,292.24,296.28,286.51,1729,1710000.0,3.35,0.23,0.68,0.86
1998-02-09,600615,302.68,302.01,310.09,299.31,3415,3478000.0,3.69,3.34,9.77,1.69
1998-02-10,600615,303.36,293.25,303.36,292.57,3464,3459000.0,3.57,-2.9,-8.76,1.71
1998-02-11,600615,291.56,292.24,296.95,289.88,2481,2444000.0,2.41,-0.34,-1.01,1.23
1998-02-12,600615,293.25,309.42,323.24,291.9,5458,5695000.0,10.72,5.88,17.18,2.7
1998-02-13,600615,313.13,302.34,316.83,298.3,2832,2896000.0,5.99,-2.29,-7.08,1.4
1998-02-16,600615,303.69,308.75,313.46,301.67,4294,4432000.0,3.9,2.12,6.41,2.12
1998-02-17,600615,308.75,306.39,310.09,301.67,1910,1959000.0,2.73,-0.76,-2.36,0.94
1998-02-18,600615,308.41,313.46,316.83,305.04,4641,4843000.0,3.85,2.31,7.07,2.3
1998-02-19,600615,315.49,308.41,316.16,303.36,2100,2182000.0,4.08,-1.61,-5.05,1.04
1998-02-20,600615,308.41,295.27,310.09,293.25,3702,3728000.0,5.46,-4.26,-13.14,1.83
1998-02-23,600615,289.88,282.46,290.21,276.74,3511,3365000.0,4.56,-4.34,-12.81,1.74
1998-02-24,600615,289.88,296.62,313.46,283.14,1936,1926000.0,10.73,5.01,14.16,0.96
1998-02-25,600615,294.93,279.77,294.93,279.09,3330,3200000.0,5.34,-5.68,-16.85,1.65
1998-02-26,600615,281.12,283.81,286.51,278.08,2413,2302000.0,3.01,1.44,4.04,1.19
1998-02-27,600615,283.14,279.77,283.14,273.03,2493,2361000.0,3.56,-1.42,-4.04,1.23
1998-03-02,600615,271.68,275.72,302.01,267.97,2624,2528000.0,12.17,-1.45,-4.05,1.3
1998-03-03,600615,269.66,286.51,295.94,269.66,3716,3599000.0,9.53,3.91,10.79,1.84
1998-03-04,600615,286.84,283.14,286.84,280.1,713,686000.0,2.35,-1.18,-3.37,0.35
1998-03-05,600615,283.14,278.08,285.83,277.07,1166,1108000.0,3.09,-1.79,-5.06,0.58
1998-03-06,600615,279.77,274.71,279.77,274.71,1160,1089000.0,1.82,-1.21,-3.37,0.57
1998-03-09,600615,276.74,272.35,282.46,268.99,1708,1581000.0,4.9,-0.86,-2.36,0.84
1998-03-10,600615,269.66,262.25,269.66,260.22,4579,4124000.0,3.47,-3.71,-10.1,2.26
1998-03-11,600615,262.92,256.85,266.96,256.18,1982,1780000.0,4.11,-2.06,-5.4,0.98
1998-03-12,600615,256.18,261.24,262.92,251.13,1852,1618000.0,4.59,1.71,4.39,0.92
1998-03-13,600615,260.56,261.91,262.92,252.81,1028,908000.0,3.87,0.26,0.67,0.51
1998-03-16,600615,265.62,259.55,265.62,257.87,1230,1094000.0,2.96,-0.9,-2.36,0.61
1998-03-17,600615,263.93,262.92,264.6,257.87,1354,1209000.0,2.59,1.3,3.37,0.67
1998-03-18,600615,266.29,275.05,279.77,266.29,2833,2656000.0,5.13,4.61,12.13,1.4
1998-03-19,600615,274.71,261.57,274.71,261.57,1246,1143000.0,4.78,-4.9,-13.48,0.62
1998-03-20,600615,263.26,267.3,276.06,262.92,1661,1534000.0,5.02,2.19,5.73,0.82
1998-03-23,600615,267.3,266.63,270.33,262.92,1161,1060000.0,2.77,-0.25,-0.67,0.57
1998-03-24,600615,256.52,268.99,269.66,256.52,2111,1923000.0,4.93,0.89,2.36,1.04
1998-03-25,600615,266.29,264.6,271.34,260.22,2143,1935000.0,4.13,-1.63,-4.39,1.06
1998-03-26,600615,266.96,283.14,289.2,262.92,7608,7231000.0,9.93,7.01,18.54,3.76
1998-03-27,600615,298.64,294.93,308.75,290.21,14426,14498000.0,6.55,4.16,11.79,7.14
1998-03-30,600615,298.3,302.34,309.76,295.27,9015,9145000.0,4.91,2.51,7.41,4.46
1998-03-31,600615,302.68,292.91,303.36,291.56,4580,4563000.0,3.9,-3.12,-9.43,2.27
1998-04-01,600615,293.25,302.01,306.05,288.53,6129,6129000.0,5.98,3.11,9.1,3.03
1998-04-02,600615,306.39,296.62,320.2,295.94,11519,11941000.0,8.03,-1.78,-5.39,5.7
1998-04-03,600615,298.97,306.39,310.09,289.88,6013,6066000.0,6.81,3.29,9.77,2.97
1998-04-06,600615,308.41,341.09,341.09,308.41,23722,25637000.0,10.67,11.33,34.7,11.73
1998-04-07,600615,343.12,339.75,353.9,323.91,20937,23848000.0,8.79,-0.39,-1.34,10.36
1998-04-08,600615,345.48,366.7,374.12,343.12,37973,45551000.0,9.12,7.93,26.95,18.78
1998-04-09,600615,366.7,331.66,366.7,326.27,22430,25563000.0,11.03,-9.56,-35.04,11.09
1998-04-10,600615,328.63,329.64,330.31,313.46,10344,11123000.0,5.08,-0.61,-2.02,5.12
1998-04-13,600615,326.61,316.83,326.94,312.79,8612,9133000.0,4.29,-3.89,-12.81,4.26
1998-04-14,600615,313.46,313.46,323.57,308.75,5141,5411000.0,4.68,-1.06,-3.37,2.54
1998-04-15,600615,323.24,332.33,335.03,318.52,7242,7925000.0,5.27,6.02,18.87,3.58
1998-04-16,600615,335.37,321.89,337.05,316.83,4390,4741000.0,6.08,-3.14,-10.44,2.17
1998-04-17,600615,313.8,313.46,323.57,310.09,4139,4363000.0,4.19,-2.62,-8.43,2.05
1998-04-20,600615,308.75,324.25,329.64,308.75,3485,3739000.0,6.66,3.44,10.79,1.72
1998-04-21,600615,329.64,330.31,330.31,325.26,7286,7951000.0,1.56,1.87,6.06,3.6
1998-04-22,600615,330.31,336.71,340.42,330.31,5935,6611000.0,3.06,1.94,6.4,2.94
1998-04-23,600615,340.08,343.12,358.95,338.74,11409,13193000.0,6.0,1.9,6.41,5.64
1998-04-24,600615,343.79,328.29,347.16,327.62,5489,6156000.0,5.69,-4.32,-14.83,2.71
1998-04-27,600615,326.61,314.14,326.94,313.46,4785,5088000.0,4.11,-4.31,-14.15,2.37
1998-04-28,600615,318.52,333.68,333.68,315.49,4412,4760000.0,5.79,6.22,19.54,2.18
1998-04-29,600615,336.04,323.57,345.81,322.9,3481,3827000.0,6.87,-3.03,-10.11,1.72
1998-04-30,600615,336.38,330.31,340.08,328.96,3086,3410000.0,3.44,2.08,6.74,1.53
1998-05-04,600615,340.42,354.57,367.04,337.73,15310,18001000.0,8.87,7.34,24.26,7.57
1998-05-05,600615,357.27,357.27,363.0,347.5,8316,9745000.0,4.37,0.76,2.7,4.11
1998-05-06,600615,357.27,385.57,386.92,357.27,28384,35383000.0,8.3,7.92,28.3,14.04
1998-05-07,600615,393.66,428.03,428.03,393.66,17513,24184000.0,8.91,11.01,42.46,8.66
1998-05-08,600615,474.87,474.87,474.87,456.67,73972,112648000.0,4.25,10.94,46.84,36.59
1998-05-11,600615,515.64,526.42,526.42,497.11,56662,94097000.0,6.17,10.86,51.55,28.03
1998-05-12,600615,539.23,545.29,555.4,499.47,23540,40185000.0,10.62,3.58,18.87,11.64
1998-05-13,600615,552.71,603.92,603.92,552.03,17317,32610000.0,9.52,10.75,58.63,8.57
1998-05-14,600615,626.84,603.25,643.68,583.37,35962,69772000.0,9.99,-0.11,-0.67,17.79
1998-05-15,600615,606.62,568.21,609.99,550.01,27222,49905000.0,9.94,-5.81,-35.04,13.46
1998-05-18,600615,575.96,596.17,629.2,572.92,14013,26730000.0,9.9,4.92,27.96,6.93
1998-05-19,600615,599.88,609.99,613.7,586.74,6546,12444000.0,4.52,2.32,13.82,3.24
1998-05-20,600615,618.41,601.56,640.32,599.88,10378,20242000.0,6.63,-1.38,-8.43,5.13
1998-05-21,600615,596.51,593.14,599.88,582.36,8470,15790000.0,2.91,-1.4,-8.42,4.19
1998-05-22,600615,595.84,628.52,634.25,595.84,12447,24273000.0,6.48,5.96,35.38,6.16
1998-05-25,600615,638.63,647.05,662.89,627.17,17302,35246000.0,5.68,2.95,18.53,8.56
1998-05-26,600615,656.15,632.9,660.2,629.53,7101,14351000.0,4.74,-2.19,-14.15,3.51
1998-05-27,600615,633.58,613.36,640.32,612.68,6435,12612000.0,4.37,-3.09,-19.54,3.18
1998-05-28,600615,613.36,614.03,626.5,599.88,5008,9733000.0,4.34,0.11,0.67,2.48
1998-05-29,600615,619.42,586.4,623.47,582.36,9827,18546000.0,6.7,-4.5,-27.63,4.86
1998-06-02,600615,586.4,574.95,599.88,562.14,4984,9163000.0,6.44,-1.95,-11.45,2.47
1998-06-03,600615,576.29,567.19,586.4,566.18,4039,7349000.0,3.52,-1.35,-7.76,2.0
1998-06-04,600615,572.92,554.39,573.6,552.03,5400,9628000.0,3.8,-2.26,-12.8,2.67
1998-06-05,600615,559.44,588.09,592.8,559.44,5924,10898000.0,6.02,6.08,33.7,2.93
1998-06-08,600615,586.4,572.92,588.09,571.24,2251,4131000.0,2.87,-2.58,-15.17,1.11
1998-06-09,600615,572.92,566.52,585.39,562.14,3639,6658000.0,4.06,-1.12,-6.4,1.8
1998-06-10,600615,569.55,539.9,572.92,539.56,3739,6658000.0,5.89,-4.7,-26.62,1.85
1998-06-11,600615,532.49,535.18,549.34,528.44,2039,3484000.0,3.87,-0.87,-4.72,1.01
1998-06-12,600615,549.34,584.38,584.72,546.64,4319,7807000.0,7.12,9.19,49.2,2.14
1998-06-15,600615,589.1,577.98,605.61,572.92,4593,8616000.0,5.59,-1.1,-6.4,2.27
1998-06-16,600615,575.62,589.43,593.14,573.6,4453,8260000.0,3.38,1.98,11.45,2.2
1998-06-17,600615,599.88,630.21,645.37,590.11,15155,29766000.0,9.38,6.92,40.78,7.5
1998-06-18,600615,635.26,639.3,650.42,625.15,9652,19429000.0,4.01,1.44,9.09,4.77
1998-06-19,600615,648.74,624.14,648.74,621.11,7179,14292000.0,4.32,-2.37,-15.16,3.55
1998-06-22,600615,629.53,601.56,629.87,593.48,9436,18125000.0,5.83,-3.62,-22.58,4.67
1998-06-23,600615,603.25,611.67,622.79,596.51,6097,11815000.0,4.37,1.68,10.11,3.02
1998-06-24,600615,603.25,605.95,620.1,599.88,2631,5069000.0,3.31,-0.94,-5.72,1.3
1998-06-25,600615,611.34,599.54,625.15,598.87,4538,8741000.0,4.34,-1.06,-6.41,2.24
1998-06-26,600615,611.67,599.21,611.67,596.51,3975,7556000.0,2.53,-0.06,-0.33,1.97
1998-06-29,600615,609.99,586.74,609.99,583.03,2120,3980000.0,4.5,-2.08,-12.47,1.05
1998-06-30,600615,593.14,592.8,600.22,586.4,3264,6125000.0,2.36,1.03,6.06,1.61
1998-07-01,600615,602.24,574.61,609.99,572.92,3777,7102000.0,6.25,-3.07,-18.19,1.87
1998-07-02,600615,580.0,596.17,599.54,573.6,1658,3071000.0,4.51,3.75,21.56,0.82
1998-07-03,600615,603.25,596.51,609.31,596.51,2957,5657000.0,2.15,0.06,0.34,1.46
1998-07-06,600615,601.56,588.42,603.25,588.42,1459,2763000.0,2.49,-1.36,-8.09,0.72
1998-07-07,600615,596.51,616.73,623.13,589.1,2618,4993000.0,5.78,4.81,28.31,1.29
1998-07-08,600615,616.73,595.84,635.26,576.29,7845,15220000.0,9.56,-3.39,-20.89,3.88
1998-07-09,600615,596.85,593.14,607.63,579.66,2535,4755000.0,4.69,-0.45,-2.7,1.25
1998-07-10,600615,599.54,606.28,606.28,589.1,1975,3747000.0,2.9,2.22,13.14,0.98
1998-07-13,600615,606.28,621.78,631.89,606.28,7538,14817000.0,4.22,2.56,15.5,3.73
1998-07-14,600615,621.78,632.23,634.92,615.04,9881,19647000.0,3.2,1.68,10.45,4.89
1998-07-15,600615,633.24,684.46,699.28,631.89,22049,45964000.0,10.66,8.26,52.23,10.91
1998-07-16,600615,683.45,621.45,697.6,619.76,16604,34670000.0,11.37,-9.21,-63.01,8.21
1998-07-17,600615,616.05,589.77,616.05,567.19,19323,36315000.0,7.86,-5.1,-31.68,9.56
1998-07-20,600615,583.03,569.55,612.68,566.18,8387,15582000.0,7.88,-3.43,-20.22,4.15
1998-07-21,600615,569.55,574.95,593.14,567.87,4718,8676000.0,4.44,0.95,5.4,2.33
1998-07-22,600615,577.98,529.12,583.03,513.28,10555,18104000.0,12.13,-7.97,-45.83,5.22
1998-07-23,600615,544.96,538.22,561.8,529.12,8499,14586000.0,6.18,1.72,9.1,4.2
1998-07-24,600615,538.22,530.13,542.6,520.69,5056,8576000.0,4.07,-1.5,-8.09,2.5
1998-07-27,600615,526.76,535.86,540.91,515.64,3072,5199000.0,4.77,1.08,5.73,1.52
1998-07-28,600615,539.23,522.38,539.23,522.38,1461,2466000.0,3.14,-2.52,-13.48,0.72
1998-07-29,600615,522.38,529.12,531.14,522.38,1857,3125000.0,1.68,1.29,6.74,0.92
1998-07-30,600615,529.79,527.77,535.86,522.38,1276,2144000.0,2.55,-0.26,-1.35,0.63
1998-07-31,600615,527.77,538.89,542.6,525.75,1954,3344000.0,3.19,2.11,11.12,0.97
1998-08-03,600615,538.89,521.71,538.89,518.67,1213,2036000.0,3.75,-3.19,-17.18,0.6
1998-08-04,600615,522.38,517.32,522.38,503.85,1803,2953000.0,3.55,-0.84,-4.39,0.89
1998-08-05,600615,512.27,492.05,515.3,489.02,3582,5735000.0,5.08,-4.88,-25.27,1.77
1998-08-06,600615,493.74,495.42,508.23,492.05,2719,4333000.0,3.29,0.68,3.37,1.34
1998-08-07,600615,492.05,479.25,496.77,475.54,2612,4069000.0,4.29,-3.26,-16.17,1.29
1998-08-10,600615,475.2,458.36,475.2,455.32,2437,3634000.0,4.15,-4.36,-20.89,1.21
1998-08-11,600615,456.67,455.32,468.47,453.3,1291,1909000.0,3.31,-0.66,-3.04,0.64
1998-08-12,600615,455.32,453.3,465.1,443.19,2115,3109000.0,4.81,-0.44,-2.02,1.05
1998-08-13,600615,454.99,475.54,481.94,454.99,2719,4126000.0,5.95,4.91,22.24,1.34
1998-08-14,600615,492.05,479.92,492.05,476.89,3650,5678000.0,3.19,0.92,4.38,1.81
1998-08-17,600615,475.54,428.03,475.54,428.03,2199,3193000.0,9.9,-10.81,-51.89,1.09
1998-08-18,600615,424.66,430.05,451.62,414.55,1638,2317000.0,8.66,0.47,2.02,0.81
1998-08-19,600615,440.83,454.99,458.36,433.08,1931,2789000.0,5.88,5.8,24.94,0.96
1998-08-20,600615,464.42,460.04,464.42,444.2,1938,2855000.0,4.44,1.11,5.05,0.96
1998-08-21,600615,459.7,510.25,510.25,449.93,12547,20082000.0,13.11,10.91,50.21,6.21
1998-08-24,600615,516.31,498.79,519.01,493.74,7123,11474000.0,4.95,-2.25,-11.46,3.52
1998-08-25,600615,495.42,506.88,511.26,489.36,3046,4906000.0,4.39,1.62,8.09,1.51
1998-08-26,600615,502.16,492.05,508.9,485.31,1939,3096000.0,4.65,-2.93,-14.83,0.96
1998-08-27,600615,492.05,498.79,502.16,487.0,1645,2618000.0,3.08,1.37,6.74,0.81
1998-08-28,600615,493.74,501.49,514.97,490.03,2975,4797000.0,5.0,0.54,2.7,1.47
1998-08-31,600615,498.79,512.27,514.97,490.03,2698,4348000.0,4.97,2.15,10.78,1.33
1998-09-01,600615,510.59,512.27,535.86,505.53,4703,7860000.0,5.92,0.0,0.0,2.33
1998-09-02,600615,512.94,518.34,529.79,505.53,2968,4952000.0,4.74,1.18,6.07,1.47
1998-09-03,600615,521.71,518.34,532.15,516.65,1161,1942000.0,2.99,0.0,0.0,0.57
1998-09-04,600615,525.41,524.06,527.77,519.01,1332,2231000.0,1.69,1.1,5.72,0.66
1998-09-07,600615,531.48,518.34,531.48,510.92,1791,2958000.0,3.92,-1.09,-5.72,0.89
1998-09-08,600615,515.64,507.22,519.68,503.85,1722,2826000.0,3.05,-2.15,-11.12,0.85
1998-09-09,600615,503.85,517.66,517.66,503.51,1905,3101000.0,2.79,2.06,10.44,0.94
1998-09-10,600615,522.38,531.81,537.88,510.59,4424,7471000.0,5.27,2.73,14.15,2.19
1998-09-11,600615,531.81,544.96,561.47,526.42,8039,14056000.0,6.59,2.47,13.15,3.98
1998-09-14,600615,546.98,545.29,565.85,544.28,6103,10793000.0,3.96,0.06,0.33,3.02
1998-09-15,600615,547.65,539.23,549.34,534.17,3632,6249000.0,2.78,-1.11,-6.06,1.8
1998-09-16,600615,532.49,549.34,549.34,532.49,3220,5541000.0,3.12,1.87,10.11,1.59
1998-09-17,600615,556.08,557.42,572.92,548.33,11884,21290000.0,4.48,1.47,8.08,5.88
1998-09-18,600615,555.74,529.12,559.44,522.38,3678,6396000.0,6.65,-5.08,-28.3,1.82
1998-09-21,600615,529.12,529.12,539.23,525.07,2625,4445000.0,2.68,0.0,0.0,1.3
1998-09-22,600615,535.86,530.47,538.22,525.75,1444,2446000.0,2.36,0.26,1.35,0.71
1998-09-23,600615,542.26,532.49,549.34,532.49,1490,2561000.0,3.18,0.38,2.02,0.74
1998-09-24,600615,545.97,522.04,545.97,519.01,1851,3140000.0,5.06,-1.96,-10.45,0.92
1998-09-25,600615,525.41,542.26,542.26,519.01,1932,3277000.0,4.45,3.87,20.22,0.96
1998-09-28,600615,515.64,529.46,542.93,515.64,1546,2643000.0,5.03,-2.36,-12.8,0.76
1998-09-29,600615,532.49,522.04,532.49,521.03,1694,2839000.0,2.16,-1.4,-7.42,0.84
1998-09-30,600615,532.49,532.49,537.54,526.76,851,1444000.0,2.06,2.0,10.45,0.42
1998-10-05,600615,535.86,545.97,550.68,535.86,2180,3791000.0,2.78,2.53,13.48,1.08
1998-10-06,600615,545.97,533.5,548.66,533.5,1749,3006000.0,2.78,-2.28,-12.47,0.87
1998-10-07,600615,532.49,529.12,535.86,524.06,1426,2408000.0,2.21,-0.82,-4.38,0.71
1998-10-08,600615,527.43,549.34,560.79,527.43,4106,7174000.0,6.3,3.82,20.22,2.03
1998-10-09,600615,556.08,557.76,564.16,546.3,5208,9236000.0,3.25,1.53,8.42,2.58
1998-10-12,600615,556.08,554.39,562.14,554.39,2241,3974000.0,1.39,-0.6,-3.37,1.11
1998-10-13,600615,555.74,545.97,562.14,541.92,1923,3388000.0,3.65,-1.52,-8.42,0.95
1998-10-14,600615,545.97,542.6,557.42,535.18,1230,2122000.0,4.07,-0.62,-3.37,0.61
1998-10-15,600615,540.24,542.6,552.71,537.54,2021,3497000.0,2.8,0.0,0.0,1.0
1998-10-16,600615,549.34,545.97,556.75,544.96,1860,3260000.0,2.17,0.62,3.37,0.92
1998-10-19,600615,549.34,549.67,559.11,545.97,1456,2551000.0,2.41,0.68,3.7,0.72
1998-10-20,600615,552.71,549.34,552.71,543.61,1402,2448000.0,1.66,-0.06,-0.33,0.69
1998-10-21,600615,549.34,526.76,552.71,526.09,1898,3273000.0,4.85,-4.11,-22.58,0.94
1998-10-22,600615,525.75,538.55,538.55,525.75,1851,3137000.0,2.43,2.24,11.79,0.92
1998-10-23,600615,537.54,526.42,541.59,525.07,1400,2382000.0,3.07,-2.25,-12.13,0.69
1998-10-26,600615,537.54,540.91,543.61,525.75,2041,3478000.0,3.39,2.75,14.49,1.01
1998-10-27,600615,540.91,541.92,544.28,531.14,1660,2848000.0,2.43,0.19,1.01,0.82
1998-10-28,600615,547.65,542.6,555.4,539.23,1611,2803000.0,2.98,0.13,0.68,0.8
1998-10-29,600615,543.27,526.42,546.64,526.42,2925,4975000.0,3.73,-2.98,-16.18,1.45
1998-10-30,600615,527.43,535.18,538.89,525.07,1773,2990000.0,2.63,1.66,8.76,0.88
1998-11-02,600615,535.86,532.49,545.29,532.49,1587,2735000.0,2.39,-0.5,-2.69,0.78
1998-11-03,600615,535.86,533.84,536.53,532.49,1513,2579000.0,0.76,0.25,1.35,0.75
1998-11-04,600615,535.18,529.12,535.18,528.44,1657,2811000.0,1.26,-0.88,-4.72,0.82
1998-11-05,600615,529.12,541.92,545.29,529.12,4128,7106000.0,3.06,2.42,12.8,2.04
1998-11-06,600615,545.97,559.11,562.14,537.54,6951,12164000.0,4.54,3.17,17.19,3.44
1998-11-09,600615,566.18,602.58,603.25,566.18,20826,39073000.0,6.63,7.77,43.47,10.3
1998-11-10,600615,605.95,599.88,606.62,587.08,19709,37307000.0,3.24,-0.45,-2.7,9.75
1998-11-11,600615,629.87,602.71,631.18,597.02,8437,13806000.0,5.69,0.47,2.83,3.21
1998-11-12,600615,603.59,579.93,611.03,579.49,5320,8476000.0,5.23,-3.78,-22.78,2.02
1998-11-13,600615,580.81,583.44,588.25,572.92,2849,4478000.0,2.64,0.61,3.51,1.08
1998-11-16,600615,592.2,582.56,593.95,575.99,3143,4944000.0,3.08,-0.15,-0.88,1.2
1998-11-17,600615,579.06,579.49,586.06,577.3,1763,2758000.0,1.5,-0.53,-3.07,0.67
1998-11-18,600615,620.23,594.83,620.23,580.81,3025,4887000.0,6.8,2.65,15.34,1.15
1998-11-19,600615,594.83,589.57,600.08,588.69,1747,2789000.0,1.91,-0.88,-5.26,0.66
1998-11-20,600615,590.45,583.87,590.45,581.68,1678,2648000.0,1.49,-0.97,-5.7,0.64
1998-11-23,600615,582.56,564.16,587.38,564.16,3297,5121000.0,3.98,-3.38,-19.71,1.25
1998-11-24,600615,564.16,568.1,574.24,561.97,2303,3549000.0,2.17,0.7,3.94,0.88
1998-11-25,600615,586.06,575.11,586.06,570.29,733,1138000.0,2.78,1.23,7.01,0.28
1998-11-26,600615,575.11,576.43,584.75,569.42,1141,1774000.0,2.67,0.23,1.32,0.43
1998-11-27,600615,575.55,566.35,579.49,564.16,1184,1829000.0,2.66,-1.75,-10.08,0.45
1998-11-30,600615,553.21,555.84,564.16,553.21,1164,1759000.0,1.93,-1.86,-10.51,0.44
1998-12-01,600615,562.85,551.02,563.72,549.27,1194,1798000.0,2.6,-0.87,-4.82,0.45
1998-12-02,600615,550.14,540.95,550.14,533.5,1418,2089000.0,3.02,-1.83,-10.07,0.54
1998-12-03,600615,544.45,538.76,544.45,537.0,1048,1545000.0,1.38,-0.4,-2.19,0.4
1998-12-04,600615,538.32,533.94,538.32,533.5,923,1351000.0,0.89,-0.89,-4.82,0.35
1998-12-07,600615,545.76,531.75,550.58,529.56,981,1441000.0,3.94,-0.41,-2.19,0.37
1998-12-08,600615,531.75,532.62,541.38,531.75,820,1204000.0,1.81,0.16,0.87,0.31
1998-12-09,600615,532.62,526.93,537.88,523.86,2007,2902000.0,2.63,-1.07,-5.69,0.76
1998-12-10,600615,532.62,534.81,547.52,530.87,3027,4455000.0,3.16,1.5,7.88,1.15
1998-12-11,600615,537.0,540.95,540.95,529.12,1210,1769000.0,2.21,1.15,6.14,0.46
1998-12-14,600615,535.69,541.38,544.89,535.69,1029,1520000.0,1.7,0.08,0.43,0.39
1998-12-15,600615,540.07,532.62,540.07,526.93,1334,1941000.0,2.43,-1.62,-8.76,0.51
1998-12-16,600615,529.56,516.85,531.31,515.98,1224,1761000.0,2.88,-2.96,-15.77,0.47
1998-12-17,600615,513.79,492.32,513.79,491.88,1676,2326000.0,4.24,-4.75,-24.53,0.64
1998-12-18,600615,487.5,491.01,496.26,485.31,1146,1560000.0,2.22,-0.27,-1.31,0.44
1998-12-21,600615,493.2,499.77,524.74,493.2,3125,4422000.0,6.42,1.78,8.76,1.19
1998-12-22,600615,500.65,518.17,518.17,494.07,1696,2352000.0,4.82,3.68,18.4,0.65
1998-12-23,600615,513.79,514.22,523.86,507.65,463,656000.0,3.13,-0.76,-3.95,0.18
1998-12-24,600615,517.29,503.27,517.29,498.02,792,1098000.0,3.75,-2.13,-10.95,0.3
1998-12-25,600615,501.96,504.59,509.41,497.58,1198,1662000.0,2.35,0.26,1.32,0.46
1998-12-28,600615,509.41,504.59,522.55,499.77,495,689000.0,4.51,0.0,0.0,0.19
1998-12-29,600615,502.84,491.88,504.15,489.69,1366,1875000.0,2.87,-2.52,-12.71,0.52
1998-12-30,600615,494.07,486.63,500.21,485.31,2154,2928000.0,3.03,-1.07,-5.25,0.82
1998-12-31,600615,489.69,485.75,499.33,485.75,917,1251000.0,2.79,-0.18,-0.88,0.35
1999-01-04,600615,454.65,458.15,485.75,454.65,1028,1350000.0,6.4,-5.68,-27.6,0.39
1999-01-05,600615,459.47,472.61,473.92,454.65,1112,1437000.0,4.21,3.16,14.46,0.42
1999-01-06,600615,458.15,480.93,489.26,458.15,1241,1658000.0,6.58,1.76,8.32,0.47
1999-01-07,600615,483.12,480.93,484.44,473.05,479,639000.0,2.37,0.0,0.0,0.18
1999-01-08,600615,485.31,497.58,499.33,485.31,1098,1497000.0,2.92,3.46,16.65,0.42
1999-01-11,600615,464.73,491.88,498.46,464.73,855,1166000.0,6.78,-1.15,-5.7,0.33
1999-01-12,600615,508.53,488.82,508.53,488.82,973,1340000.0,4.01,-0.62,-3.06,0.37
1999-01-13,600615,488.82,476.55,489.69,476.11,777,1046000.0,2.78,-2.51,-12.27,0.3
1999-01-14,600615,483.12,489.26,497.58,480.93,726,982000.0,3.49,2.67,12.71,0.28
1999-01-15,600615,485.31,480.93,487.94,476.11,468,628000.0,2.42,-1.7,-8.33,0.18
1999-01-18,600615,476.55,493.64,494.51,471.3,905,1216000.0,4.83,2.64,12.71,0.34
1999-01-19,600615,493.64,506.34,506.78,485.31,1298,1798000.0,4.35,2.57,12.7,0.49
1999-01-20,600615,507.65,500.65,509.41,498.46,1106,1540000.0,2.16,-1.12,-5.69,0.42
1999-01-21,600615,497.58,499.33,500.65,485.31,701,960000.0,3.06,-0.26,-1.32,0.27
1999-01-22,600615,499.33,515.54,517.29,499.33,2004,2822000.0,3.6,3.25,16.21,0.76
1999-01-25,600615,520.36,506.78,528.24,502.84,1524,2155000.0,4.93,-1.7,-8.76,0.58
1999-01-26,600615,499.33,494.07,502.84,491.88,753,1039000.0,2.16,-2.51,-12.71,0.29
1999-01-27,600615,487.5,494.95,501.96,487.5,644,884000.0,2.93,0.18,0.88,0.25
1999-01-28,600615,498.46,496.26,523.42,495.39,1058,1464000.0,5.66,0.26,1.31,0.4
1999-01-29,600615,494.07,501.08,502.84,494.07,1034,1426000.0,1.77,0.97,4.82,0.39
1999-02-01,600615,492.32,480.06,492.32,480.06,734,992000.0,2.45,-4.19,-21.02,0.28
1999-02-02,600615,476.55,480.06,484.44,475.68,565,756000.0,1.82,0.0,0.0,0.21
1999-02-03,600615,480.93,480.93,495.39,480.06,478,644000.0,3.19,0.18,0.87,0.18
1999-02-04,600615,485.31,474.36,485.31,469.54,383,509000.0,3.28,-1.37,-6.57,0.15
1999-02-05,600615,480.93,476.55,480.93,474.36,892,1186000.0,1.39,0.46,2.19,0.34
1999-02-08,600615,476.11,471.3,480.93,470.42,1135,1504000.0,2.21,-1.1,-5.25,0.43
1999-02-09,600615,471.3,478.74,480.93,467.79,580,768000.0,2.79,1.58,7.44,0.22
1999-03-01,600615,478.74,491.01,496.26,478.74,596,813000.0,3.66,2.56,12.27,0.23
1999-03-02,600615,494.95,486.19,507.22,486.19,927,1280000.0,4.28,-0.98,-4.82,0.35
1999-03-03,600615,474.36,494.07,497.14,474.36,889,1210000.0,4.69,1.62,7.88,0.34
1999-03-04,600615,498.46,519.48,519.48,498.02,2704,3809000.0,4.34,5.14,25.41,1.03
1999-03-05,600615,523.42,534.37,558.91,522.99,6999,10419000.0,6.91,2.87,14.89,2.66
1999-03-08,600615,534.37,537.0,542.26,529.12,1744,2554000.0,2.46,0.49,2.63,0.66
1999-03-09,600615,542.26,528.24,542.7,522.55,1387,2006000.0,3.75,-1.63,-8.76,0.53
1999-03-10,600615,528.24,515.98,528.24,515.98,1258,1801000.0,2.32,-2.32,-12.26,0.48
1999-03-11,600615,520.36,525.18,537.88,520.36,1337,1941000.0,3.4,1.78,9.2,0.51
1999-03-12,600615,527.37,524.74,533.06,521.67,1182,1702000.0,2.17,-0.08,-0.44,0.45
1999-03-15,600615,524.74,532.62,537.88,523.42,2126,3091000.0,2.76,1.5,7.88,0.81
1999-03-16,600615,533.5,518.61,533.5,515.1,1578,2253000.0,3.45,-2.63,-14.01,0.6
1999-03-17,600615,518.61,513.79,524.74,511.6,888,1267000.0,2.53,-0.93,-4.82,0.34
1999-03-18,600615,513.79,505.03,519.92,505.03,1208,1696000.0,2.9,-1.7,-8.76,0.46
1999-03-19,600615,505.46,526.05,526.05,502.84,1765,2501000.0,4.6,4.16,21.02,0.67
1999-03-22,600615,523.86,514.22,529.12,512.47,1014,1451000.0,3.17,-2.25,-11.83,0.39
1999-03-23,600615,511.6,502.4,512.03,501.52,1173,1634000.0,2.04,-2.3,-11.82,0.45
1999-03-24,600615,498.46,511.6,511.6,498.46,1446,2008000.0,2.62,1.83,9.2,0.55
1999-03-25,600615,510.72,496.26,518.17,494.07,1378,1911000.0,4.71,-3.0,-15.34,0.52
1999-03-26,600615,498.46,499.33,502.84,494.51,950,1312000.0,1.68,0.62,3.07,0.36
1999-03-29,600615,491.45,494.51,497.58,489.69,1604,2190000.0,1.58,-0.97,-4.82,0.61
1999-03-30,600615,504.15,490.57,504.15,490.13,518,710000.0,2.84,-0.8,-3.94,0.2
1999-03-31,600615,490.57,481.37,497.14,480.93,940,1272000.0,3.3,-1.88,-9.2,0.36
1999-04-01,600615,476.55,492.32,492.32,476.55,2147,2898000.0,3.28,2.27,10.95,0.82
1999-04-02,600615,494.07,485.31,496.7,484.88,1214,1648000.0,2.4,-1.42,-7.01,0.46
1999-04-05,600615,485.31,486.19,496.7,483.12,1552,2108000.0,2.8,0.18,0.88,0.59
1999-04-06,600615,487.5,493.64,502.84,485.75,1336,1824000.0,3.52,1.53,7.45,0.51
1999-04-07,600615,494.51,479.62,494.51,477.87,1585,2142000.0,3.37,-2.84,-14.02,0.6
1999-04-08,600615,478.74,473.49,494.07,456.84,2164,2874000.0,7.76,-1.28,-6.13,0.82
1999-04-09,600615,477.43,490.13,501.96,468.67,3122,4246000.0,7.03,3.51,16.64,1.19
1999-04-12,600615,498.46,474.8,498.46,467.79,1722,2302000.0,6.26,-3.13,-15.33,0.66
1999-04-13,600615,485.31,476.55,489.26,472.17,1204,1608000.0,3.6,0.37,1.75,0.46
1999-04-14,600615,472.17,468.67,480.93,467.79,1053,1388000.0,2.76,-1.65,-7.88,0.4
1999-04-15,600615,469.11,467.79,472.17,459.03,888,1160000.0,2.8,-0.19,-0.88,0.34
1999-04-16,600615,463.41,458.15,466.04,455.96,1154,1491000.0,2.15,-2.06,-9.64,0.44
1999-04-19,600615,459.47,456.84,463.41,454.65,878,1129000.0,1.91,-0.29,-1.31,0.33
1999-04-20,600615,456.4,457.28,461.66,455.09,577,742000.0,1.44,0.1,0.44,0.22
1999-04-21,600615,457.28,463.41,475.68,456.84,885,1151000.0,4.12,1.34,6.13,0.34
1999-04-22,600615,463.41,443.7,463.41,432.31,774,973000.0,6.71,-4.25,-19.71,0.29
1999-04-23,600615,439.32,441.51,454.65,434.06,517,645000.0,4.64,-0.49,-2.19,0.2
1999-04-26,600615,443.7,409.97,445.01,407.34,1685,2007000.0,8.53,-7.14,-31.54,0.64
1999-04-27,600615,406.46,384.56,408.66,384.56,1091,1252000.0,5.88,-6.2,-25.41,0.42
1999-04-28,600615,380.18,389.38,408.22,380.18,1212,1382000.0,7.29,1.25,4.82,0.46
1999-04-29,600615,400.33,399.46,400.33,390.7,485,557000.0,2.47,2.59,10.08,0.18
1999-04-30,600615,402.08,427.49,437.13,402.08,1946,2358000.0,8.77,7.02,28.03,0.74
1999-05-04,600615,426.18,414.79,426.18,413.04,624,744000.0,3.07,-2.97,-12.7,0.24
1999-05-05,600615,407.34,415.23,417.42,406.46,276,325000.0,2.64,0.11,0.44,0.11
1999-05-06,600615,406.46,407.34,421.8,403.84,1354,1597000.0,4.33,-1.9,-7.89,0.52
1999-05-07,600615,409.09,402.08,412.16,396.39,905,1054000.0,3.87,-1.29,-5.26,0.34
1999-05-10,600615,397.7,376.68,397.7,376.24,1181,1323000.0,5.34,-6.32,-25.4,0.45
1999-05-11,600615,384.56,388.51,391.13,380.18,473,531000.0,2.91,3.14,11.83,0.18
1999-05-12,600615,388.51,387.19,392.89,380.18,358,402000.0,3.27,-0.34,-1.32,0.14
1999-05-13,600615,386.75,383.69,393.32,381.5,386,434000.0,3.05,-0.9,-3.5,0.15
1999-05-14,600615,381.06,373.61,386.75,371.42,650,716000.0,4.0,-2.63,-10.08,0.25
1999-05-17,600615,370.55,360.47,370.55,345.14,590,631000.0,6.8,-3.52,-13.14,0.22
1999-05-18,600615,356.09,373.17,382.37,356.09,994,1082000.0,7.29,3.52,12.7,0.38
1999-05-19,600615,373.17,402.96,409.97,373.17,1359,1542000.0,9.86,7.98,29.79,0.52
1999-05-20,600615,402.08,441.51,441.51,397.27,5466,6656000.0,10.98,9.57,38.55,2.08
1999-05-21,600615,441.51,446.77,460.78,423.99,5037,6329000.0,8.33,1.19,5.26,1.92
1999-05-24,600615,445.89,449.83,459.91,437.13,6163,7770000.0,5.1,0.68,3.06,2.34
1999-05-25,600615,459.03,441.07,461.22,438.0,5555,7057000.0,5.16,-1.95,-8.76,2.11
1999-05-26,600615,434.94,466.92,472.17,431.87,4665,5911000.0,9.14,5.86,25.85,1.77
1999-05-27,600615,472.17,498.46,514.66,453.77,10089,13634000.0,13.04,6.75,31.54,3.84
1999-05-28,600615,498.46,468.23,498.46,467.79,3868,5147000.0,6.15,-6.06,-30.23,1.47
1999-05-31,600615,472.17,450.71,490.13,450.27,3947,5185000.0,8.51,-3.74,-17.52,1.5
1999-06-01,600615,452.46,459.91,468.67,449.39,3138,4028000.0,4.28,2.04,9.2,1.19
1999-06-02,600615,459.91,457.72,493.64,455.09,6763,8924000.0,8.38,-0.48,-2.19,2.57
1999-06-03,600615,456.84,449.83,475.68,444.14,3530,4538000.0,6.89,-1.72,-7.89,1.34
1999-06-04,600615,448.08,450.27,456.84,437.13,3405,4312000.0,4.38,0.1,0.44,1.3
1999-06-07,600615,449.39,463.41,463.41,437.13,3705,4672000.0,5.84,2.92,13.14,1.41
1999-06-08,600615,461.22,459.03,472.17,454.65,3712,4800000.0,3.78,-0.95,-4.38,1.41
1999-06-09,600615,462.54,476.55,488.82,462.54,6438,8576000.0,5.73,3.82,17.52,2.45
1999-06-10,600615,507.22,514.66,529.12,496.26,22618,32059000.0,6.9,8.0,38.11,8.61
1999-06-11,600615,507.22,494.51,507.22,485.31,5797,7984000.0,4.26,-3.92,-20.15,2.21
1999-06-14,600615,494.51,512.47,523.42,494.51,5997,8440000.0,5.85,3.63,17.96,2.28
1999-06-15,600615,527.8,473.05,527.8,463.41,8016,11150000.0,12.56,-7.69,-39.42,3.05
1999-06-16,600615,476.99,494.07,494.07,464.29,6667,8859000.0,6.3,4.44,21.02,2.54
1999-06-17,600615,501.96,498.46,505.9,480.93,10644,14499000.0,5.05,0.89,4.39,4.05
1999-06-18,600615,502.84,520.36,552.33,501.96,20288,29409000.0,10.11,4.39,21.9,7.72
1999-06-21,600615,520.36,537.88,550.14,513.79,14171,20628000.0,6.99,3.37,17.52,5.39
1999-06-22,600615,546.64,551.02,572.92,537.88,18137,27369000.0,6.51,2.44,13.14,6.9
1999-06-23,600615,548.83,559.78,572.05,537.88,14070,21141000.0,6.2,1.59,8.76,5.35
1999-06-24,600615,561.1,555.4,564.16,542.26,14297,21491000.0,3.91,-0.78,-4.38,5.44
1999-06-25,600615,555.4,515.98,560.22,512.03,16854,24914000.0,8.68,-7.1,-39.42,6.41
1999-06-28,600615,511.6,534.81,540.07,510.72,12902,18595000.0,5.69,3.65,18.83,4.91
1999-06-30,600615,551.02,507.22,557.15,506.78,7852,11428000.0,9.42,-5.16,-27.59,2.99
1999-07-01,600615,507.22,445.89,515.98,445.89,6495,8555000.0,13.82,-12.09,-61.33,2.47
1999-07-02,600615,459.47,466.92,478.74,437.57,6009,7751000.0,9.23,4.72,21.03,2.29
1999-07-05,600615,478.74,462.1,480.93,458.15,5680,7454000.0,4.88,-1.03,-4.82,2.16
1999-07-06,600615,462.1,445.89,462.54,441.51,3144,3988000.0,4.55,-3.51,-16.21,1.2
1999-07-07,600615,445.89,480.06,485.31,445.89,4925,6373000.0,8.84,7.66,34.17,1.87
1999-07-08,600615,484.44,463.41,485.31,459.47,4646,6075765.0,5.38,-3.47,-16.65,1.77
1999-07-09,600615,463.41,459.03,464.29,453.34,4349,5590000.0,2.36,-0.95,-4.38,1.65
1999-07-12,600615,457.28,454.65,459.03,442.38,6263,7903000.0,3.63,-0.95,-4.38,2.38
1999-07-13,600615,456.84,465.6,484.88,456.84,6098,8064000.0,6.17,2.41,10.95,2.32
1999-07-14,600615,467.79,492.76,494.07,467.79,8421,11290000.0,5.64,5.83,27.16,3.2
1999-07-15,600615,493.2,471.3,494.07,471.3,3572,4767000.0,4.62,-4.36,-21.46,1.36
1999-07-16,600615,467.79,455.09,475.68,454.65,3186,4119000.0,4.46,-3.44,-16.21,1.21
1999-07-19,600615,448.08,450.27,466.92,441.95,3205,4073000.0,5.49,-1.06,-4.82,1.22
1999-07-20,600615,459.03,481.81,485.31,449.39,2654,3460000.0,7.98,7.0,31.54,1.01
1999-07-21,600615,480.06,485.31,498.46,466.92,10071,13502000.0,6.55,0.73,3.5,3.83
1999-07-22,600615,489.69,502.4,518.17,477.43,16343,22705000.0,8.39,3.52,17.09,6.22
1999-07-23,600615,518.17,509.41,528.24,498.46,11030,15608000.0,5.93,1.4,7.01,4.2
1999-07-26,600615,519.48,538.76,546.64,518.17,12674,18576000.0,5.59,5.76,29.35,4.82
1999-07-27,600615,544.45,511.6,545.76,501.96,6350,9076000.0,8.13,-5.04,-27.16,2.42
1999-07-28,600615,510.72,524.74,526.05,498.89,6810,9559000.0,5.31,2.57,13.14,2.59
1999-07-29,600615,533.5,510.72,533.5,507.22,2547,3616000.0,5.01,-2.67,-14.02,0.97
1999-07-30,600615,507.22,507.22,524.74,506.78,3102,4370226.0,3.52,-0.69,-3.5,1.18
1999-08-02,600615,507.22,511.6,527.37,507.22,3744,5317000.0,3.97,0.86,4.38,1.42
1999-08-03,600615,516.42,540.51,545.76,513.79,10964,16054000.0,6.25,5.65,28.91,4.17
1999-08-04,600615,545.76,526.93,549.27,524.3,8440,12348000.0,4.62,-2.51,-13.58,3.21
1999-08-05,600615,529.12,518.17,534.81,515.98,6597,9463000.0,3.57,-1.66,-8.76,2.51
1999-08-06,600615,522.99,512.03,526.49,498.46,5215,7355000.0,5.41,-1.18,-6.14,1.98
1999-08-09,600615,511.6,496.26,511.6,494.07,3472,4786000.0,3.42,-3.08,-15.77,1.32
1999-08-10,600615,494.07,483.12,497.58,476.11,6312,8459000.0,4.33,-2.65,-13.14,2.4
1999-08-11,600615,480.93,473.49,493.2,472.61,2112,2833000.0,4.26,-1.99,-9.63,0.8
1999-08-12,600615,483.56,472.17,484.44,471.3,2062,2732000.0,2.78,-0.28,-1.32,0.78
1999-08-13,600615,414.35,415.23,450.27,414.35,14546,17566000.0,7.61,-12.06,-56.94,5.53
1999-08-16,600615,410.41,386.75,410.41,382.37,8507,9656000.0,6.75,-6.86,-28.48,3.24
1999-08-17,600615,388.94,431.87,436.25,388.94,13563,16437000.0,12.23,11.67,45.12,5.16
1999-08-18,600615,423.11,452.46,459.03,419.61,9544,11993000.0,9.13,4.77,20.59,3.63
1999-08-19,600615,454.65,463.41,480.5,441.95,11830,15297000.0,8.52,2.42,10.95,4.5
1999-08-20,600615,471.73,460.34,474.36,454.65,5126,6664000.0,4.25,-0.66,-3.07,1.95
1999-08-23,600615,460.34,467.79,471.73,456.84,4765,6193000.0,3.23,1.62,7.45,1.81
1999-08-24,600615,466.92,454.65,473.92,452.46,3254,4210000.0,4.59,-2.81,-13.14,1.24
1999-08-25,600615,454.65,439.76,458.15,435.81,3151,3940000.0,4.91,-3.28,-14.89,1.2
1999-08-26,600615,437.13,456.84,462.54,421.8,1855,2342000.0,9.26,3.88,17.08,0.71
1999-08-27,600615,465.6,443.7,465.6,434.94,2453,3103000.0,6.71,-2.88,-13.14,0.93
1999-08-30,600615,444.14,432.75,445.89,432.75,2098,2594000.0,2.96,-2.47,-10.95,0.8
1999-08-31,600615,434.94,439.32,445.01,432.75,1890,2351000.0,2.83,1.52,6.57,0.72
1999-09-01,600615,441.95,427.93,442.82,423.99,1628,1989000.0,4.29,-2.59,-11.39,0.62
1999-09-02,600615,426.62,430.56,431.87,416.54,2563,3080000.0,3.58,0.61,2.63,0.98
1999-09-03,600615,443.7,423.99,443.7,419.61,1909,2330000.0,5.6,-1.53,-6.57,0.73
1999-09-06,600615,419.61,406.46,421.8,406.46,1751,2077000.0,3.62,-4.13,-17.53,0.67
1999-09-07,600615,419.61,416.1,419.61,409.53,3174,3752000.0,2.48,2.37,9.64,1.21
1999-09-08,600615,419.61,415.23,419.61,413.04,920,1099000.0,1.58,-0.21,-0.87,0.35
1999-09-09,600615,417.42,440.19,441.95,417.42,4692,5798000.0,5.91,6.01,24.96,1.79
1999-09-10,600615,454.65,433.19,454.65,432.31,3760,4663000.0,5.08,-1.59,-7.0,1.43
1999-09-13,600615,426.62,439.32,441.51,423.99,2384,2950000.0,4.04,1.42,6.13,0.91
1999-09-14,600615,441.51,451.15,469.98,437.13,4264,5483000.0,7.48,2.69,11.83,1.62
1999-09-15,600615,452.02,447.2,457.28,443.7,2249,2857000.0,3.01,-0.88,-3.95,0.86
1999-09-16,600615,441.51,437.13,445.89,436.25,1315,1640000.0,2.16,-2.25,-10.07,0.5
1999-09-17,600615,439.32,441.51,445.89,435.38,1273,1584000.0,2.4,1.0,4.38,0.48
1999-09-20,600615,445.01,431.43,445.01,421.36,3457,4201000.0,5.36,-2.28,-10.08,1.32
1999-09-21,600615,432.75,429.68,434.94,425.74,832,1016000.0,2.13,-0.41,-1.75,0.32
1999-09-22,600615,423.99,423.99,432.75,420.04,1284,1559000.0,2.96,-1.32,-5.69,0.49
1999-09-23,600615,424.86,418.73,426.18,406.46,3277,3880000.0,4.65,-1.24,-5.26,1.25
1999-09-24,600615,421.8,424.42,428.37,418.73,1236,1493000.0,2.3,1.36,5.69,0.47
1999-09-27,600615,419.61,411.72,423.11,409.53,1752,2075000.0,3.2,-2.99,-12.7,0.67
1999-09-28,600615,417.85,415.23,419.61,412.16,645,767000.0,1.81,0.85,3.51,0.25
1999-09-29,600615,419.61,423.99,426.18,416.1,1146,1381000.0,2.43,2.11,8.76,0.44
1999-09-30,600615,423.99,419.61,423.99,415.66,727,873000.0,1.96,-1.03,-4.38,0.28
1999-10-08,600615,424.42,406.46,424.42,406.46,712,836000.0,4.28,-3.13,-13.15,0.27
1999-10-11,600615,406.46,406.46,413.47,406.46,522,616000.0,1.72,0.0,0.0,0.2
1999-10-12,600615,416.54,416.1,416.54,411.72,362,431000.0,1.19,2.37,9.64,0.14
1999-10-13,600615,416.54,408.22,416.54,406.46,569,671000.0,2.42,-1.89,-7.88,0.22
1999-10-14,600615,402.52,407.34,419.61,402.08,449,528000.0,4.29,-0.22,-0.88,0.17
1999-10-15,600615,415.23,428.37,443.7,415.23,2069,2524000.0,6.99,5.16,21.03,0.79
1999-10-18,600615,432.31,419.61,449.39,419.61,9069,11204000.0,6.95,-2.04,-8.76,3.45
1999-10-19,600615,416.1,422.67,429.68,416.1,1254,1515000.0,3.24,0.73,3.06,0.48
1999-10-20,600615,427.49,434.06,437.13,423.99,1846,2264000.0,3.11,2.69,11.39,0.7
1999-10-21,600615,434.94,417.42,435.81,417.42,1386,1671000.0,4.24,-3.83,-16.64,0.53
1999-10-22,600615,411.28,428.37,434.94,410.85,1457,1771000.0,5.77,2.62,10.95,0.55
1999-10-25,600615,432.75,407.78,432.75,397.7,2219,2613000.0,8.18,-4.81,-20.59,0.84
1999-10-26,600615,408.66,409.97,415.23,404.27,1140,1339000.0,2.69,0.54,2.19,0.43
1999-10-27,600615,415.23,427.49,429.68,412.16,3292,3963000.0,4.27,4.27,17.52,1.25
1999-10-28,600615,430.56,437.13,441.95,424.42,5144,6357000.0,4.1,2.26,9.64,1.96
1999-10-29,600615,439.32,449.39,455.96,433.62,11219,14126000.0,5.11,2.8,12.26,4.27
1999-11-01,600615,455.96,451.58,462.54,443.7,7942,10153000.0,4.19,0.49,2.19,3.02
1999-11-02,600615,450.71,440.63,453.77,438.44,3750,4722000.0,3.39,-2.42,-10.95,1.43
1999-11-03,600615,441.07,434.94,445.89,431.87,1462,1810000.0,3.18,-1.29,-5.69,0.56
1999-11-04,600615,429.68,422.23,439.32,415.66,2623,3175000.0,5.44,-2.92,-12.71,1.0
1999-11-05,600615,419.61,426.18,432.75,419.61,992,1201000.0,3.11,0.94,3.95,0.38
1999-11-08,600615,419.61,435.38,437.13,419.61,1250,1538000.0,4.11,2.16,9.2,0.48
1999-11-09,600615,437.13,438.44,449.83,435.81,3629,4552000.0,3.22,0.7,3.06,1.38
1999-11-10,600615,441.95,431.87,441.95,425.3,1256,1537000.0,3.8,-1.5,-6.57,0.48
1999-11-11,600615,421.8,433.19,433.19,421.8,1307,1595000.0,2.64,0.31,1.32,0.5
1999-11-12,600615,441.51,461.22,464.29,439.76,16289,20973000.0,5.66,6.47,28.03,6.2
1999-11-15,600615,467.79,480.5,489.69,441.95,23359,31035000.0,10.35,4.18,19.28,8.89
1999-11-16,600615,482.25,464.73,486.63,461.22,8534,11263000.0,5.29,-3.28,-15.77,3.25
1999-11-17,600615,462.97,521.67,521.67,462.97,29914,41847000.0,12.63,12.25,56.94,11.38
1999-11-18,600615,529.12,521.23,542.26,511.6,32721,47406000.0,5.88,-0.08,-0.44,12.45
1999-11-19,600615,520.8,506.34,528.24,504.15,15341,21737000.0,4.62,-2.86,-14.89,5.84
1999-11-22,600615,505.9,502.84,522.99,502.84,10153,14329000.0,3.98,-0.69,-3.5,3.86
1999-11-23,600615,501.52,524.74,526.49,494.95,8574,12110000.0,6.27,4.36,21.9,3.26
1999-11-24,600615,524.74,511.6,527.8,507.22,4770,6773000.0,3.92,-2.5,-13.14,1.81
1999-11-25,600615,511.6,502.4,512.03,498.46,3175,4420000.0,2.65,-1.8,-9.2,1.21
1999-11-26,600615,498.46,498.46,511.6,489.69,4922,6780000.0,4.36,-0.78,-3.94,1.87
1999-11-29,600615,502.84,514.66,531.31,499.77,9161,13143000.0,6.33,3.25,16.2,3.49
1999-11-30,600615,514.66,516.85,535.25,512.91,7468,10765000.0,4.34,0.43,2.19,2.84
1999-12-01,600615,515.98,490.13,541.38,488.82,12853,17806000.0,10.17,-5.17,-26.72,4.89
1999-12-02,600615,489.69,509.84,513.79,480.06,11315,15682000.0,6.88,4.02,19.71,4.31
1999-12-03,600615,508.53,496.26,510.28,493.2,4571,6331000.0,3.35,-2.66,-13.58,1.74
1999-12-06,600615,497.58,502.4,510.28,486.19,3337,4568000.0,4.85,1.24,6.14,1.27
1999-12-07,600615,505.03,499.77,507.22,494.95,2030,2809000.0,2.44,-0.52,-2.63,0.77
1999-12-08,600615,498.02,503.27,520.36,498.02,5715,8021000.0,4.47,0.7,3.5,2.17
1999-12-09,600615,507.22,522.99,523.86,501.08,7153,10157000.0,4.53,3.92,19.72,2.72
1999-12-10,600615,526.93,501.52,526.93,496.26,5612,7883000.0,5.86,-4.11,-21.47,2.14
1999-12-13,600615,498.46,491.88,506.34,487.5,4236,5824000.0,3.76,-1.92,-9.64,1.61
1999-12-14,600615,489.69,484.0,502.84,476.99,3605,4857000.0,5.26,-1.6,-7.88,1.37
1999-12-15,600615,480.93,491.01,500.65,475.68,5992,8098000.0,5.16,1.45,7.01,2.28
1999-12-16,600615,488.38,491.45,498.89,486.63,2029,2775000.0,2.5,0.09,0.44,0.77
1999-12-17,600615,487.5,491.45,498.02,476.55,2692,3633000.0,4.37,0.0,0.0,1.02
1999-12-21,600615,481.37,468.23,491.01,462.54,3143,4148000.0,5.79,-4.72,-23.22,1.2
1999-12-22,600615,465.6,441.51,473.92,441.51,3285,4211000.0,6.92,-5.71,-26.72,1.25
1999-12-23,600615,443.7,444.58,452.46,437.13,2282,2862000.0,3.47,0.7,3.07,0.87
1999-12-24,600615,453.34,453.34,473.05,445.89,2983,3833000.0,6.11,1.97,8.76,1.13
1999-12-27,600615,455.09,428.37,462.54,423.99,2430,3041000.0,8.5,-5.51,-24.97,0.92
1999-12-28,600615,435.81,429.24,436.69,423.99,1603,1960000.0,2.96,0.2,0.87,0.61
1999-12-29,600615,430.56,427.49,430.56,421.8,1159,1405000.0,2.04,-0.41,-1.75,0.44
1999-12-30,600615,429.24,437.13,438.44,426.62,704,867000.0,2.76,2.26,9.64,0.27
2000-01-04,600615,437.13,443.7,449.39,424.42,2522,3128000.0,5.71,1.5,6.57,0.96
2000-01-05,600615,445.89,465.6,480.93,432.75,5736,7366000.0,10.86,4.94,21.9,2.18
2000-01-06,600615,462.54,470.86,478.74,446.77,4298,5609000.0,6.87,1.13,5.26,1.64
2000-01-07,600615,479.62,483.12,494.07,471.3,8040,10771000.0,4.84,2.6,12.26,3.06
2000-01-10,600615,487.94,498.89,506.34,459.03,9321,12560000.0,9.79,3.26,15.77,3.55
2000-01-11,600615,499.33,461.22,504.15,455.09,6568,8826000.0,9.83,-7.55,-37.67,2.5
2000-01-12,600615,461.22,491.01,500.65,456.84,12201,16399000.0,9.5,6.46,29.79,4.64
2000-01-13,600615,500.65,475.68,502.84,465.6,6635,8982000.0,7.58,-3.12,-15.33,2.52
2000-01-14,600615,485.31,452.9,485.31,445.89,4004,5197000.0,8.29,-4.79,-22.78,1.52
2000-01-17,600615,450.27,458.59,458.59,437.57,2806,3516000.0,4.64,1.26,5.69,1.07
2000-01-18,600615,454.65,458.59,472.17,439.32,5208,6673000.0,7.16,0.0,0.0,1.98
2000-01-19,600615,454.65,454.65,461.22,448.52,1966,2521000.0,2.77,-0.86,-3.94,0.75
2000-01-20,600615,457.72,457.28,467.79,448.96,3513,4504000.0,4.14,0.58,2.63,1.34
2000-01-21,600615,463.41,446.77,466.48,441.95,4941,6244000.0,5.36,-2.3,-10.51,1.88
2000-01-24,600615,441.51,436.69,445.01,416.1,10457,12744000.0,6.47,-2.26,-10.08,3.98
2000-01-25,600615,433.19,445.01,450.27,424.86,4104,5103000.0,5.82,1.91,8.32,1.56
2000-01-26,600615,445.89,441.51,454.65,438.0,2586,3261000.0,3.74,-0.79,-3.5,0.98
2000-01-27,600615,441.51,430.12,445.45,426.62,7993,9824000.0,4.26,-2.58,-11.39,3.04
2000-01-28,600615,428.37,440.19,447.64,428.37,5676,7057000.0,4.48,2.34,10.07,2.16
2000-02-14,600615,463.85,494.95,494.95,463.85,6434,8647000.0,7.07,12.44,54.76,2.45
2000-02-15,600615,554.96,551.02,554.96,537.88,39041,58717000.0,3.45,11.33,56.07,14.85
2000-02-16,600615,572.92,616.73,616.73,542.26,37438,58510000.0,13.51,11.93,65.71,14.24
2000-02-17,600615,660.53,546.64,689.01,544.89,35450,58877000.0,23.37,-11.36,-70.09,13.49
2000-02-18,600615,540.95,594.39,606.65,536.57,17767,27588000.0,12.82,8.74,47.75,6.76
2000-02-21,600615,650.46,603.15,650.46,586.06,19828,32192000.0,10.83,1.47,8.76,7.54
2000-02-22,600615,603.15,590.45,657.03,572.92,25327,42280000.0,13.95,-2.11,-12.7,9.64
2000-02-23,600615,573.36,555.4,603.59,551.02,11422,17759000.0,8.9,-5.94,-35.05,4.35
2000-02-24,600615,559.78,579.93,586.06,559.78,7549,11712000.0,4.73,4.42,24.53,2.87
2000-02-25,600615,575.55,603.59,624.17,570.73,13207,21308000.0,9.21,4.08,23.66,5.02
2000-02-28,600615,594.83,605.78,629.87,594.83,11606,19109000.0,5.81,0.36,2.19,4.42
2000-02-29,600615,609.28,629.43,656.15,608.41,20860,35280000.0,7.88,3.9,23.65,7.94
2000-03-01,600615,625.49,598.33,646.52,594.83,7790,12718000.0,8.21,-4.94,-31.1,2.96
2000-03-02,600615,598.33,612.35,629.87,598.33,9533,15685000.0,5.27,2.34,14.02,3.63
2000-03-03,600615,613.66,610.16,629.87,608.41,7835,12917000.0,3.5,-0.36,-2.19,2.98
2000-03-06,600615,627.24,628.56,682.0,616.73,24874,43035000.0,10.7,3.02,18.4,9.46
2000-03-07,600615,625.49,608.84,634.25,594.83,9616,15719000.0,6.27,-3.14,-19.72,3.66
2000-03-08,600615,614.54,638.63,647.39,614.54,12711,21542000.0,5.4,4.89,29.79,4.84
2000-03-09,600615,646.52,713.1,713.1,644.33,52307,95012000.0,10.77,11.66,74.47,19.9
2000-03-10,600615,720.98,676.3,731.06,660.97,22808,41805000.0,9.83,-5.16,-36.8,8.68
2000-03-13,600615,687.25,745.95,754.71,687.25,35483,68640000.0,9.97,10.3,69.65,13.5
2000-03-14,600615,677.18,660.97,720.98,660.97,33884,60584000.0,8.04,-11.39,-84.98,12.89
2000-03-15,600615,643.01,605.78,647.39,586.5,25597,41969000.0,9.21,-8.35,-55.19,9.74
2000-03-16,600615,593.95,534.81,615.85,534.81,17372,26755000.0,13.38,-11.72,-70.97,6.61
2000-03-17,600615,539.19,545.33,561.97,508.97,17148,25492000.0,9.91,1.97,10.52,6.52
2000-03-20,600615,548.83,537.88,559.78,515.98,13051,19084000.0,8.03,-1.37,-7.45,4.97
2000-03-21,600615,542.26,552.77,559.78,529.12,11949,17688000.0,5.7,2.77,14.89,4.55
2000-03-22,600615,555.4,551.02,576.43,548.83,9425,14318000.0,4.99,-0.32,-1.75,3.59
2000-03-23,600615,551.02,555.84,562.85,551.02,6431,9717000.0,2.15,0.87,4.82,2.45
2000-03-24,600615,559.78,554.53,570.73,551.02,6666,10103000.0,3.55,-0.24,-1.31,2.54
2000-03-27,600615,551.02,546.64,559.78,540.07,6579,9755000.0,3.55,-1.42,-7.89,2.5
2000-03-28,600615,555.4,549.71,563.29,537.88,5872,8805000.0,4.65,0.56,3.07,2.23
2000-03-29,600615,551.02,583.87,594.83,551.02,13208,20571000.0,7.97,6.21,34.16,5.03
2000-03-30,600615,586.06,594.83,602.71,571.17,10127,16114000.0,5.4,1.88,10.96,3.85
2000-03-31,600615,588.25,576.87,594.83,567.23,6493,10136000.0,4.64,-3.02,-17.96,2.47
2000-04-03,600615,577.3,584.75,608.84,575.11,6932,11036000.0,5.85,1.37,7.88,2.64
2000-04-04,600615,584.75,565.48,586.5,564.16,3601,5591000.0,3.82,-3.3,-19.27,1.37
2000-04-05,600615,565.48,583.44,583.87,565.48,3584,5566000.0,3.25,3.18,17.96,1.36
2000-04-06,600615,603.59,594.83,616.73,592.2,5491,8856000.0,4.2,1.95,11.39,2.09
2000-04-07,600615,602.27,576.43,607.97,573.36,5915,9338000.0,5.82,-3.09,-18.4,2.25
2000-04-10,600615,578.18,580.37,590.45,572.92,4419,6922000.0,3.04,0.68,3.94,1.68
2000-04-11,600615,580.37,564.16,581.68,559.78,4056,6239000.0,3.77,-2.79,-16.21,1.54
2000-04-12,600615,564.16,555.4,567.67,553.21,4366,6609000.0,2.56,-1.55,-8.76,1.66
2000-04-13,600615,555.4,566.35,566.35,546.64,5880,8836000.0,3.55,1.97,10.95,2.24
2000-04-14,600615,565.04,570.73,575.11,563.72,5392,8303000.0,2.01,0.77,4.38,2.05
2000-04-17,600615,566.35,559.78,566.35,551.02,3758,5679000.0,2.69,-1.92,-10.95,1.43
2000-04-18,600615,559.78,576.43,586.06,559.78,3349,5196000.0,4.69,2.97,16.65,1.27
2000-04-19,600615,585.19,581.68,585.19,568.54,3944,6164000.0,2.89,0.91,5.25,1.5
2000-04-20,600615,585.19,614.1,627.24,581.68,17092,27900000.0,7.83,5.57,32.42,6.5
2000-04-21,600615,612.35,601.83,616.73,593.95,3600,5885802.0,3.71,-2.0,-12.27,1.37
2000-04-24,600615,607.09,629.43,629.43,607.09,10607,17532000.0,3.71,4.59,27.6,4.04
2000-04-25,600615,629.87,615.41,637.32,590.45,5242,8575000.0,7.45,-2.23,-14.02,1.99
2000-04-26,600615,629.87,595.7,636.44,595.7,7557,12528000.0,6.62,-3.2,-19.71,2.88
2000-04-27,600615,599.21,602.27,623.74,594.83,6146,10018000.0,4.85,1.1,6.57,2.34
2000-04-28,600615,603.59,621.11,621.11,598.77,6214,10095000.0,3.71,3.13,18.84,2.36
2000-05-08,600615,621.11,619.79,628.99,608.84,5631,9291000.0,3.24,-0.21,-1.32,2.14
2000-05-09,600615,620.23,638.63,656.15,620.23,13796,23510000.0,5.8,3.04,18.84,5.25
2000-05-10,600615,639.51,607.97,643.01,597.02,5661,9306000.0,7.2,-4.8,-30.66,2.15
2000-05-11,600615,602.71,602.27,611.91,598.33,3464,5610000.0,2.23,-0.94,-5.7,1.32
2000-05-12,600615,603.59,607.09,610.6,551.02,4934,7877000.0,9.89,0.8,4.82,1.88
2000-05-15,600615,605.78,590.45,607.53,574.24,2573,4078000.0,5.48,-2.74,-16.64,0.98
2000-05-16,600615,581.68,594.83,601.4,580.81,1967,3148000.0,3.49,0.74,4.38,0.75
2000-05-17,600615,596.14,591.32,598.77,586.5,1316,2103000.0,2.06,-0.59,-3.51,0.5
2000-05-18,600615,589.57,598.77,601.4,581.68,2491,3964000.0,3.33,1.26,7.45,0.95
2000-05-19,600615,615.85,650.46,664.91,611.91,23647,40708000.0,8.85,8.63,51.69,9.0
2000-05-22,600615,650.46,661.41,682.44,649.58,15413,27064000.0,5.05,1.68,10.95,5.86
2000-05-23,600615,664.91,658.78,673.67,647.39,7551,13182000.0,3.97,-0.4,-2.63,2.87
2000-05-24,600615,662.72,673.67,698.2,660.53,11127,20000000.0,5.72,2.26,14.89,4.23
2000-05-25,600615,674.55,704.34,706.53,667.54,9359,16882000.0,5.79,4.55,30.67,3.56
2000-05-26,600615,696.01,678.05,699.08,674.11,7684,13901000.0,3.55,-3.73,-26.29,2.92
2000-05-29,600615,678.05,664.91,682.44,660.53,6085,10810000.0,3.23,-1.94,-13.14,2.32
2000-05-30,600615,661.41,671.48,690.32,661.41,5262,9367000.0,4.35,0.99,6.57,2.0
2000-05-31,600615,664.04,671.48,678.05,664.04,3037,5380000.0,2.09,0.0,0.0,1.16
2000-06-01,600615,673.67,660.97,675.86,651.77,5372,9447000.0,3.59,-1.57,-10.51,2.04
2000-06-02,600615,662.72,660.53,667.1,643.01,4869,8416000.0,3.64,-0.07,-0.44,1.85
2000-06-05,600615,649.58,647.39,661.85,647.39,3813,6605000.0,2.19,-1.99,-13.14,1.45
2000-06-06,600615,647.39,664.48,667.98,647.39,2971,5210000.0,3.18,2.64,17.09,1.13
2000-06-07,600615,667.54,679.37,685.94,659.66,4425,7845000.0,3.95,2.24,14.89,1.68
2000-06-08,600615,683.75,668.86,686.38,664.91,3728,6637000.0,3.16,-1.55,-10.51,1.42
2000-06-09,600615,670.61,660.09,676.74,650.9,3538,6213000.0,3.86,-1.31,-8.77,1.35
2000-06-12,600615,643.01,655.71,664.91,643.01,2261,3920000.0,3.32,-0.66,-4.38,0.86
2000-06-13,600615,656.15,662.72,673.67,656.15,2060,3616000.0,2.67,1.07,7.01,0.78
2000-06-14,600615,667.1,658.78,668.42,657.03,2171,3800000.0,1.72,-0.59,-3.94,0.83
2000-06-15,600615,664.91,703.46,703.9,659.22,11427,20653000.0,6.78,6.78,44.68,4.35
2000-06-16,600615,713.1,695.58,717.48,682.44,6566,12101000.0,4.98,-1.12,-7.88,2.5
2000-06-19,600615,704.34,685.94,704.34,678.05,3969,7218000.0,3.78,-1.39,-9.64,1.51
2000-06-20,600615,682.44,673.67,684.63,660.53,2388,4231000.0,3.51,-1.79,-12.27,0.91
2000-06-21,600615,673.67,673.67,680.24,660.53,2329,4116000.0,2.93,0.0,0.0,0.89
2000-06-22,600615,680.24,682.44,694.7,671.48,2225,3989000.0,3.45,1.3,8.77,0.85
2000-06-23,600615,684.63,689.01,704.34,684.63,3645,6669000.0,2.89,0.96,6.57,1.39
2000-06-26,600615,689.01,688.13,699.96,684.63,4624,8429000.0,2.22,-0.13,-0.88,1.76
2000-06-27,600615,689.01,667.1,694.7,667.1,4938,8855000.0,4.01,-3.06,-21.03,1.88
2000-06-28,600615,667.98,664.04,680.68,658.34,5810,10231000.0,3.35,-0.46,-3.06,2.21
2000-07-03,600615,651.77,627.68,651.77,623.3,5213,8758000.0,4.29,-5.48,-36.36,1.98
2000-07-04,600615,623.3,632.06,633.81,621.11,1930,3236000.0,2.02,0.7,4.38,0.73
2000-07-05,600615,632.06,620.67,632.06,616.73,3413,5673000.0,2.43,-1.8,-11.39,1.3
2000-07-06,600615,659.66,636.0,659.66,620.67,2181,3675000.0,6.28,2.47,15.33,0.83
2000-07-07,600615,637.75,639.51,646.52,623.74,2132,3620000.0,3.58,0.55,3.51,0.81
2000-07-10,600615,638.63,618.92,638.63,613.22,5039,8384000.0,3.97,-3.22,-20.59,1.92
2000-07-11,600615,618.04,616.73,622.86,607.97,3912,6425000.0,2.41,-0.35,-2.19,1.49
2000-07-12,600615,621.11,627.68,629.87,616.73,2494,4141000.0,2.13,1.78,10.95,0.95
2000-07-13,600615,625.93,633.37,636.44,617.6,2545,4258061.0,3.0,0.91,5.69,0.97
2000-07-14,600615,635.13,633.37,636.44,616.73,3069,5109000.0,3.11,0.0,0.0,1.17
2000-07-17,600615,633.37,624.17,633.37,617.6,1424,2373000.0,2.49,-1.45,-9.2,0.54
2000-07-18,600615,624.61,624.61,626.37,612.79,2574,4257000.0,2.18,0.07,0.44,0.98
2000-07-19,600615,622.42,647.83,650.9,619.79,4079,6934000.0,4.98,3.72,23.22,1.55
2000-07-20,600615,647.39,641.7,651.33,632.06,2844,4862000.0,2.97,-0.95,-6.13,1.08
2000-07-21,600615,640.82,640.82,645.64,624.61,2679,4542000.0,3.28,-0.14,-0.88,1.02
2000-07-24,600615,638.63,612.35,638.63,612.35,2523,4190000.0,4.1,-4.44,-28.47,0.96
2000-07-25,600615,612.35,625.49,628.12,612.35,1024,1701000.0,2.58,2.15,13.14,0.39
2000-07-26,600615,634.25,627.68,634.25,623.74,874,1463000.0,1.68,0.35,2.19,0.33
2000-07-27,600615,629.87,638.63,640.82,625.49,1883,3167000.0,2.44,1.74,10.95,0.72
2000-07-28,600615,634.25,639.07,651.33,634.25,2101,3591000.0,2.67,0.07,0.44,0.8
2000-07-31,600615,638.63,658.34,660.53,636.44,3960,6856000.0,3.77,3.02,19.27,1.51
2000-08-01,600615,658.34,645.64,661.85,639.94,2947,5093000.0,3.33,-1.93,-12.7,1.12
2000-08-02,600615,658.34,646.08,658.34,641.7,1590,2729000.0,2.58,0.07,0.44,0.6
2000-08-03,600615,648.27,643.45,650.9,642.13,1489,2549000.0,1.36,-0.41,-2.63,0.57
2000-08-04,600615,644.33,643.89,647.39,640.82,2130,3643000.0,1.02,0.07,0.44,0.81
2000-08-07,600615,647.39,640.38,649.58,638.19,1155,1971000.0,1.77,-0.55,-3.51,0.44
2000-08-08,600615,640.82,640.82,642.13,625.93,2083,3517000.0,2.53,0.07,0.44,0.79
2000-08-09,600615,640.82,633.37,642.13,629.87,1398,2364000.0,1.91,-1.16,-7.45,0.53
2000-08-10,600615,634.25,644.33,647.39,627.68,2915,4928000.0,3.11,1.73,10.96,1.11
2000-08-11,600615,651.77,664.91,681.56,651.77,5760,10183000.0,4.62,3.19,20.58,2.19
2000-08-14,600615,681.12,695.58,704.34,666.23,13561,24677000.0,5.73,4.61,30.67,5.16
2000-08-15,600615,696.01,681.56,703.02,678.05,4103,7426000.0,3.59,-2.02,-14.02,1.56
2000-08-16,600615,681.56,684.63,695.58,681.56,3156,5719000.0,2.06,0.45,3.07,1.2
2000-08-17,600615,686.82,697.77,706.53,685.06,6652,12209000.0,3.14,1.92,13.14,2.53
2000-08-18,600615,697.77,686.82,710.03,685.5,4725,8694000.0,3.52,-1.57,-10.95,1.8
2000-08-21,600615,690.32,687.25,704.34,684.63,2858,5192000.0,2.87,0.06,0.43,1.09
2000-08-22,600615,687.69,664.91,687.69,664.48,3077,5491000.0,3.38,-3.25,-22.34,1.17
2000-08-23,600615,660.53,660.53,669.29,633.37,5115,8866000.0,5.4,-0.66,-4.38,1.95
2000-08-24,600615,660.53,655.71,668.42,651.33,1986,3456000.0,2.59,-0.73,-4.82,0.76
2000-08-25,600615,660.53,673.67,681.56,658.34,1495,2653000.0,3.54,2.74,17.96,0.57
2000-08-28,600615,660.53,662.72,663.16,655.28,2976,5198000.0,1.17,-1.63,-10.95,1.13
2000-08-29,600615,662.72,664.91,671.48,655.28,1580,2764000.0,2.44,0.33,2.19,0.6
2000-08-30,600615,662.72,655.28,668.42,653.96,1383,2415000.0,2.17,-1.45,-9.63,0.53
2000-08-31,600615,653.96,653.52,662.29,633.37,2357,4045000.0,4.41,-0.27,-1.76,0.9
2000-09-01,600615,647.39,633.37,647.39,632.06,1728,2936000.0,2.35,-3.08,-20.15,0.66
2000-09-04,600615,627.68,633.37,633.37,613.22,1550,2575000.0,3.18,0.0,0.0,0.59
2000-09-05,600615,636.44,621.11,636.44,616.29,974,1627000.0,3.18,-1.94,-12.26,0.37
2000-09-06,600615,613.66,608.41,631.18,607.97,1059,1743000.0,3.74,-2.04,-12.7,0.4
2000-09-07,600615,616.29,620.23,625.49,612.35,1261,2084000.0,2.16,1.94,11.82,0.48
2000-09-08,600615,620.67,638.63,650.02,615.85,1845,3106000.0,5.51,2.97,18.4,0.7
2000-09-11,600615,638.63,653.52,655.71,638.63,1922,3322000.0,2.67,2.33,14.89,0.73
2000-09-12,600615,653.96,654.84,655.28,650.9,1747,3027000.0,0.67,0.2,1.32,0.66
2000-09-13,600615,653.96,654.84,654.84,643.45,2434,4201000.0,1.74,0.0,0.0,0.93
2000-09-14,600615,649.58,650.9,653.96,647.39,1630,2814000.0,1.0,-0.6,-3.94,0.62
2000-09-15,600615,638.63,649.58,650.9,638.63,759,1305000.0,1.89,-0.2,-1.32,0.29
2000-09-18,600615,658.34,655.28,675.86,638.63,2786,4820000.0,5.73,0.88,5.7,1.06
2000-09-19,600615,653.09,645.2,655.28,634.69,1238,2114000.0,3.14,-1.54,-10.08,0.47
2000-09-20,600615,643.01,643.01,643.01,627.68,1114,1880000.0,2.38,-0.34,-2.19,0.42
2000-09-21,600615,643.01,641.26,647.39,634.25,663,1127000.0,2.04,-0.27,-1.75,0.25
2000-09-22,600615,632.06,642.57,643.01,632.06,987,1672000.0,1.71,0.2,1.31,0.38
2000-09-25,600615,629.43,638.19,642.57,628.99,505,854000.0,2.11,-0.68,-4.38,0.19
2000-09-26,600615,647.39,647.39,653.96,640.38,679,1172000.0,2.13,1.44,9.2,0.26
2000-09-27,600615,650.02,648.71,650.9,641.7,347,597000.0,1.42,0.2,1.32,0.13
2000-09-28,600615,651.77,635.56,651.77,635.56,646,1105000.0,2.5,-2.03,-13.15,0.25
2000-09-29,600615,625.49,638.19,645.2,625.49,454,769000.0,3.1,0.41,2.63,0.17
2000-10-09,600615,637.32,631.18,643.45,627.68,357,601000.0,2.47,-1.1,-7.01,0.14
2000-10-10,600615,631.18,636.44,637.32,629.87,847,1428000.0,1.18,0.83,5.26,0.32
2000-10-11,600615,645.2,649.58,651.33,638.63,994,1709000.0,2.0,2.06,13.14,0.38
2000-10-12,600615,647.39,662.29,663.6,647.39,1884,3276000.0,2.5,1.96,12.71,0.72
2000-10-13,600615,669.29,652.65,669.29,652.65,1486,2595000.0,2.51,-1.46,-9.64,0.57
2000-10-16,600615,653.96,639.94,662.72,638.63,1183,2038000.0,3.69,-1.95,-12.71,0.45
2000-10-17,600615,658.34,649.58,658.34,634.25,478,825000.0,3.76,1.51,9.64,0.18
2000-10-18,600615,649.58,643.01,649.58,638.63,897,1531000.0,1.69,-1.01,-6.57,0.34
2000-10-19,600615,650.9,638.63,651.77,636.88,569,970000.0,2.32,-0.68,-4.38,0.22
2000-10-20,600615,638.63,651.33,651.33,632.06,1119,1902000.0,3.02,1.99,12.7,0.43
2000-10-23,600615,651.77,659.22,661.85,646.52,2536,4404000.0,2.35,1.21,7.89,0.96
2000-10-24,600615,661.41,659.66,664.91,652.21,1041,1817000.0,1.93,0.07,0.44,0.4
2000-10-25,600615,664.48,675.86,675.86,657.03,4693,8301000.0,2.85,2.46,16.2,1.79
2000-10-26,600615,673.67,671.48,681.56,667.54,2669,4751000.0,2.07,-0.65,-4.38,1.02
2000-10-30,600615,671.92,672.36,682.0,664.04,1871,3320000.0,2.67,0.13,0.88,0.71
2000-10-31,600615,670.61,659.66,672.36,656.15,1144,2010000.0,2.41,-1.89,-12.7,0.44
2000-11-01,600615,656.15,660.53,664.04,654.4,862,1509000.0,1.46,0.13,0.87,0.33
2000-11-02,600615,660.53,664.48,671.48,660.53,1446,2542000.0,1.66,0.6,3.95,0.55
2000-11-03,600615,664.48,684.19,695.58,662.72,6221,11202000.0,4.95,2.97,19.71,2.37
2000-11-06,600615,685.94,682.44,689.01,678.05,3652,6575000.0,1.6,-0.26,-1.75,1.39
2000-11-07,600615,683.75,694.7,696.01,677.18,5737,10406000.0,2.76,1.8,12.26,2.18
2000-11-08,600615,696.45,695.14,706.09,684.63,5295,9733000.0,3.09,0.06,0.44,2.01
2000-11-09,600615,695.14,695.14,699.96,686.82,3505,6397000.0,1.89,0.0,0.0,1.33
2000-11-10,600615,695.14,678.05,695.14,677.18,4650,8422000.0,2.58,-2.46,-17.09,1.77
2000-11-13,600615,682.44,683.75,694.26,678.05,4700,8500000.0,2.39,0.84,5.7,1.79
2000-11-14,600615,683.75,683.31,686.38,676.74,3507,6294000.0,1.41,-0.06,-0.44,1.33
2000-11-15,600615,683.31,762.16,762.16,678.05,21579,41345000.0,12.31,11.54,78.85,8.21
2000-11-16,600615,762.16,756.03,789.76,739.38,15218,30045000.0,6.61,-0.8,-6.13,5.79
2000-11-17,600615,756.03,759.09,779.68,749.02,13494,26822000.0,4.06,0.4,3.06,5.13
2000-11-20,600615,746.39,758.66,777.49,740.26,47742,94225000.0,4.9,-0.06,-0.43,10.27
2000-11-21,600615,761.72,768.29,793.7,757.34,30164,60794000.0,4.79,1.27,9.63,6.49
2000-11-22,600615,769.17,758.66,781.0,752.52,13246,26194000.0,3.71,-1.25,-9.63,2.85
2000-11-23,600615,761.72,759.09,778.37,753.84,8654,17221000.0,3.23,0.06,0.43,1.86
2000-11-24,600615,756.9,715.73,770.04,708.72,12228,23606000.0,8.08,-5.71,-43.36,2.63
2000-11-27,600615,704.34,698.2,721.86,693.82,8893,16459000.0,3.92,-2.45,-17.53,1.91
2000-11-28,600615,773.55,739.38,773.55,704.34,8250,15796000.0,9.91,5.9,41.18,1.77
2000-11-30,600615,725.36,723.61,734.12,700.4,6193,11694000.0,4.56,-2.13,-15.77,1.33
2000-12-01,600615,726.24,719.67,745.95,717.48,5620,10713000.0,3.93,-0.54,-3.94,1.21
2000-12-04,600615,719.67,721.86,735.0,717.92,4664,8844000.0,2.37,0.3,2.19,1.0
2000-12-05,600615,721.86,741.57,756.9,721.86,5863,11303000.0,4.85,2.73,19.71,1.26
2000-12-06,600615,741.57,751.65,770.04,737.63,11257,22236000.0,4.37,1.36,10.08,2.42
2000-12-07,600615,743.76,809.47,813.85,742.89,18657,37528000.0,9.44,7.69,57.82,4.01
2000-12-08,600615,806.4,773.55,826.99,768.29,18174,37454000.0,7.25,-4.44,-35.92,3.91
2000-12-11,600615,774.43,756.9,790.63,745.95,8329,16562000.0,5.78,-2.15,-16.65,1.79
2000-12-12,600615,761.72,752.52,770.04,743.76,4674,9154000.0,3.47,-0.58,-4.38,1.01
2000-12-13,600615,756.9,730.62,757.78,729.74,5319,10284000.0,3.73,-2.91,-21.9,1.14
2000-12-14,600615,734.12,734.12,746.39,730.62,4873,9383000.0,2.16,0.48,3.5,1.05
2000-12-15,600615,736.32,710.91,743.76,709.16,5254,9910000.0,4.71,-3.16,-23.21,1.13
2000-12-18,600615,702.15,713.1,725.36,698.2,4532,8437000.0,3.82,0.31,2.19,0.97
2000-12-19,600615,708.28,721.86,743.76,708.28,3642,6934000.0,4.98,1.23,8.76,0.78
2000-12-20,600615,721.86,722.3,739.38,713.54,4092,7757000.0,3.58,0.06,0.44,0.88
2000-12-21,600615,722.3,722.3,741.57,715.29,6136,11659000.0,3.64,0.0,0.0,1.32
2000-12-22,600615,726.24,752.52,777.93,724.05,8639,17077000.0,7.46,4.18,30.22,1.86
2000-12-25,600615,756.9,764.79,776.18,750.33,5402,10731000.0,3.44,1.63,12.27,1.16
2000-12-26,600615,766.1,765.66,774.43,748.58,3417,6774000.0,3.38,0.11,0.87,0.73
2000-12-27,600615,772.24,750.77,772.24,742.45,3671,7200109.0,3.89,-1.94,-14.89,0.79
2000-12-28,600615,745.95,739.38,745.95,721.86,4497,8601000.0,3.21,-1.52,-11.39,0.97
2000-12-29,600615,745.95,731.06,745.95,726.24,1840,3528000.0,2.67,-1.13,-8.32,0.4
2001-01-02,600615,732.81,736.75,760.85,732.81,4103,7950000.0,3.84,0.78,5.69,0.88
2001-01-03,600615,739.38,731.93,751.21,721.42,4943,9481000.0,4.04,-0.65,-4.82,1.06
2001-01-04,600615,734.12,748.14,752.52,734.12,3750,7292000.0,2.51,2.21,16.21,0.81
2001-01-05,600615,750.33,737.63,758.66,734.12,3477,6714000.0,3.28,-1.4,-10.51,0.75
2001-01-08,600615,741.57,714.41,747.27,713.1,5461,10326000.0,4.63,-3.15,-23.22,1.17
2001-01-09,600615,715.29,720.55,721.86,704.78,3382,6333000.0,2.39,0.86,6.14,0.73
2001-01-10,600615,717.48,727.55,738.94,715.29,2156,4095000.0,3.28,0.97,7.0,0.46
2001-01-11,600615,727.99,712.22,730.62,704.34,4082,7656000.0,3.61,-2.11,-15.33,0.88
2001-01-12,600615,710.91,725.36,725.36,708.72,3530,6645000.0,2.34,1.84,13.14,0.76
2001-01-15,600615,722.3,681.56,722.3,678.49,3293,6032000.0,6.04,-6.04,-43.8,0.71
2001-01-16,600615,670.17,671.92,702.15,649.58,4619,8126000.0,7.71,-1.41,-9.64,0.99
2001-01-17,600615,681.56,656.15,681.56,643.89,3549,6200000.0,5.61,-2.35,-15.77,0.76
2001-01-18,600615,651.77,647.39,664.91,646.95,3579,6203000.0,2.74,-1.34,-8.76,0.77
2001-01-19,600615,647.39,653.96,658.34,647.39,2768,4812000.0,1.69,1.01,6.57,0.6
2001-02-05,600615,662.72,638.63,664.91,633.37,2536,4381000.0,4.82,-2.34,-15.33,0.55
2001-02-06,600615,634.25,623.3,634.25,604.46,1947,3225000.0,4.66,-2.4,-15.33,0.42
2001-02-07,600615,625.49,594.83,633.37,590.45,1619,2650000.0,6.89,-4.57,-28.47,0.35
2001-02-08,600615,612.35,594.83,612.35,585.19,2189,3515000.0,4.57,0.0,0.0,0.47
2001-02-09,600615,594.83,601.83,607.97,594.83,1552,2508000.0,2.21,1.18,7.0,0.33
2001-02-12,600615,599.21,586.06,600.08,581.25,2180,3456000.0,3.13,-2.62,-15.77,0.47
2001-02-13,600615,586.06,599.21,607.97,583.87,3386,5378000.0,4.11,2.24,13.15,0.73
2001-02-14,600615,602.27,601.83,602.27,594.83,681,1095000.0,1.24,0.44,2.62,0.15
2001-02-15,600615,599.21,600.96,603.59,594.83,1167,1873000.0,1.46,-0.14,-0.87,0.25
2001-02-16,600615,596.14,585.63,596.14,572.92,1598,2508000.0,3.86,-2.55,-15.33,0.34
2001-02-19,600615,594.83,616.73,628.56,586.06,3253,5341000.0,7.26,5.31,31.1,0.7
2001-02-20,600615,614.54,603.15,629.43,599.21,2811,4597000.0,4.9,-2.2,-13.58,0.6
2001-02-21,600615,594.83,573.8,597.02,563.72,2548,3984000.0,5.52,-4.87,-29.35,0.55
2001-02-22,600615,529.12,572.92,593.95,529.12,2041,3182000.0,11.3,-0.15,-0.88,0.44
2001-02-23,600615,568.1,576.87,583.87,568.1,1429,2221000.0,2.75,0.69,3.95,0.31
2001-02-26,600615,581.68,599.21,602.71,581.25,1068,1691000.0,3.72,3.87,22.34,0.23
2001-02-27,600615,598.33,603.59,603.59,587.38,1041,1672000.0,2.71,0.73,4.38,0.22
2001-02-28,600615,603.59,594.83,616.73,586.06,952,1536000.0,5.08,-1.45,-8.76,0.2
2001-03-01,600615,601.4,601.4,609.72,597.45,1507,2444000.0,2.06,1.1,6.57,0.32
2001-03-02,600615,603.59,604.9,611.03,603.59,912,1485000.0,1.24,0.58,3.5,0.2
2001-03-05,600615,605.78,605.34,610.16,594.83,1230,1983000.0,2.53,0.07,0.44,0.26
2001-03-06,600615,603.59,595.26,608.84,594.39,1217,1953000.0,2.39,-1.67,-10.08,0.26
2001-03-07,600615,595.26,584.31,598.33,583.0,2367,3760000.0,2.58,-1.84,-10.95,0.51
2001-03-08,600615,585.19,586.06,591.32,579.06,1585,2506000.0,2.1,0.3,1.75,0.34
2001-03-09,600615,586.06,597.45,597.45,582.12,2023,3213000.0,2.62,1.94,11.39,0.44
2001-03-12,600615,542.26,613.22,617.6,542.26,3464,5638000.0,12.61,2.64,15.77,0.74
2001-03-13,600615,612.35,614.98,620.23,606.65,1933,3166000.0,2.21,0.29,1.76,0.42
2001-03-14,600615,612.35,612.35,614.54,603.59,1682,2752000.0,1.78,-0.43,-2.63,0.36
2001-03-15,600615,614.54,635.13,643.01,614.54,5385,9092000.0,4.65,3.72,22.78,1.16
2001-03-16,600615,638.63,625.49,643.01,625.49,3741,6312000.0,2.76,-1.52,-9.64,0.8
2001-03-19,600615,621.11,629.87,636.88,621.11,1953,3280000.0,2.52,0.7,4.38,0.42
2001-03-20,600615,632.06,629.87,638.63,627.68,2552,4298000.0,1.74,0.0,0.0,0.55
2001-03-21,600615,638.19,638.63,650.46,629.87,3346,5711000.0,3.27,1.39,8.76,0.72
2001-03-22,600615,651.77,651.33,667.1,637.75,6434,11156000.0,4.6,1.99,12.7,1.38
2001-03-23,600615,652.65,633.37,659.22,633.37,5079,8692000.0,3.97,-2.76,-17.96,1.09
2001-03-26,600615,630.31,650.9,651.77,625.49,6752,11457000.0,4.15,2.77,17.53,1.45
2001-03-27,600615,663.6,669.29,677.18,660.53,6498,11480000.0,2.56,2.83,18.39,1.4
2001-03-28,600615,639.51,654.4,659.66,639.51,8229,14222000.0,3.01,-2.22,-14.89,1.77
2001-03-29,600615,654.4,658.34,673.67,643.89,5414,9457000.0,4.55,0.6,3.94,1.16
2001-03-30,600615,656.15,681.12,681.56,656.15,5722,10179000.0,3.86,3.46,22.78,1.23
2001-04-02,600615,686.82,680.68,699.96,678.49,4988,9021000.0,3.15,-0.06,-0.44,1.07
2001-04-03,600615,682.44,674.99,686.38,664.91,3168,5628000.0,3.15,-0.84,-5.69,0.68
2001-04-04,600615,674.99,659.66,682.44,643.01,3286,5817000.0,5.84,-2.27,-15.33,0.71
2001-04-05,600615,647.39,662.72,664.91,647.39,2898,5058000.0,2.66,0.46,3.06,0.62
2001-04-06,600615,664.91,662.29,667.54,656.15,3635,6381000.0,1.72,-0.06,-0.43,0.78
2001-04-09,600615,651.77,650.9,660.53,646.52,2995,5170000.0,2.12,-1.72,-11.39,0.64
2001-04-10,600615,653.96,656.15,659.66,651.33,1682,2921000.0,1.28,0.81,5.25,0.36
2001-04-11,600615,656.15,651.33,660.53,647.39,2215,3837000.0,2.0,-0.73,-4.82,0.48
2001-04-12,600615,651.33,645.64,653.96,640.82,3278,5640000.0,2.02,-0.87,-5.69,0.7
2001-04-13,600615,645.2,651.77,658.34,643.01,2337,4037000.0,2.37,0.95,6.13,0.5
2001-04-16,600615,651.33,656.15,657.47,643.01,4234,7295000.0,2.22,0.67,4.38,0.91
2001-04-17,600615,656.15,651.33,664.91,647.39,4126,7160000.0,2.67,-0.73,-4.82,0.89
2001-04-18,600615,660.53,673.67,689.01,651.33,10192,18217000.0,5.79,3.43,22.34,2.19
2001-04-19,600615,673.67,673.67,680.24,656.15,3922,6923000.0,3.58,0.0,0.0,0.84
2001-04-20,600615,674.99,682.44,710.47,674.99,22217,40791000.0,5.27,1.3,8.77,4.78
2001-04-23,600615,682.44,723.17,726.24,673.67,30874,57756000.0,7.7,5.97,40.73,6.64
2001-04-24,600615,721.86,733.25,739.38,704.78,21667,41169000.0,4.78,1.39,10.08,4.66
2001-04-25,600615,729.74,690.32,736.75,690.32,11438,21291000.0,6.33,-5.85,-42.93,2.46
2001-04-26,600615,686.82,714.41,730.62,678.05,14536,27008000.0,7.62,3.49,24.09,3.13
2001-04-27,600615,704.34,722.74,755.15,702.15,21069,40479000.0,7.42,1.17,8.33,4.53
2001-04-30,600615,735.0,734.12,765.66,734.12,19042,37148000.0,4.36,1.57,11.38,4.1
2001-05-08,600615,729.74,715.73,739.38,712.22,5890,11167802.0,3.7,-2.51,-18.39,1.27
2001-05-09,600615,715.73,735.44,752.52,710.91,11363,21997000.0,5.81,2.75,19.71,2.44
2001-05-10,600615,748.14,768.29,769.61,734.12,18930,37466000.0,4.83,4.47,32.85,4.07
2001-05-11,600615,769.61,759.53,778.81,750.33,10713,21303000.0,3.71,-1.14,-8.76,2.3
2001-05-14,600615,765.23,753.84,767.85,749.02,9912,19475000.0,2.48,-0.75,-5.69,2.13
2001-05-15,600615,761.28,759.97,765.66,749.46,9342,18419000.0,2.15,0.81,6.13,2.01
2001-05-16,600615,754.71,737.19,761.28,728.43,10817,20935000.0,4.32,-3.0,-22.78,2.33
2001-05-17,600615,737.19,721.86,746.83,718.79,9933,18976000.0,3.8,-2.08,-15.33,2.14
2001-05-18,600615,721.86,731.5,735.0,717.92,6856,13016000.0,2.37,1.34,9.64,1.47
2001-05-21,600615,731.5,753.84,760.41,731.5,9171,17867000.0,3.95,3.05,22.34,1.97
2001-05-22,600615,761.28,751.21,764.35,747.27,5988,11758000.0,2.27,-0.35,-2.63,1.29
2001-05-23,600615,735.0,728.43,752.52,720.55,5659,10814000.0,4.26,-3.03,-22.78,1.22
2001-05-24,600615,721.86,730.62,741.57,721.86,4626,8820000.0,2.71,0.3,2.19,0.99
2001-05-25,600615,737.19,713.1,739.38,709.59,4800,9027000.0,4.08,-2.4,-17.52,1.03
2001-05-28,600615,719.67,711.35,730.62,711.35,3070,5765000.0,2.7,-0.25,-1.75,0.66
2001-05-29,600615,713.1,717.48,721.86,692.51,5342,9926000.0,4.13,0.86,6.13,1.15
2001-05-30,600615,735.88,739.38,742.01,726.24,4596,8842000.0,2.2,3.05,21.9,0.99
2001-05-31,600615,752.52,761.72,765.66,739.38,14598,28752000.0,3.55,3.02,22.34,3.14
2001-06-01,600615,763.47,751.65,769.17,741.57,8531,16836000.0,3.62,-1.32,-10.07,1.83
2001-06-04,600615,751.65,780.56,794.14,751.65,15401,31133000.0,5.65,3.85,28.91,3.31
2001-06-05,600615,741.57,811.66,813.85,741.57,25840,53131000.0,9.26,3.98,31.1,5.56
2001-06-06,600615,813.85,807.28,827.43,794.14,16424,34379000.0,4.1,-0.54,-4.38,3.53
2001-06-07,600615,807.28,783.19,809.47,774.43,10931,22364000.0,4.34,-2.98,-24.09,2.35
2001-06-08,600615,772.24,775.74,791.07,748.14,15380,30651000.0,5.48,-0.95,-7.45,3.31
2001-06-11,600615,807.28,791.95,807.28,781.0,12170,24895000.0,3.39,2.09,16.21,2.62
2001-06-12,600615,790.63,774.43,790.63,765.66,7646,15373000.0,3.15,-2.21,-17.52,1.64
2001-06-13,600615,770.92,777.93,782.31,764.79,6927,13869000.0,2.26,0.45,3.5,1.49
2001-06-14,600615,769.61,751.65,776.62,750.77,11979,23700000.0,3.32,-3.38,-26.28,2.58
2001-06-15,600615,747.27,748.14,763.47,737.63,7803,15127000.0,3.44,-0.47,-3.51,1.68
2001-06-18,600615,748.14,707.84,748.14,707.84,9892,18640000.0,5.39,-5.39,-40.3,2.13
2001-06-19,600615,708.72,706.09,716.6,686.82,5637,10348000.0,4.21,-0.25,-1.75,1.21
2001-06-20,600615,706.53,710.91,726.24,706.53,4007,7543000.0,2.79,0.68,4.82,0.86
2001-06-21,600615,713.1,730.18,737.63,713.1,2972,5636000.0,3.45,2.71,19.27,0.64
2001-06-22,600615,730.18,729.31,735.44,717.48,2915,5538000.0,2.46,-0.12,-0.87,0.63
2001-06-25,600615,726.24,736.32,737.19,726.24,3059,5847000.0,1.5,0.96,7.01,0.66
2001-06-26,600615,740.7,734.12,747.27,728.43,2435,4661000.0,2.56,-0.3,-2.2,0.52
2001-06-27,600615,734.12,733.69,745.51,730.62,1878,3612000.0,2.03,-0.06,-0.43,0.4
2001-06-28,600615,730.62,718.79,732.81,715.29,3444,6489000.0,2.39,-2.03,-14.9,0.74
2001-07-02,600615,725.36,709.59,735.0,702.59,2069,3884000.0,4.51,-1.28,-9.2,0.44
2001-07-03,600615,708.72,704.34,720.55,703.46,1809,3355000.0,2.41,-0.74,-5.25,0.39
2001-07-04,600615,704.78,704.78,719.23,703.46,2054,3815000.0,2.24,0.06,0.44,0.44
2001-07-05,600615,703.9,695.58,710.47,687.69,2921,5347000.0,3.23,-1.31,-9.2,0.63
2001-07-06,600615,703.46,691.63,703.46,687.25,1690,3080000.0,2.33,-0.57,-3.95,0.36
2001-07-09,600615,686.82,674.99,699.08,673.67,2337,4206000.0,3.67,-2.41,-16.64,0.5
2001-07-10,600615,675.86,682.44,690.32,675.86,1613,2908000.0,2.14,1.1,7.45,0.35
2001-07-11,600615,682.44,678.05,690.32,675.43,1224,2196000.0,2.18,-0.64,-4.39,0.26
2001-07-12,600615,675.86,659.66,675.86,656.15,3200,5605000.0,2.91,-2.71,-18.39,0.69
2001-07-13,600615,660.97,659.66,677.18,659.66,1858,3268603.0,2.66,0.0,0.0,0.4
2001-07-16,600615,694.7,664.91,694.7,659.66,2435,4294000.0,5.31,0.8,5.25,0.52
2001-07-17,600615,663.16,651.33,675.86,643.01,2025,3500000.0,4.94,-2.04,-13.58,0.44
2001-07-18,600615,651.33,654.4,671.05,649.58,1602,2790000.0,3.3,0.47,3.07,0.34
2001-07-19,600615,657.03,647.39,657.03,643.01,1962,3370000.0,2.14,-1.07,-7.01,0.42
2001-07-20,600615,653.96,664.91,664.91,650.9,1914,3336000.0,2.16,2.71,17.52,0.41
2001-07-23,600615,673.67,665.79,673.67,658.34,1109,1950000.0,2.31,0.13,0.88,0.24
2001-07-24,600615,656.15,650.46,656.15,638.63,3863,6621000.0,2.63,-2.3,-15.33,0.83
2001-07-25,600615,647.39,656.15,676.3,646.08,2096,3648000.0,4.65,0.87,5.69,0.45
2001-07-26,600615,656.15,663.6,667.54,656.15,2266,3978000.0,1.74,1.14,7.45,0.49
2001-07-27,600615,673.67,658.34,673.67,643.01,1438,2502000.0,4.62,-0.79,-5.26,0.31
2001-07-30,600615,657.9,612.35,657.9,594.83,2710,4494000.0,9.58,-6.99,-45.99,0.58
2001-07-31,600615,615.85,606.21,620.67,590.45,2124,3450000.0,4.94,-1.0,-6.14,0.46
2001-08-01,600615,620.23,618.92,625.05,594.83,1708,2794000.0,4.99,2.1,12.71,0.37
2001-08-02,600615,620.23,605.78,620.23,590.45,1421,2289000.0,4.81,-2.12,-13.14,0.31
2001-08-03,600615,606.21,613.66,616.73,599.21,697,1138000.0,2.89,1.3,7.88,0.15
2001-08-06,600615,595.7,592.64,612.35,572.92,2168,3444000.0,6.43,-3.43,-21.02,0.47
2001-08-07,600615,573.36,589.13,596.58,573.36,1547,2443000.0,3.92,-0.59,-3.51,0.33
2001-08-08,600615,594.83,590.45,601.83,575.11,699,1112000.0,4.54,0.22,1.32,0.15
2001-08-09,600615,593.07,612.35,612.35,593.07,1127,1817000.0,3.27,3.71,21.9,0.24
2001-08-10,600615,612.35,621.11,621.98,607.09,1640,2710000.0,2.43,1.43,8.76,0.35
2001-08-13,600615,618.92,621.11,621.11,607.97,1290,2116000.0,2.12,0.0,0.0,0.28
2001-08-14,600615,614.98,606.21,621.11,605.78,1657,2715000.0,2.47,-2.4,-14.9,0.36
2001-08-15,600615,614.54,618.92,625.49,614.54,1506,2493000.0,1.81,2.1,12.71,0.32
2001-08-16,600615,618.92,603.59,621.11,603.59,655,1070000.0,2.83,-2.48,-15.33,0.14
2001-08-17,600615,597.89,594.83,613.22,593.95,1790,2874000.0,3.19,-1.45,-8.76,0.38
2001-08-20,600615,624.61,603.59,624.61,598.77,745,1206000.0,4.34,1.47,8.76,0.16
2001-08-21,600615,603.59,607.97,616.29,603.59,1160,1892000.0,2.1,0.73,4.38,0.25
2001-08-22,600615,607.97,594.39,612.35,592.64,2476,3969000.0,3.24,-2.23,-13.58,0.53
2001-08-23,600615,599.21,596.58,599.21,583.87,1059,1675000.0,2.58,0.37,2.19,0.23
2001-08-24,600615,609.28,592.64,609.28,590.45,980,1564000.0,3.16,-0.66,-3.94,0.21
2001-08-27,600615,588.25,576.87,597.02,575.11,1380,2155000.0,3.7,-2.66,-15.77,0.3
2001-08-28,600615,590.01,575.11,590.01,554.53,1582,2439000.0,6.15,-0.31,-1.76,0.34
2001-08-29,600615,579.06,575.11,593.07,566.35,930,1447000.0,4.65,0.0,0.0,0.2
2001-08-30,600615,575.99,570.73,583.87,568.54,480,743000.0,2.67,-0.76,-4.38,0.1
2001-08-31,600615,581.68,568.54,582.12,564.6,408,626000.0,3.07,-0.38,-2.19,0.09
2001-09-03,600615,565.91,559.78,566.35,553.21,772,1166000.0,2.31,-1.54,-8.76,0.17
2001-09-04,600615,559.78,583.44,587.38,557.59,1524,2348000.0,5.32,4.23,23.66,0.33
2001-09-05,600615,582.12,583.87,595.7,576.87,1430,2261000.0,3.23,0.07,0.43,0.31
2001-09-06,600615,583.87,585.19,592.64,579.49,782,1229000.0,2.25,0.23,1.32,0.17
2001-09-07,600615,580.37,561.97,580.37,557.59,852,1302000.0,3.89,-3.97,-23.22,0.18
2001-09-10,600615,553.21,578.62,586.06,537.88,1530,2330000.0,8.57,2.96,16.65,0.33
2001-09-11,600615,578.18,572.92,581.68,566.35,855,1326000.0,2.65,-0.99,-5.7,0.18
2001-09-12,600615,559.78,562.85,562.85,548.83,2368,3569000.0,2.45,-1.76,-10.07,0.51
2001-09-13,600615,566.35,557.59,571.61,553.21,809,1224000.0,3.27,-0.93,-5.26,0.17
2001-09-14,600615,558.03,544.45,558.03,542.26,1230,1828000.0,2.83,-2.36,-13.14,0.26
2001-09-17,600615,531.31,500.21,544.45,499.77,4166,5850000.0,8.21,-8.13,-44.24,0.9
2001-09-18,600615,504.15,501.52,526.49,491.01,1481,2056000.0,7.09,0.26,1.31,0.32
2001-09-19,600615,492.32,512.91,512.91,492.32,1664,2294000.0,4.11,2.27,11.39,0.36
2001-09-20,600615,505.03,512.91,526.49,505.03,1863,2637000.0,4.18,0.0,0.0,0.4
2001-09-21,600615,500.65,501.08,515.98,496.7,886,1226000.0,3.76,-2.31,-11.83,0.19
2001-09-24,600615,501.08,504.59,508.53,498.89,484,671000.0,1.92,0.7,3.51,0.1
2001-09-25,600615,508.53,502.84,513.79,499.77,480,667000.0,2.78,-0.35,-1.75,0.1
2001-09-26,600615,500.65,489.69,504.15,487.94,747,1018000.0,3.22,-2.62,-13.15,0.16
2001-09-27,600615,494.07,491.01,500.65,485.31,572,779000.0,3.13,0.27,1.32,0.12
2001-09-28,600615,504.59,480.93,504.59,474.36,1125,1502000.0,6.16,-2.05,-10.08,0.24
2001-10-08,600615,480.93,439.76,489.69,422.67,1217,1568000.0,13.94,-8.56,-41.17,0.26
2001-10-09,600615,451.58,455.09,462.1,443.26,1141,1441000.0,4.28,3.49,15.33,0.25
2001-10-10,600615,448.08,442.82,461.22,435.38,977,1227000.0,5.68,-2.7,-12.27,0.21
2001-10-11,600615,442.82,437.13,447.2,433.62,1499,1857000.0,3.07,-1.28,-5.69,0.32
2001-10-12,600615,439.32,452.46,461.22,412.16,2578,3241000.0,11.22,3.51,15.33,0.55
2001-10-15,600615,456.84,469.98,483.12,448.08,2774,3657000.0,7.74,3.87,17.52,0.6
2001-10-16,600615,472.61,455.96,472.61,448.08,930,1194000.0,5.22,-2.98,-14.02,0.2
2001-10-17,600615,455.96,434.94,456.4,434.94,1138,1412000.0,4.71,-4.61,-21.02,0.24
2001-10-18,600615,435.81,420.48,448.08,419.61,1856,2245000.0,6.55,-3.32,-14.46,0.4
2001-10-19,600615,415.23,405.59,421.8,393.76,2772,3212000.0,6.67,-3.54,-14.89,0.6
2001-10-22,600615,402.96,381.5,404.27,379.31,2669,3008000.0,6.15,-5.94,-24.09,0.57
2001-10-23,600615,429.24,430.12,430.12,416.1,4980,6050000.0,3.67,12.74,48.62,1.07
2001-10-24,600615,452.46,470.42,483.12,441.51,12365,15859000.0,9.67,9.37,40.3,2.66
2001-10-25,600615,461.22,450.27,464.73,445.01,4041,5149000.0,4.19,-4.28,-20.15,0.87
2001-10-26,600615,450.27,456.84,465.6,439.76,3370,4302000.0,5.74,1.46,6.57,0.72
2001-10-29,600615,456.84,478.74,491.01,449.39,8650,11569000.0,9.11,4.79,21.9,1.86
2001-10-30,600615,479.62,480.06,496.26,470.42,3928,5254000.0,5.4,0.28,1.32,0.84
2001-10-31,600615,476.55,476.55,482.69,470.86,1765,2330000.0,2.46,-0.73,-3.51,0.38
2001-11-01,600615,482.25,487.5,502.84,482.25,3900,5316000.0,4.32,2.3,10.95,0.84
2001-11-02,600615,483.12,485.31,490.57,474.36,2165,2898000.0,3.33,-0.45,-2.19,0.47
2001-11-05,600615,485.75,481.81,496.26,474.36,1710,2285000.0,4.51,-0.72,-3.5,0.37
2001-11-06,600615,476.11,481.81,487.5,476.11,2051,2748000.0,2.36,0.0,0.0,0.44
2001-11-07,600615,481.81,452.02,481.81,439.76,4382,5601000.0,8.73,-6.18,-29.79,0.94
2001-11-08,600615,434.06,445.45,451.58,420.04,7560,9256000.0,6.98,-1.45,-6.57,1.63
2001-11-09,600615,445.45,460.78,465.6,429.68,3286,4152000.0,8.06,3.44,15.33,0.71
2001-11-12,600615,461.22,465.6,476.99,454.65,3231,4233000.0,4.85,1.05,4.82,0.69
2001-11-13,600615,450.71,459.03,467.35,450.71,1412,1821000.0,3.57,-1.41,-6.57,0.3
2001-11-14,600615,465.6,476.55,485.31,465.6,2849,3781000.0,4.29,3.82,17.52,0.61
2001-11-15,600615,474.36,476.55,480.93,469.98,1385,1831000.0,2.3,0.0,0.0,0.3
2001-11-16,600615,509.41,481.81,530.43,476.99,7509,10281000.0,11.21,1.1,5.26,1.61
2001-11-19,600615,483.56,499.77,500.65,478.74,7510,10281801.0,4.55,3.73,17.96,1.61
2001-11-20,600615,500.65,508.97,513.79,496.26,4438,6044376.0,3.51,1.84,9.2,0.95
2001-11-21,600615,511.6,511.6,512.03,501.08,2201,3063896.0,2.15,0.52,2.63,0.47
2001-11-22,600615,511.6,509.84,513.79,505.46,2342,3279000.0,1.63,-0.34,-1.76,0.5
2001-11-23,600615,509.84,500.21,510.28,497.14,1979,2742000.0,2.58,-1.89,-9.63,0.43
2001-11-26,600615,499.77,500.65,500.65,490.13,1314,1798000.0,2.1,0.09,0.44,0.28
2001-11-27,600615,502.84,507.65,509.41,500.65,1241,1729000.0,1.75,1.4,7.0,0.27
2001-11-28,600615,510.28,512.91,518.17,505.03,2992,4212000.0,2.59,1.04,5.26,0.64
2001-11-29,600615,518.17,530.87,546.64,513.79,9278,13471000.0,6.4,3.5,17.96,2.0
2001-11-30,600615,531.31,533.5,534.81,525.61,3110,4498000.0,1.73,0.5,2.63,0.67
2001-12-03,600615,533.5,542.26,543.14,533.5,4110,6030000.0,1.81,1.64,8.76,0.88
2001-12-04,600615,543.57,537.88,545.33,531.75,3389,4967000.0,2.5,-0.81,-4.38,0.73
2001-12-05,600615,522.99,512.47,532.62,512.03,5510,7887752.0,3.83,-4.72,-25.41,1.18
2001-12-06,600615,526.05,522.11,526.05,512.91,2932,4153227.0,2.56,1.88,9.64,0.63
2001-12-07,600615,522.11,511.16,522.99,509.41,1561,2214803.0,2.6,-2.1,-10.95,0.34
2001-12-10,600615,526.05,521.67,526.05,508.97,1902,2678603.0,3.34,2.06,10.51,0.41
2001-12-11,600615,521.67,510.28,522.55,509.41,1198,1689582.0,2.52,-2.18,-11.39,0.26
2001-12-12,600615,509.41,499.33,510.72,498.46,1434,1989532.0,2.4,-2.15,-10.95,0.31
2001-12-13,600615,500.65,488.82,509.41,488.38,1302,1789505.0,4.21,-2.1,-10.51,0.28
2001-12-14,600615,487.94,480.93,491.01,479.18,1212,1624789.0,2.42,-1.61,-7.89,0.26
2001-12-17,600615,478.74,487.5,491.88,474.36,1831,2454955.0,3.64,1.37,6.57,0.39
2001-12-18,600615,485.75,491.88,495.39,485.75,1537,2082720.0,1.98,0.9,4.38,0.33
2001-12-19,600615,492.76,500.65,504.59,487.5,3955,5435682.0,3.47,1.78,8.77,0.85
2001-12-20,600615,500.65,477.87,500.65,474.36,2179,2922868.0,5.25,-4.55,-22.78,0.47
2001-12-21,600615,474.36,489.26,491.88,474.36,1825,2460312.0,3.67,2.38,11.39,0.39
2001-12-24,600615,489.26,486.63,489.26,473.49,2188,2923950.0,3.22,-0.54,-2.63,0.47
2001-12-25,600615,482.25,505.03,506.34,473.49,6739,9247292.0,6.75,3.78,18.4,1.45
2001-12-26,600615,500.21,504.59,515.98,491.88,7318,10234952.0,4.77,-0.09,-0.44,1.57
2001-12-27,600615,505.03,488.82,512.91,484.0,2905,3959302.0,5.73,-3.13,-15.77,0.62
2001-12-28,600615,487.5,484.88,491.01,474.8,1842,2460092.0,3.32,-0.81,-3.94,0.4
2001-12-31,600615,483.56,465.16,485.31,463.41,1538,2041563.0,4.52,-4.07,-19.72,0.33
2002-01-04,600615,485.75,454.21,485.75,452.46,1503,1927061.0,7.16,-2.35,-10.95,0.32
2002-01-07,600615,454.21,447.2,455.09,439.32,1322,1647474.0,3.47,-1.54,-7.01,0.28
2002-01-08,600615,444.58,448.52,459.47,443.26,716,905585.0,3.62,0.3,1.32,0.15
2002-01-09,600615,438.44,420.92,445.89,407.78,1587,1904282.0,8.5,-6.15,-27.6,0.34
2002-01-10,600615,420.92,412.16,420.92,390.26,4048,4655927.0,7.28,-2.08,-8.76,0.87
2002-01-11,600615,413.04,388.94,413.04,388.94,1961,2232148.0,5.85,-5.63,-23.22,0.42
2002-01-14,600615,385.88,358.72,385.88,356.09,2738,2939630.0,7.66,-7.77,-30.22,0.59
2002-01-15,600615,358.72,346.45,377.55,346.45,2140,2244850.0,8.67,-3.42,-12.27,0.46
2002-01-16,600615,346.45,352.15,356.09,332.0,2019,2071839.0,6.95,1.65,5.7,0.43
2002-01-17,600615,355.21,312.28,355.21,307.9,2338,2301848.0,13.43,-11.32,-39.87,0.5
2002-01-18,600615,293.89,314.91,325.43,293.89,2936,2755566.0,10.1,0.84,2.63,0.63
2002-01-21,600615,307.9,289.07,315.79,286.0,1559,1423366.0,9.46,-8.21,-25.84,0.34
2002-01-22,600615,294.32,277.24,310.53,275.49,2324,2101581.0,12.12,-4.09,-11.83,0.5
2002-01-23,600615,290.38,313.16,314.91,266.73,3054,2722597.0,17.38,12.96,35.92,0.66
2002-01-24,600615,316.67,327.62,340.76,294.76,8080,7838351.0,14.69,4.62,14.46,1.74
2002-01-25,600615,325.43,317.98,332.87,299.14,3664,3529472.0,10.3,-2.94,-9.64,0.79
2002-01-28,600615,316.67,299.58,356.09,290.38,14914,14774440.0,20.66,-5.79,-18.4,3.21
2002-01-29,600615,286.0,311.41,312.28,276.36,4391,4079898.0,11.99,3.95,11.83,0.94
2002-01-30,600615,307.03,310.53,318.86,303.52,2919,2761287.0,4.93,-0.28,-0.88,0.63
2002-01-31,600615,309.22,340.76,345.58,309.22,8216,8230820.0,11.71,9.73,30.23,1.77
2002-02-01,600615,346.45,350.83,367.04,345.14,11383,11942163.0,6.43,2.96,10.07,2.45
2002-02-04,600615,349.96,358.28,360.47,345.14,4028,4193818.0,4.37,2.12,7.45,0.87
2002-02-05,600615,352.59,355.65,363.1,347.33,4278,4468322.0,4.4,-0.73,-2.63,0.92
2002-02-06,600615,352.59,340.76,363.1,339.01,4228,4382720.0,6.77,-4.19,-14.89,0.91
2002-02-07,600615,337.69,352.15,355.21,337.69,2882,2976299.0,5.14,3.34,11.39,0.62
2002-02-08,600615,355.21,342.95,360.47,342.95,2722,2827912.0,4.98,-2.61,-9.2,0.59
2002-02-25,600615,359.16,356.53,359.59,350.83,3029,3176978.0,2.55,3.96,13.58,0.65
2002-02-26,600615,354.34,367.04,371.42,351.71,5734,6125578.0,5.53,2.95,10.51,1.23
2002-02-27,600615,369.23,365.73,370.11,361.35,2651,2848339.0,2.39,-0.36,-1.31,0.57
2002-02-28,600615,362.22,356.53,367.48,355.21,4510,4766581.0,3.35,-2.52,-9.2,0.97
2002-03-01,600615,356.09,338.57,356.09,337.69,3536,3615089.0,5.16,-5.04,-17.96,0.76
2002-03-04,600615,335.06,350.83,351.27,335.06,1447,1481674.0,4.79,3.62,12.26,0.31
2002-03-05,600615,350.83,368.79,374.49,350.83,6127,6592446.0,6.74,5.12,17.96,1.32
2002-03-06,600615,371.42,382.37,403.4,369.67,14749,16605056.0,9.15,3.68,13.58,3.17
2002-03-07,600615,382.37,397.7,399.02,380.18,7455,8388872.0,4.93,4.01,15.33,1.6
2002-03-08,600615,410.85,404.27,412.6,391.13,9974,11520411.0,5.4,1.65,6.57,2.14
2002-03-11,600615,406.46,425.3,427.49,399.89,13341,15770867.0,6.83,5.2,21.03,2.87
2002-03-12,600615,421.8,422.67,443.7,414.35,13719,16615414.0,6.9,-0.62,-2.63,2.95
2002-03-13,600615,420.92,406.46,429.68,404.27,8696,10313906.0,6.01,-3.84,-16.21,1.87
2002-03-14,600615,404.27,444.58,454.65,400.33,14692,17849075.0,13.36,9.38,38.12,3.16
2002-03-15,600615,443.7,422.23,452.46,421.8,14497,17953900.0,6.9,-5.03,-22.35,3.12
2002-03-18,600615,423.99,417.42,438.0,409.53,5562,6660606.0,6.74,-1.14,-4.81,1.2
2002-03-19,600615,417.42,428.37,429.68,412.16,4459,5357371.0,4.2,2.62,10.95,0.96
2002-03-20,600615,430.56,438.0,450.27,429.68,8113,10023961.0,4.81,2.25,9.63,1.74
2002-03-21,600615,437.57,436.69,442.82,428.81,3972,4893672.0,3.2,-0.3,-1.31,0.85
2002-03-22,600615,436.25,424.86,436.25,421.8,3733,4520494.0,3.31,-2.71,-11.83,0.8
2002-03-25,600615,422.67,421.36,425.3,416.1,2755,3293615.0,2.17,-0.82,-3.5,0.59
2002-03-26,600615,421.8,413.91,430.12,413.04,4167,4960973.0,4.05,-1.77,-7.45,0.9
2002-03-27,600615,412.16,413.04,420.48,407.78,2463,2901357.0,3.07,-0.21,-0.87,0.53
2002-03-28,600615,413.04,421.36,431.87,413.04,3686,4455357.0,4.56,2.01,8.32,0.79
2002-03-29,600615,420.48,402.96,422.67,400.33,3702,4340377.0,5.3,-4.37,-18.4,0.8
2002-04-01,600615,394.64,406.03,409.53,394.64,1490,1721960.0,3.7,0.76,3.07,0.32
2002-04-02,600615,406.03,406.9,426.18,399.89,3635,4288140.0,6.47,0.21,0.87,0.78
2002-04-03,600615,403.4,411.72,416.54,403.4,2221,2605657.0,3.23,1.18,4.82,0.48
2002-04-04,600615,411.72,434.94,435.81,409.09,12738,15422214.0,6.49,5.64,23.22,2.74
2002-04-05,600615,442.82,426.18,442.82,424.86,7663,9375270.0,4.13,-2.01,-8.76,1.65
2002-04-08,600615,421.8,436.25,441.51,421.8,5442,6649307.0,4.62,2.36,10.07,1.17
2002-04-09,600615,437.13,457.28,466.04,433.62,18730,23843927.0,7.43,4.82,21.03,4.03
2002-04-10,600615,460.34,464.29,469.11,452.02,14205,18272813.0,3.74,1.53,7.01,3.05
2002-04-11,600615,462.54,441.95,462.54,441.51,6875,8715709.0,4.53,-4.81,-22.34,1.48
2002-04-12,600615,442.38,443.26,450.27,439.32,4225,5292620.0,2.48,0.3,1.31,0.91
2002-04-15,600615,448.08,438.44,448.08,430.56,3430,4232033.0,3.95,-1.09,-4.82,0.74
2002-04-16,600615,438.88,429.68,443.26,428.37,2498,3068584.0,3.4,-2.0,-8.76,0.54
2002-04-17,600615,433.62,444.14,448.96,431.0,5484,6845209.0,4.18,3.37,14.46,1.18
2002-04-18,600615,450.27,432.75,450.27,430.56,2867,3553067.0,4.44,-2.56,-11.39,0.62
2002-04-19,600615,429.68,434.5,437.13,423.99,3670,4471547.0,3.04,0.4,1.75,0.79
2002-04-22,600615,434.06,435.81,445.89,431.43,2251,2782579.0,3.33,0.3,1.31,0.48
2002-04-23,600615,437.13,427.49,445.45,426.18,3236,3974019.0,4.42,-1.91,-8.32,0.7
2002-04-24,600615,421.8,394.2,426.18,386.75,9747,11202565.0,9.22,-7.79,-33.29,2.1
2002-04-25,600615,394.2,391.13,397.7,382.37,4617,5193566.0,3.89,-0.78,-3.07,0.99
2002-04-26,600615,391.13,409.97,420.48,391.13,8849,10318520.0,7.5,4.82,18.84,1.9
2002-04-29,600615,416.54,459.03,460.34,413.04,28216,35321099.0,11.54,11.97,49.06,6.07
2002-04-30,600615,450.27,443.7,465.6,441.51,15825,20038398.0,5.25,-3.34,-15.33,3.4
2002-05-08,600615,459.91,473.92,498.46,454.65,49882,67035778.0,9.87,6.81,30.22,10.73
2002-05-09,600615,468.67,479.18,484.44,456.84,16708,22111159.0,5.82,1.11,5.26,3.59
2002-05-10,600615,487.07,455.09,487.5,448.08,13634,17590533.0,8.23,-5.03,-24.09,2.93
2002-05-13,600615,455.09,464.29,464.73,446.33,8319,10680353.0,4.04,2.02,9.2,1.79
2002-05-14,600615,464.29,447.2,464.73,447.2,4630,5898566.0,3.78,-3.68,-17.09,1.0
2002-05-15,600615,442.82,442.38,455.09,438.44,5066,6334105.0,3.72,-1.08,-4.82,1.09
2002-05-16,600615,437.13,413.47,442.82,412.16,7759,9379048.0,6.93,-6.54,-28.91,1.67
2002-05-17,600615,413.47,424.42,425.74,406.9,5977,7104115.0,4.56,2.65,10.95,1.29
2002-05-20,600615,421.8,412.16,421.8,406.9,3363,3948832.0,3.51,-2.89,-12.26,0.72
2002-05-21,600615,428.81,435.38,441.95,419.61,6556,8031764.0,5.42,5.63,23.22,1.41
2002-05-22,600615,434.5,421.36,437.13,420.92,3294,3982024.0,3.72,-3.22,-14.02,0.71
2002-05-23,600615,421.8,430.56,436.25,421.8,3008,3676539.0,3.43,2.18,9.2,0.65
2002-05-24,600615,432.75,425.3,432.75,421.8,1882,2279514.0,2.54,-1.22,-5.26,0.4
2002-05-27,600615,430.56,437.57,439.32,425.3,2380,2912027.0,3.3,2.89,12.27,0.51
2002-05-28,600615,437.13,435.38,442.82,432.75,2759,3421175.0,2.3,-0.5,-2.19,0.59
2002-05-29,600615,432.75,414.79,434.94,410.85,4761,5661193.0,5.53,-4.73,-20.59,1.02
2002-05-30,600615,410.41,408.22,417.42,404.27,2891,3391983.0,3.17,-1.58,-6.57,0.62
2002-05-31,600615,409.09,398.14,414.79,395.51,2355,2731054.0,4.72,-2.47,-10.08,0.51
2002-06-03,600615,393.32,385.88,395.51,382.37,3831,4291828.0,3.3,-3.08,-12.26,0.82
2002-06-04,600615,383.25,385.0,395.08,364.85,3169,3484894.0,7.83,-0.23,-0.88,0.68
2002-06-05,600615,385.88,367.04,385.88,365.29,2459,2671687.0,5.35,-4.66,-17.96,0.53
2002-06-06,600615,362.66,396.39,403.4,358.28,3488,3879149.0,12.29,8.0,29.35,0.75
2002-06-07,600615,396.39,397.27,406.46,384.56,3818,4381659.0,5.52,0.22,0.88,0.82
2002-06-10,600615,399.89,389.38,399.89,387.63,1154,1308292.0,3.09,-1.99,-7.89,0.25
2002-06-11,600615,369.67,400.77,410.85,369.67,2021,2334037.0,10.58,2.93,11.39,0.43
2002-06-12,600615,400.33,399.02,400.33,392.45,1030,1172258.0,1.97,-0.44,-1.75,0.22
2002-06-13,600615,398.14,389.38,404.27,387.19,1027,1172819.0,4.28,-2.42,-9.64,0.22
2002-06-14,600615,389.38,384.56,393.76,384.56,1104,1239721.0,2.36,-1.24,-4.82,0.24
2002-06-17,600615,383.25,381.5,385.0,374.05,1450,1599537.0,2.85,-0.8,-3.06,0.31
2002-06-18,600615,391.13,390.7,395.51,384.56,1996,2246664.0,2.87,2.41,9.2,0.43
2002-06-19,600615,388.51,381.5,388.94,380.18,998,1109582.0,2.24,-2.35,-9.2,0.21
2002-06-20,600615,380.18,386.75,390.7,377.99,1545,1718457.0,3.33,1.38,5.25,0.33
2002-06-21,600615,407.78,413.91,415.23,386.75,8654,10026815.0,7.36,7.02,27.16,1.86
2002-06-24,600615,465.6,465.6,465.6,439.32,24704,31734031.0,6.35,12.49,51.69,5.31
2002-06-25,600615,463.41,445.01,466.48,440.19,12496,15979093.0,5.65,-4.42,-20.59,2.69
2002-06-26,600615,443.7,448.96,454.65,430.56,7865,9778763.0,5.41,0.89,3.95,1.69
2002-06-27,600615,450.27,440.63,451.58,439.32,3502,4380000.0,2.73,-1.86,-8.33,0.75
2002-07-01,600615,430.56,414.35,431.87,413.91,7113,8473755.0,4.08,-5.96,-26.28,1.53
2002-07-02,600615,413.04,423.55,423.99,409.53,4522,5406687.0,3.49,2.22,9.2,0.97
2002-07-03,600615,423.55,425.74,436.69,423.55,4602,5609933.0,3.1,0.52,2.19,0.99
2002-07-04,600615,429.68,434.06,434.94,423.99,5487,6700922.0,2.57,1.95,8.32,1.18
2002-07-05,600615,434.06,441.51,460.34,421.8,7581,9461551.0,8.88,1.72,7.45,1.63
2002-07-08,600615,438.44,438.44,450.71,434.94,3529,4397327.0,3.57,-0.7,-3.07,0.76
2002-07-09,600615,443.7,428.37,443.7,427.49,2786,3420982.0,3.7,-2.3,-10.07,0.6
2002-07-10,600615,427.49,422.67,431.87,421.8,2357,2843725.0,2.35,-1.33,-5.7,0.51
2002-07-11,600615,423.11,434.94,439.32,419.61,4690,5744188.0,4.66,2.9,12.27,1.01
2002-07-12,600615,421.8,429.68,437.57,421.8,2935,3562975.0,3.63,-1.21,-5.26,0.63
2002-07-15,600615,434.06,426.18,434.06,419.61,1736,2094988.0,3.36,-0.81,-3.5,0.37
2002-07-16,600615,422.23,421.8,427.93,420.48,1136,1368125.0,1.75,-1.03,-4.38,0.24
2002-07-17,600615,421.36,425.74,426.18,414.35,1627,1942528.0,2.8,0.93,3.94,0.35
2002-07-18,600615,423.99,422.67,426.18,419.61,2655,3192700.0,1.54,-0.72,-3.07,0.57
2002-07-19,600615,428.37,438.0,441.51,425.3,7951,9765017.0,3.84,3.63,15.33,1.71
2002-07-22,600615,437.13,427.93,440.63,427.05,3092,3791664.0,3.1,-2.3,-10.07,0.66
2002-07-23,600615,428.81,432.31,437.57,423.11,3288,4024581.0,3.38,1.02,4.38,0.71
2002-07-24,600615,432.75,443.7,450.27,428.81,9661,12063154.0,4.96,2.63,11.39,2.08
2002-07-25,600615,443.7,441.07,448.08,437.57,4552,5679517.0,2.37,-0.59,-2.63,0.98
2002-07-26,600615,441.95,427.05,443.7,426.18,3076,3758141.0,3.97,-3.18,-14.02,0.66
2002-07-29,600615,427.05,430.12,432.31,417.42,2675,3219992.0,3.49,0.72,3.07,0.58
2002-07-30,600615,426.18,431.0,434.06,425.3,1662,2027386.0,2.04,0.2,0.88,0.36
2002-07-31,600615,430.56,420.48,432.75,420.04,2242,2701204.0,2.95,-2.44,-10.52,0.48
2002-08-01,600615,418.29,421.8,427.49,413.04,1409,1687508.0,3.44,0.31,1.32,0.3
2002-08-02,600615,417.85,421.36,426.18,417.85,629,754552.0,1.97,-0.1,-0.44,0.14
2002-08-05,600615,418.29,419.61,421.8,416.1,757,902000.0,1.35,-0.42,-1.75,0.16
2002-08-06,600615,427.93,425.3,428.81,419.61,1553,1872817.0,2.19,1.36,5.69,0.33
2002-08-07,600615,426.18,421.8,426.18,421.8,796,957991.0,1.03,-0.82,-3.5,0.17
2002-08-08,600615,426.18,416.54,426.18,415.66,958,1145029.0,2.49,-1.25,-5.26,0.21
2002-08-09,600615,425.3,416.1,425.3,413.47,1056,1250727.0,2.84,-0.11,-0.44,0.23
2002-08-12,600615,413.47,402.96,413.47,402.08,1849,2154797.0,2.74,-3.16,-13.14,0.4
2002-08-13,600615,400.77,404.71,409.53,399.89,665,772979.0,2.39,0.43,1.75,0.14
2002-08-14,600615,404.71,401.21,406.46,394.64,2032,2338001.0,2.92,-0.86,-3.5,0.44
2002-08-15,600615,403.4,395.08,403.4,393.32,1431,1634625.0,2.51,-1.53,-6.13,0.31
2002-08-16,600615,394.64,395.51,399.89,388.51,1668,1890873.0,2.88,0.11,0.43,0.36
2002-08-19,600615,395.51,395.51,399.89,394.2,708,808186.0,1.44,0.0,0.0,0.15
2002-08-20,600615,395.95,402.52,404.27,395.95,1680,1935973.0,2.1,1.77,7.01,0.36
2002-08-21,600615,406.46,402.52,406.46,397.7,1138,1310214.0,2.18,0.0,0.0,0.24
2002-08-22,600615,399.89,408.66,414.35,399.89,2684,3155236.0,3.59,1.53,6.14,0.58
2002-08-23,600615,408.66,403.84,409.53,400.77,1272,1476277.0,2.14,-1.18,-4.82,0.27
2002-08-26,600615,404.71,402.08,411.72,399.46,1346,1570156.0,3.04,-0.44,-1.76,0.29
2002-08-27,600615,406.9,413.04,414.35,400.77,2968,3488799.0,3.38,2.73,10.96,0.64
2002-08-28,600615,416.54,413.04,416.54,406.46,1095,1284000.0,2.44,0.0,0.0,0.24
2002-08-29,600615,405.15,407.34,410.85,400.33,1174,1358139.0,2.55,-1.38,-5.7,0.25
2002-08-30,600615,406.9,402.96,406.9,398.14,1383,1592321.0,2.15,-1.08,-4.38,0.3
2002-09-02,600615,402.96,395.95,402.96,395.51,1612,1843749.0,1.85,-1.74,-7.01,0.35
2002-09-03,600615,398.14,397.7,401.65,395.51,862,987731.0,1.55,0.44,1.75,0.19
2002-09-04,600615,405.15,399.02,410.85,397.7,1250,1443192.0,3.31,0.33,1.32,0.27
2002-09-05,600615,399.02,392.01,399.02,391.13,1375,1561918.0,1.98,-1.76,-7.01,0.3
2002-09-06,600615,391.57,389.38,395.51,389.38,1003,1135303.0,1.56,-0.67,-2.63,0.22
2002-09-09,600615,387.19,388.07,392.01,382.81,853,955873.0,2.36,-0.34,-1.31,0.18
2002-09-10,600615,387.63,386.75,388.07,385.88,579,648605.0,0.56,-0.34,-1.32,0.12
2002-09-11,600615,387.19,381.06,387.63,377.99,1342,1483015.0,2.49,-1.47,-5.69,0.29
2002-09-12,600615,381.93,384.12,385.88,380.18,1114,1238644.0,1.5,0.8,3.06,0.24
2002-09-13,600615,384.12,380.18,386.75,378.87,589,655384.0,2.05,-1.03,-3.94,0.13
2002-09-16,600615,380.18,374.49,382.37,372.74,1067,1174660.0,2.53,-1.5,-5.69,0.23
2002-09-17,600615,373.61,364.41,381.93,362.66,1565,1688869.0,5.15,-2.69,-10.08,0.34
2002-09-18,600615,364.85,357.84,368.79,356.97,1648,1752833.0,3.24,-1.8,-6.57,0.35
2002-09-20,600615,375.8,403.84,403.84,368.79,43472,50061589.0,9.79,12.85,46.0,9.35
2002-09-23,600615,395.08,405.59,409.53,393.32,15676,18082089.0,4.01,0.43,1.75,3.37
2002-09-24,600615,404.27,392.89,405.15,387.19,8143,9319648.0,4.43,-3.13,-12.7,1.75
2002-09-25,600615,393.76,393.32,404.27,389.38,10775,12324847.0,3.79,0.11,0.43,2.32
2002-09-26,600615,393.32,376.24,395.95,374.05,10323,11461738.0,5.57,-4.34,-17.08,2.22
2002-09-27,600615,371.42,359.59,377.55,358.72,8902,9498868.0,5.0,-4.43,-16.65,1.91
2002-10-08,600615,359.59,361.35,363.97,348.64,3125,3267226.0,4.26,0.49,1.76,0.67
2002-10-09,600615,362.66,340.32,362.66,338.57,3653,3737854.0,6.67,-5.82,-21.03,0.79
2002-10-10,600615,338.57,340.76,346.01,336.38,1863,1889075.0,2.83,0.13,0.44,0.4
2002-10-11,600615,342.95,336.38,348.2,334.63,2188,2221147.0,3.98,-1.29,-4.38,0.47
2002-10-14,600615,339.44,341.2,342.95,330.24,2781,2798378.0,3.78,1.43,4.82,0.6
2002-10-15,600615,346.89,340.32,346.89,334.19,1938,1966928.0,3.72,-0.26,-0.88,0.42
2002-10-16,600615,340.32,346.89,354.78,340.32,2938,3029924.0,4.25,1.93,6.57,0.63
2002-10-17,600615,346.45,337.25,346.45,334.63,1620,1641255.0,3.41,-2.78,-9.64,0.35
2002-10-18,600615,337.25,339.44,342.07,329.81,2544,2552827.0,3.64,0.65,2.19,0.55
2002-10-21,600615,339.01,340.76,341.2,333.31,1271,1276919.0,2.32,0.39,1.32,0.27
2002-10-22,600615,340.32,346.45,350.83,339.88,3049,3138452.0,3.21,1.67,5.69,0.66
2002-10-23,600615,349.08,351.71,351.71,342.07,2468,2539360.0,2.78,1.52,5.26,0.53
2002-10-24,600615,347.33,346.01,354.78,345.14,1797,1861304.0,2.74,-1.62,-5.7,0.39
2002-10-25,600615,343.82,321.92,344.26,320.17,8998,8918156.0,6.96,-6.96,-24.09,1.94
2002-10-28,600615,318.86,317.54,324.55,317.1,1857,1796518.0,2.31,-1.36,-4.38,0.4
2002-10-29,600615,317.54,319.73,322.36,311.41,2072,1984722.0,3.45,0.69,2.19,0.45
2002-10-30,600615,321.05,317.54,321.05,312.28,1353,1296378.0,2.74,-0.68,-2.19,0.29
2002-10-31,600615,317.98,320.17,322.36,314.47,957,922041.0,2.48,0.83,2.63,0.21
2002-11-01,600615,319.73,317.98,321.92,312.28,1050,1003357.0,3.01,-0.68,-2.19,0.23
2002-11-04,600615,320.17,323.24,323.24,315.79,1664,1608481.0,2.34,1.65,5.26,0.36
2002-11-05,600615,322.36,335.5,339.88,321.48,4550,4536496.0,5.69,3.79,12.26,0.98
2002-11-06,600615,334.19,337.25,340.76,334.19,2269,2281685.0,1.96,0.52,1.75,0.49
2002-11-07,600615,335.06,332.43,339.88,330.68,1552,1549673.0,2.73,-1.43,-4.82,0.33
2002-11-08,600615,335.5,318.86,338.57,314.91,2943,2873998.0,7.12,-4.08,-13.57,0.63
2002-11-11,600615,323.24,314.04,323.24,311.85,1108,1059344.0,3.57,-1.51,-4.82,0.24
2002-11-12,600615,316.67,295.64,316.67,293.89,2994,2765776.0,7.25,-5.86,-18.4,0.64
2002-11-13,600615,294.76,295.2,296.95,283.81,2479,2233153.0,4.44,-0.15,-0.44,0.53
2002-11-14,600615,287.32,278.12,293.01,277.68,1652,1468923.0,5.19,-5.79,-17.08,0.36
2002-11-15,600615,278.12,281.62,290.38,270.67,1375,1212254.0,7.09,1.26,3.5,0.3
2002-11-18,600615,271.98,280.31,286.0,271.98,1041,905387.0,4.98,-0.47,-1.31,0.22
2002-11-19,600615,280.31,293.01,296.95,279.43,3575,3222528.0,6.25,4.53,12.7,0.77
2002-11-20,600615,282.94,280.31,286.88,275.05,2107,1845029.0,4.04,-4.33,-12.7,0.45
2002-11-21,600615,273.74,264.1,280.75,260.59,2245,1910418.0,7.19,-5.78,-16.21,0.48
2002-11-22,600615,270.67,274.61,285.13,264.98,5358,4646451.0,7.63,3.98,10.51,1.15
2002-11-25,600615,277.24,280.31,283.81,273.74,2660,2329617.0,3.67,2.08,5.7,0.57
2002-11-26,600615,281.62,268.48,284.69,266.29,2356,2030393.0,6.56,-4.22,-11.83,0.51
2002-11-27,600615,267.6,264.98,270.67,250.96,3258,2704415.0,7.34,-1.3,-3.5,0.7
2002-11-28,600615,263.66,277.24,277.24,263.66,3299,2839335.0,5.12,4.63,12.26,0.71
2002-11-29,600615,275.05,286.0,296.51,274.17,6958,6224080.0,8.06,3.16,8.76,1.5
2002-12-02,600615,281.18,268.92,285.13,268.92,2469,2146219.0,5.67,-5.97,-17.08,0.53
2002-12-03,600615,269.36,275.93,276.8,268.48,1561,1344863.0,3.09,2.61,7.01,0.34
2002-12-04,600615,279.43,278.12,288.19,276.36,5377,4758621.0,4.29,0.79,2.19,1.16
2002-12-05,600615,276.36,277.24,278.12,268.04,1871,1601723.0,3.62,-0.32,-0.88,0.4
2002-12-06,600615,275.05,276.8,286.0,269.79,1484,1298927.0,5.85,-0.16,-0.44,0.32
2002-12-09,600615,272.86,273.74,281.62,272.86,1173,1018944.0,3.16,-1.11,-3.06,0.25
2002-12-10,600615,274.61,270.67,277.24,264.1,2082,1772622.0,4.8,-1.12,-3.07,0.45
2002-12-11,600615,267.6,267.6,270.23,261.47,942,791945.0,3.24,-1.13,-3.07,0.2
2002-12-12,600615,274.17,273.3,278.99,265.41,1489,1277741.0,5.07,2.13,5.7,0.32
2002-12-13,600615,272.86,283.81,288.19,263.22,5055,4413934.0,9.14,3.85,10.51,1.09
2002-12-16,600615,283.81,286.0,289.51,277.24,4473,3974309.0,4.32,0.77,2.19,0.96
2002-12-17,600615,283.81,303.09,307.9,278.99,7648,6929980.0,10.11,5.98,17.09,1.64
2002-12-18,600615,300.02,298.71,310.09,296.51,11227,10421477.0,4.48,-1.45,-4.38,2.41
2002-12-19,600615,298.27,298.27,301.33,289.94,4388,3985568.0,3.81,-0.15,-0.44,0.94
2002-12-20,600615,299.14,300.02,304.4,293.45,3020,2780044.0,3.67,0.59,1.75,0.65
2002-12-23,600615,302.65,299.58,303.52,294.76,2586,2378470.0,2.92,-0.15,-0.44,0.56
2002-12-24,600615,298.27,303.09,303.09,290.82,2900,2653167.0,4.1,1.17,3.51,0.62
2002-12-25,600615,301.33,296.08,311.85,295.64,3227,3013112.0,5.35,-2.31,-7.01,0.69
2002-12-26,600615,293.45,274.61,297.39,271.98,3707,3288047.0,8.58,-7.25,-21.47,0.8
2002-12-27,600615,274.61,274.61,279.43,269.36,2110,1823953.0,3.67,0.0,0.0,0.45
2002-12-30,600615,271.11,261.91,272.86,257.53,2114,1793868.0,5.58,-4.62,-12.7,0.45
2002-12-31,600615,267.6,259.72,268.48,258.84,1399,1172572.0,3.68,-0.84,-2.19,0.3
2003-01-02,600615,260.16,254.9,264.1,250.96,2091,1713284.0,5.06,-1.86,-4.82,0.45
2003-01-03,600615,248.33,254.46,257.53,247.89,1086,886875.0,3.78,-0.17,-0.44,0.23
2003-01-06,600615,253.59,263.22,263.22,253.59,1002,831580.0,3.78,3.44,8.76,0.22
2003-01-08,600615,259.72,275.05,277.24,258.4,2666,2267077.0,7.16,4.49,11.83,0.57
2003-01-09,600615,277.24,280.75,283.81,268.48,4372,3797105.0,5.57,2.07,5.7,0.94
2003-01-10,600615,280.75,274.61,283.37,273.74,3153,2765870.0,3.43,-2.19,-6.14,0.68
2003-01-13,600615,268.48,273.74,277.24,267.6,1230,1059421.0,3.51,-0.32,-0.87,0.26
2003-01-14,600615,275.93,291.26,299.14,273.3,6354,5684617.0,9.44,6.4,17.52,1.37
2003-01-15,600615,292.57,292.57,307.03,288.19,7647,7011971.0,6.47,0.45,1.31,1.64
2003-01-16,600615,301.33,302.65,302.65,290.82,3919,3592964.0,4.04,3.45,10.08,0.84
2003-01-17,600615,305.71,299.14,308.78,298.27,4198,3894111.0,3.47,-1.16,-3.51,0.9
2003-01-20,600615,299.14,300.9,300.9,290.82,2826,2568742.0,3.37,0.59,1.76,0.61
2003-01-21,600615,303.52,303.52,332.0,303.52,13785,13214048.0,9.46,0.87,2.62,2.96
2003-01-22,600615,299.14,301.33,303.52,293.01,4332,3968560.0,3.46,-0.72,-2.19,0.93
2003-01-23,600615,298.71,292.57,302.21,289.94,3557,3243306.0,4.07,-2.91,-8.76,0.76
2003-01-24,600615,290.38,298.27,298.71,289.07,2055,1869508.0,3.29,1.95,5.7,0.44
2003-01-27,600615,303.52,301.77,305.71,298.27,2318,2147210.0,2.49,1.17,3.5,0.5
2003-01-28,600615,301.77,301.77,303.52,298.27,1844,1702719.0,1.74,0.0,0.0,0.4
2003-01-29,600615,300.46,299.58,305.28,299.14,1693,1565217.0,2.03,-0.73,-2.19,0.36
2003-02-10,600615,297.83,294.76,297.83,293.45,987,898342.0,1.46,-1.61,-4.82,0.21
2003-02-11,600615,296.08,300.9,301.33,294.76,1174,1078117.0,2.23,2.08,6.14,0.25
2003-02-12,600615,301.77,307.9,308.34,296.95,2838,2645435.0,3.79,2.33,7.0,0.61
2003-02-13,600615,312.28,307.9,321.05,306.15,6816,6481271.0,4.84,0.0,0.0,1.47
2003-02-14,600615,307.9,311.85,314.47,304.84,2818,2668665.0,3.13,1.28,3.95,0.61
2003-02-17,600615,312.28,307.9,319.29,304.84,3535,3362186.0,4.63,-1.27,-3.95,0.76
2003-02-18,600615,307.9,304.84,307.9,303.52,1859,1735054.0,1.42,-0.99,-3.06,0.4
2003-02-19,600615,304.84,307.47,308.34,302.65,1825,1704002.0,1.87,0.86,2.63,0.39
2003-02-20,600615,309.22,309.66,311.85,306.15,2353,2220967.0,1.85,0.71,2.19,0.51
2003-02-21,600615,312.28,296.08,312.28,294.76,2610,2403768.0,5.66,-4.39,-13.58,0.56
2003-02-24,600615,294.76,294.76,296.95,291.7,1516,1381442.0,1.77,-0.45,-1.32,0.33
2003-02-25,600615,294.32,305.28,305.28,293.89,2095,1943238.0,3.86,3.57,10.52,0.45
2003-02-26,600615,305.28,303.52,307.47,300.46,1391,1293118.0,2.3,-0.58,-1.76,0.3
2003-02-27,600615,302.21,302.65,306.15,300.02,1228,1139153.0,2.02,-0.29,-0.87,0.26
2003-02-28,600615,300.46,297.83,302.65,294.76,1368,1255910.0,2.61,-1.59,-4.82,0.29
2003-03-03,600615,299.14,304.4,305.71,297.83,1460,1349861.0,2.65,2.21,6.57,0.31
2003-03-04,600615,304.84,310.09,316.67,304.84,9162,8697740.0,3.89,1.87,5.69,1.97
2003-03-05,600615,303.52,306.15,308.78,302.21,2220,2065872.0,2.12,-1.27,-3.94,0.48
2003-03-06,600615,303.52,302.65,315.35,301.33,4605,4337966.0,4.58,-1.14,-3.5,0.99
2003-03-07,600615,299.14,299.58,306.59,296.51,2386,2204448.0,3.33,-1.01,-3.07,0.51
2003-03-10,600615,299.14,298.27,306.15,297.39,3715,3437397.0,2.92,-0.44,-1.31,0.8
2003-03-11,600615,299.14,289.94,299.14,289.51,3628,3277679.0,3.23,-2.79,-8.33,0.78
2003-03-12,600615,289.94,282.94,289.94,278.12,3135,2767803.0,4.08,-2.41,-7.0,0.67
2003-03-13,600615,282.5,281.18,286.88,281.18,1123,995192.0,2.01,-0.62,-1.76,0.24
2003-03-14,600615,281.18,279.87,282.5,275.05,1139,997174.0,2.65,-0.47,-1.31,0.24
2003-03-17,600615,279.87,280.75,286.0,269.36,745,646156.0,5.95,0.31,0.88,0.16
2003-03-18,600615,281.18,274.17,284.69,266.29,2132,1840206.0,6.55,-2.34,-6.58,0.46
2003-03-19,600615,272.86,276.36,279.43,268.92,1115,957402.0,3.83,0.8,2.19,0.24
2003-03-20,600615,271.11,271.98,276.36,267.17,1427,1221141.0,3.33,-1.58,-4.38,0.31
2003-03-21,600615,271.98,275.05,279.43,271.98,972,840622.0,2.74,1.13,3.07,0.21
2003-03-24,600615,276.36,279.87,280.31,273.74,1091,947407.0,2.39,1.75,4.82,0.23
2003-03-25,600615,276.36,274.61,280.31,271.55,819,704861.0,3.13,-1.88,-5.26,0.18
2003-03-26,600615,273.3,274.17,275.93,269.36,624,534510.0,2.39,-0.16,-0.44,0.13
2003-03-27,600615,268.92,282.94,285.13,267.17,2000,1743836.0,6.55,3.2,8.77,0.43
2003-03-28,600615,279.43,278.99,284.69,277.24,1914,1675537.0,2.63,-1.4,-3.95,0.41
2003-03-31,600615,275.49,279.87,283.81,275.49,1561,1362273.0,2.98,0.32,0.88,0.34
2003-04-01,600615,281.62,282.5,283.81,278.55,4188,3673033.0,1.88,0.94,2.63,0.9
2003-04-02,600615,282.5,279.43,284.25,279.43,1870,1642969.0,1.71,-1.09,-3.07,0.4
2003-04-03,600615,281.62,273.3,281.62,271.55,1778,1538192.0,3.6,-2.19,-6.13,0.38
2003-04-04,600615,281.18,275.49,281.62,271.98,1768,1524493.0,3.53,0.8,2.19,0.38
2003-04-07,600615,276.36,267.6,276.36,266.73,2359,2012886.0,3.5,-2.86,-7.89,0.51
2003-04-08,600615,264.1,254.9,265.41,250.96,4410,3608204.0,5.4,-4.75,-12.7,0.95
2003-04-09,600615,253.59,237.82,253.59,233.87,11682,9158923.0,7.74,-6.7,-17.08,2.51
2003-04-10,600615,236.94,241.32,243.95,229.06,7442,5759678.0,6.26,1.47,3.5,1.6
2003-04-11,600615,240.01,235.19,241.32,232.56,6447,4986489.0,3.63,-2.54,-6.13,1.39
2003-04-14,600615,232.56,246.14,246.58,226.87,12568,9786339.0,8.38,4.66,10.95,2.7
2003-04-15,600615,246.58,254.46,255.34,243.07,10198,8251981.0,4.98,3.38,8.32,2.19
2003-04-16,600615,255.34,237.38,255.78,235.19,8973,7154847.0,8.09,-6.71,-17.08,1.93
2003-04-17,600615,233.44,237.82,241.76,233.44,4511,3501498.0,3.5,0.19,0.44,0.97
2003-04-18,600615,228.18,226.87,233.44,220.73,10129,7629518.0,5.34,-4.6,-10.95,2.18
2003-04-21,600615,225.99,233.44,235.63,224.68,6410,4893984.0,4.83,2.9,6.57,1.38
2003-04-22,600615,233.44,230.81,233.87,229.06,2845,2175975.0,2.06,-1.13,-2.63,0.61
2003-04-23,600615,229.06,209.78,229.06,206.28,8418,6129429.0,9.87,-9.11,-21.03,1.81
2003-04-24,600615,207.15,201.9,209.78,201.46,7078,4988940.0,3.97,-3.76,-7.88,1.52
2003-04-25,600615,200.58,193.57,207.15,190.95,6226,4274022.0,8.02,-4.13,-8.33,1.34
2003-04-28,600615,193.57,185.25,194.01,174.74,7010,4606534.0,9.96,-4.3,-8.32,1.51
2003-04-29,600615,186.56,188.32,202.33,176.93,9358,6338578.0,13.71,1.66,3.07,2.01
2003-05-12,600615,178.68,173.86,179.99,173.86,2139,1360149.0,3.26,-7.68,-14.46,0.46
2003-05-13,600615,159.84,159.84,159.84,159.84,2190,1318380.0,0.0,-8.06,-14.02,0.47
2003-05-14,600615,146.7,163.79,170.36,146.7,20172,11968642.0,14.8,2.47,3.95,4.34
2003-05-15,600615,159.84,169.04,170.36,154.59,10608,6462581.0,9.63,3.21,5.25,2.28
2003-05-16,600615,168.17,165.54,169.04,161.6,6220,3816979.0,4.4,-2.07,-3.5,1.34
2003-05-19,600615,164.66,174.3,179.12,160.28,10659,6736263.0,11.38,5.29,8.76,2.29
2003-05-20,600615,174.3,176.93,178.68,171.23,9733,6212429.0,4.27,1.51,2.63,2.09
2003-05-21,600615,176.93,182.18,183.06,170.36,10768,6951178.0,7.18,2.97,5.25,2.32
2003-05-22,600615,183.06,179.56,187.0,179.12,6734,4390603.0,4.33,-1.44,-2.62,1.45
2003-05-23,600615,180.87,174.74,181.75,170.8,8649,5512687.0,6.1,-2.68,-4.82,1.86
2003-05-26,600615,174.74,179.12,184.37,172.99,4648,3004254.0,6.51,2.51,4.38,1.0
2003-05-27,600615,178.68,183.94,187.0,178.68,7983,5217665.0,4.64,2.69,4.82,1.72
2003-05-28,600615,185.69,187.0,197.52,183.06,15591,10514894.0,7.86,1.66,3.06,3.35
2003-05-29,600615,191.82,183.5,191.82,176.05,8422,5491873.0,8.43,-1.87,-3.5,1.81
2003-05-30,600615,183.5,184.81,189.19,181.31,5324,3507777.0,4.29,0.71,1.31,1.14
2003-06-02,600615,185.69,193.14,194.01,184.81,7851,5271678.0,4.98,4.51,8.33,1.69
2003-06-03,600615,193.14,197.52,206.28,190.95,21145,14727110.0,7.94,2.27,4.38,4.55
2003-06-04,600615,195.76,188.76,196.2,187.0,10477,7052868.0,4.66,-4.43,-8.76,2.25
2003-06-05,600615,187.44,203.21,203.21,187.0,15638,10851260.0,8.59,7.66,14.45,3.36
2003-06-06,600615,208.91,196.2,216.79,195.76,20785,14670206.0,10.35,-3.45,-7.01,4.47
2003-06-09,600615,194.01,190.51,206.72,190.07,11360,7822201.0,8.49,-2.9,-5.69,2.44
2003-06-10,600615,189.63,190.07,192.7,182.18,7799,5178355.0,5.52,-0.23,-0.44,1.68
2003-06-11,600615,190.07,196.2,201.9,188.76,5558,3798746.0,6.91,3.23,6.13,1.2
2003-06-12,600615,195.76,202.77,206.28,195.76,11471,8006689.0,5.36,3.35,6.57,2.47
2003-06-13,600615,201.02,202.77,206.28,195.33,10907,7618611.0,5.4,0.0,0.0,2.35
2003-06-16,600615,202.77,210.66,218.1,201.46,21702,15722086.0,8.21,3.89,7.89,4.67
2003-06-17,600615,207.15,211.53,215.91,203.65,14065,10052392.0,5.82,0.41,0.87,3.02
2003-06-18,600615,211.53,211.1,217.67,206.28,9945,7186419.0,5.38,-0.2,-0.43,2.14
2003-06-19,600615,207.59,208.47,216.35,204.96,10829,7713326.0,5.4,-1.25,-2.63,2.33
2003-06-20,600615,207.15,204.09,210.66,201.46,7029,4956870.0,4.41,-2.1,-4.38,1.51
2003-06-23,600615,201.02,189.63,201.02,189.63,7240,4918830.0,5.58,-7.09,-14.46,1.56
2003-06-24,600615,187.88,191.82,191.82,187.0,3986,2669034.0,2.54,1.15,2.19,0.86
2003-06-25,600615,192.7,189.63,200.58,188.76,3387,2304664.0,6.16,-1.14,-2.19,0.73
2003-06-26,600615,189.63,184.81,189.63,176.49,5443,3564875.0,6.93,-2.54,-4.82,1.17
2003-06-27,600615,182.62,177.8,184.37,177.8,3866,2504340.0,3.56,-3.79,-7.01,0.83
2003-06-30,600615,176.49,163.79,176.49,163.79,6400,3966822.0,7.14,-7.88,-14.01,1.38
2003-07-01,600615,159.84,164.66,175.61,159.84,5310,3310700.0,9.63,0.53,0.87,1.14
2003-07-02,600615,163.35,168.6,168.6,162.03,1970,1212545.0,3.99,2.39,3.94,0.42
2003-07-03,600615,170.36,172.99,175.18,165.54,2423,1523990.0,5.72,2.6,4.39,0.52
2003-07-04,600615,172.11,168.17,175.61,167.73,2576,1608620.0,4.56,-2.79,-4.82,0.55
2003-07-07,600615,168.17,161.6,168.17,161.16,3451,2100077.0,4.17,-3.91,-6.57,0.74
2003-07-08,600615,165.98,166.85,166.85,160.28,2026,1242309.0,4.07,3.25,5.25,0.44
2003-07-09,600615,168.17,164.22,168.17,163.35,2138,1311404.0,2.89,-1.58,-2.63,0.46
2003-07-10,600615,164.22,165.98,166.85,161.16,2980,1818372.0,3.46,1.07,1.76,0.64
2003-07-11,600615,166.41,169.92,170.36,165.98,3723,2314616.0,2.64,2.37,3.94,0.8
2003-07-14,600615,173.42,173.86,173.86,169.04,3566,2246232.0,2.84,2.32,3.94,0.77
2003-07-15,600615,173.86,173.86,175.61,170.36,3031,1920915.0,3.02,0.0,0.0,0.65
2003-07-16,600615,174.3,178.68,179.12,171.67,5554,3556214.0,4.29,2.77,4.82,1.19
2003-07-17,600615,178.68,176.05,178.68,172.55,4101,2605703.0,3.43,-1.47,-2.63,0.88
2003-07-18,600615,176.49,177.37,180.87,172.99,10396,6718458.0,4.48,0.75,1.32,2.24
2003-07-21,600615,176.05,191.38,191.38,172.55,16830,11164109.0,10.62,7.9,14.01,3.62
2003-07-22,600615,191.38,185.25,202.77,184.81,25299,17128671.0,9.38,-3.2,-6.13,5.44
2003-07-23,600615,183.94,180.87,191.38,177.8,21862,14272759.0,7.33,-2.36,-4.38,4.7
2003-07-24,600615,172.99,166.85,172.99,166.85,3043,1881879.0,3.39,-7.75,-14.02,0.65
2003-07-25,600615,153.27,153.27,153.27,153.27,3917,2299279.0,0.0,-8.14,-13.58,0.84
2003-07-28,600615,141.45,159.84,162.47,140.57,24965,14338161.0,14.29,4.29,6.57,5.37
2003-07-29,600615,152.84,165.1,169.48,151.08,19347,11765810.0,11.51,3.29,5.26,4.16
2003-07-30,600615,169.04,153.71,177.37,151.52,31596,19179124.0,15.66,-6.9,-11.39,6.79
2003-07-31,600615,151.52,141.45,152.4,141.01,17774,10026967.0,7.41,-7.98,-12.26,3.82
2003-08-01,600615,139.26,143.2,146.7,134.88,6856,3848692.0,8.36,1.24,1.75,1.47
2003-08-04,600615,141.45,145.83,149.33,137.94,8749,4962804.0,7.95,1.84,2.63,1.88
2003-08-05,600615,144.95,146.7,148.02,143.64,4484,2559211.0,3.0,0.6,0.87,0.96
2003-08-06,600615,147.58,143.64,149.33,141.01,5896,3325587.0,5.67,-2.09,-3.06,1.27
2003-08-07,600615,145.39,151.96,154.15,142.32,10960,6354757.0,8.24,5.79,8.32,2.36
2003-08-08,600615,151.96,148.02,157.65,147.58,6605,3860718.0,6.63,-2.59,-3.94,1.42
2003-08-11,600615,147.14,150.21,150.64,145.83,3623,2084242.0,3.25,1.48,2.19,0.78
2003-08-12,600615,149.77,150.64,152.84,146.26,2903,1682570.0,4.38,0.29,0.43,0.62
2003-08-13,600615,150.64,142.32,150.64,141.88,3854,2188973.0,5.82,-5.52,-8.32,0.83
2003-08-14,600615,141.45,137.5,144.51,136.63,4862,2700798.0,5.54,-3.39,-4.82,1.05
2003-08-15,600615,137.5,137.5,143.2,135.75,3295,1824811.0,5.42,0.0,0.0,0.71
2003-08-18,600615,137.07,139.69,142.76,136.63,2544,1413075.0,4.46,1.59,2.19,0.55
2003-08-19,600615,136.63,142.76,145.39,136.63,5352,3018065.0,6.27,2.2,3.07,1.15
2003-08-20,600615,143.2,141.88,145.39,137.94,2939,1652191.0,5.22,-0.62,-0.88,0.63
2003-08-21,600615,141.01,138.82,141.01,137.5,3825,2117914.0,2.47,-2.16,-3.06,0.82
2003-08-22,600615,138.82,128.3,141.45,126.55,11801,6359136.0,10.73,-7.58,-10.52,2.54
2003-08-25,600615,124.36,119.98,126.11,119.11,6438,3312410.0,5.46,-6.48,-8.32,1.38
2003-08-26,600615,119.98,124.36,128.74,119.54,5551,2900764.0,7.67,3.65,4.38,1.19
2003-08-27,600615,126.11,129.62,131.81,122.61,5724,3028569.0,7.4,4.23,5.26,1.23
2003-08-28,600615,141.45,126.99,141.45,125.68,6495,3520356.0,12.17,-2.03,-2.63,1.4
2003-08-29,600615,126.11,124.8,128.3,119.98,5222,2702975.0,6.55,-1.72,-2.19,1.12
2003-09-01,600615,122.61,129.18,130.06,122.17,4200,2204349.0,6.32,3.51,4.38,0.9
2003-09-02,600615,126.99,128.3,130.93,125.68,2460,1300559.0,4.06,-0.68,-0.88,0.53
2003-09-03,600615,127.87,130.93,131.81,125.68,5155,2732217.0,4.78,2.05,2.63,1.11
2003-09-04,600615,128.74,131.81,133.12,128.74,4835,2600575.0,3.35,0.67,0.88,1.04
2003-09-05,600615,132.25,126.11,132.25,126.11,3335,1768030.0,4.66,-4.32,-5.7,0.72
2003-09-08,600615,126.11,125.68,128.3,123.92,2063,1079089.0,3.47,-0.34,-0.43,0.44
2003-09-09,600615,124.8,126.55,128.3,124.8,1111,584791.0,2.78,0.69,0.87,0.24
2003-09-10,600615,126.55,129.62,130.49,125.68,2437,1293771.0,3.8,2.43,3.07,0.52
2003-09-11,600615,129.18,129.18,133.56,126.99,2624,1405110.0,5.07,-0.34,-0.44,0.56
2003-09-12,600615,129.62,123.92,129.62,122.61,2911,1520041.0,5.43,-4.07,-5.26,0.63
2003-09-15,600615,122.17,114.72,124.8,114.29,4233,2147529.0,8.48,-7.42,-9.2,0.91
2003-09-16,600615,114.29,117.35,117.79,112.97,2050,1030613.0,4.2,2.29,2.63,0.44
2003-09-17,600615,117.35,115.16,118.67,114.72,2305,1158132.0,3.37,-1.87,-2.19,0.5
2003-09-18,600615,115.16,118.67,120.42,115.16,2772,1402283.0,4.57,3.05,3.51,0.6
2003-09-19,600615,114.29,117.79,119.54,114.29,2141,1075213.0,4.42,-0.74,-0.88,0.46
2003-09-22,600615,118.67,118.67,119.54,115.6,2605,1320796.0,3.34,0.75,0.88,0.56
2003-09-23,600615,118.67,127.87,127.87,118.67,8663,4528889.0,7.75,7.75,9.2,1.86
2003-09-24,600615,126.11,122.17,126.11,119.54,3875,1994565.0,5.14,-4.46,-5.7,0.83
2003-09-25,600615,119.98,116.04,122.17,115.16,3497,1770368.0,5.74,-5.02,-6.13,0.75
2003-09-26,600615,116.04,115.16,118.23,113.41,2158,1078914.0,4.15,-0.76,-0.88,0.46
2003-09-29,600615,114.72,107.28,114.72,105.53,3056,1480199.0,7.98,-6.84,-7.88,0.66
2003-09-30,600615,107.28,103.34,107.72,98.96,2923,1380708.0,8.17,-3.67,-3.94,0.63
2003-10-08,600615,100.71,105.09,107.72,100.71,915,437023.0,6.78,1.69,1.75,0.2
2003-10-09,600615,102.46,104.65,105.96,102.02,849,403818.0,3.75,-0.42,-0.44,0.18
2003-10-10,600615,105.53,107.72,108.15,101.15,2527,1205401.0,6.69,2.93,3.07,0.54
2003-10-13,600615,107.72,108.15,109.91,105.96,2139,1033534.0,3.67,0.4,0.43,0.46
2003-10-14,600615,109.03,107.72,110.78,105.96,1462,708526.0,4.46,-0.4,-0.43,0.31
2003-10-15,600615,107.72,111.22,117.35,106.4,6890,3403227.0,10.17,3.25,3.5,1.48
2003-10-16,600615,109.91,100.27,109.91,100.27,4403,2088567.0,8.67,-9.85,-10.95,0.95
2003-10-17,600615,99.83,99.39,102.02,95.89,2407,1111998.0,6.11,-0.88,-0.88,0.52
2003-10-20,600615,96.77,96.77,102.02,96.33,1013,467593.0,5.72,-2.64,-2.62,0.22
2003-10-21,600615,97.2,97.64,102.02,93.26,1402,639070.0,9.05,0.9,0.87,0.3
2003-10-22,600615,97.64,100.27,101.15,93.7,2494,1153867.0,7.63,2.69,2.63,0.54
2003-10-23,600615,101.15,95.01,101.58,95.01,1730,798502.0,6.55,-5.25,-5.26,0.37
2003-10-24,600615,95.01,84.94,95.89,84.94,7520,3280862.0,11.53,-10.6,-10.07,1.62
2003-10-27,600615,83.62,77.05,84.06,76.18,3584,1493060.0,9.28,-9.29,-7.89,0.77
2003-10-28,600615,77.93,70.04,81.87,67.85,3866,1558171.0,18.2,-9.1,-7.01,0.83
2003-10-29,600615,71.36,65.66,72.67,63.91,4181,1634930.0,12.51,-6.25,-4.38,0.9
2003-10-30,600615,62.6,63.91,64.79,59.09,3274,1239520.0,8.68,-2.67,-1.75,0.7
2003-10-31,600615,63.04,68.73,72.23,63.04,9040,3609199.0,14.38,7.54,4.82,1.94
2003-11-03,600615,69.17,70.92,72.67,61.28,2791,1104235.0,16.57,3.19,2.19,0.6
2003-11-04,600615,69.61,73.55,73.99,69.17,6088,2439297.0,6.8,3.71,2.63,1.31
2003-11-05,600615,73.99,66.98,73.99,64.79,2950,1162401.0,12.51,-8.93,-6.57,0.63
2003-11-06,600615,63.91,58.65,65.23,58.65,4445,1659533.0,9.82,-12.44,-8.33,0.96
2003-11-07,600615,56.03,52.96,56.03,50.33,5775,2049133.0,9.72,-9.7,-5.69,1.24
2003-11-10,600615,50.33,50.33,50.33,45.51,2845,985587.0,9.1,-4.97,-2.63,0.61
2003-11-11,600615,50.33,53.4,55.59,48.58,3112,1112177.0,13.93,6.1,3.07,0.67
2003-11-12,600615,52.52,49.46,52.96,46.39,2950,1037400.0,12.3,-7.38,-3.94,0.63
2003-11-13,600615,42.89,49.89,52.52,42.01,3601,1247587.0,21.25,0.87,0.43,0.77
2003-11-14,600615,49.89,54.27,55.15,47.7,4113,1459435.0,14.93,8.78,4.38,0.88
2003-11-17,600615,54.27,52.08,55.15,49.46,3979,1403695.0,10.48,-4.04,-2.19,0.86
2003-11-18,600615,51.65,51.65,54.71,49.89,2529,901819.0,9.25,-0.83,-0.43,0.54
2003-11-19,600615,50.33,54.71,56.03,47.27,3979,1421350.0,16.96,5.92,3.06,0.86
2003-11-20,600615,53.84,59.97,60.41,53.4,6748,2483687.0,12.81,9.61,5.26,1.45
2003-11-21,600615,59.09,56.9,63.47,55.15,4952,1837635.0,13.87,-5.12,-3.07,1.06
2003-11-24,600615,54.71,62.16,62.6,54.71,3962,1483565.0,13.87,9.24,5.26,0.85
2003-11-25,600615,61.72,69.17,70.48,61.72,10706,4167680.0,14.09,11.28,7.01,2.3
2003-11-26,600615,66.98,65.66,69.61,63.47,5859,2283369.0,8.88,-5.07,-3.51,1.26
2003-11-27,600615,66.1,58.65,70.48,57.78,6538,2504771.0,19.34,-10.68,-7.01,1.41
2003-11-28,600615,57.34,57.78,64.79,56.03,4178,1556405.0,14.94,-1.48,-0.87,0.9
2003-12-01,600615,57.78,62.6,63.91,57.34,5054,1900511.0,11.37,8.34,4.82,1.09
2003-12-03,600615,66.98,66.54,70.92,63.91,7441,2889122.0,11.2,6.29,3.94,1.6
2003-12-04,600615,66.1,64.35,67.85,62.6,5645,2179255.0,7.89,-3.29,-2.19,1.21
2003-12-05,600615,64.35,67.42,68.73,63.47,5252,2045615.0,8.17,4.77,3.07,1.13
2003-12-08,600615,66.98,71.36,73.55,66.1,9046,3613455.0,11.05,5.84,3.94,1.95
2003-12-09,600615,70.92,64.79,72.23,62.6,4576,1782742.0,13.49,-9.21,-6.57,0.98
2003-12-10,600615,64.79,65.23,66.1,61.72,4011,1533972.0,6.76,0.68,0.44,0.86
2003-12-11,600615,65.66,64.79,66.54,63.47,2699,1040489.0,4.71,-0.67,-0.44,0.58
2003-12-12,600615,63.91,67.42,69.61,63.47,5815,2277624.0,9.48,4.06,2.63,1.25
2003-12-15,600615,68.29,68.29,69.61,65.23,3245,1272971.0,6.5,1.29,0.87,0.7
2003-12-16,600615,66.98,67.85,70.04,64.79,5678,2222948.0,7.69,-0.64,-0.44,1.22
2003-12-17,600615,63.04,59.53,69.61,59.09,14003,5280000.0,15.5,-12.26,-8.32,3.01
2003-12-18,600615,59.09,51.21,59.53,51.21,7482,2683630.0,13.98,-13.98,-8.32,1.61
2003-12-19,600615,45.51,43.32,48.58,43.32,4438,1498011.0,10.27,-15.41,-7.89,0.95
2003-12-22,600615,35.88,39.38,41.57,35.88,9195,2946288.0,13.13,-9.1,-3.94,1.98
2003-12-23,600615,38.5,39.82,40.69,37.19,4302,1403948.0,8.89,1.12,0.44,0.93
2003-12-24,600615,40.69,41.13,46.83,38.94,6791,2279628.0,19.81,3.29,1.31,1.46
2003-12-25,600615,41.57,39.82,43.32,36.31,3790,1236299.0,17.04,-3.19,-1.31,0.82
2003-12-26,600615,39.82,42.01,42.89,38.94,3718,1231838.0,9.92,5.5,2.19,0.8
2003-12-29,600615,40.69,39.38,44.2,38.5,3270,1083595.0,13.57,-6.26,-2.63,0.7
2003-12-30,600615,38.5,32.37,38.5,32.37,5955,1859888.0,15.57,-17.8,-7.01,1.28
2003-12-31,600615,27.99,29.74,35.88,25.36,11244,3375797.0,32.5,-8.12,-2.63,2.42
2004-01-02,600615,27.55,31.93,32.37,27.55,4797,1470017.0,16.21,7.36,2.19,1.03
2004-01-05,600615,31.06,27.55,34.12,27.55,6968,2122940.0,20.58,-13.72,-4.38,1.5
2004-01-06,600615,27.12,31.5,32.81,22.3,9670,2914659.0,38.15,14.34,3.95,2.08
2004-01-07,600615,31.06,29.31,31.5,27.99,6115,1861735.0,11.14,-6.95,-2.19,1.32
2004-01-08,600615,30.62,29.31,30.62,27.55,5938,1799390.0,10.47,0.0,0.0,1.28
2004-01-09,600615,28.43,31.5,32.37,28.43,7267,2231343.0,13.44,7.47,2.19,1.56
2004-01-12,600615,32.81,31.06,35.44,30.18,7663,2378955.0,16.7,-1.4,-0.44,1.65
2004-01-13,600615,31.06,33.25,33.69,30.62,6044,1876249.0,9.88,7.05,2.19,1.3
2004-01-14,600615,33.25,34.56,36.31,30.62,8657,2712563.0,17.11,3.94,1.31,1.86
2004-01-15,600615,32.37,27.55,33.69,27.55,14519,4410471.0,17.77,-20.28,-7.01,3.12
2004-01-16,600615,25.36,27.55,29.31,23.17,7833,2322456.0,22.29,0.0,0.0,1.68
2004-01-29,600615,27.55,30.18,31.5,26.68,5471,1668613.0,17.5,9.55,2.63,1.18
2004-01-30,600615,30.18,36.75,36.75,29.74,14182,4526585.0,23.23,21.77,6.57,3.05
2004-02-02,600615,37.63,39.38,40.26,34.56,8972,2901503.0,15.51,7.16,2.63,1.93
2004-02-03,600615,39.38,43.32,44.64,38.94,9409,3136551.0,14.47,10.01,3.94,2.02
2004-02-04,600615,43.32,50.77,50.77,43.32,14083,4879399.0,17.2,17.2,7.45,3.03
2004-02-05,600615,51.65,58.65,58.65,50.77,14424,5288141.0,15.52,15.52,7.88,3.1
2004-02-06,600615,62.16,50.77,65.66,50.33,24218,8939499.0,26.14,-13.44,-7.88,5.21
2004-02-09,600615,49.46,58.65,58.65,45.51,10154,3648539.0,25.88,15.52,7.88,2.18
2004-02-10,600615,60.41,64.35,66.98,56.46,19407,7361844.0,17.94,9.72,5.7,4.17
2004-02-11,600615,64.79,67.42,68.73,62.16,13933,5388168.0,10.21,4.77,3.07,3.0
2004-02-12,600615,68.73,76.18,76.18,66.1,23702,9645274.0,14.95,12.99,8.76,5.1
2004-02-13,600615,80.56,66.98,81.43,66.98,19141,7574019.0,18.97,-12.08,-9.2,4.12
2004-02-16,600615,64.79,67.42,69.17,58.65,11188,4271934.0,15.71,0.66,0.44,2.41
2004-02-17,600615,67.42,67.42,71.8,63.47,7415,2878355.0,12.36,0.0,0.0,1.59
2004-02-18,600615,66.1,66.54,69.17,63.47,8579,3333643.0,8.45,-1.31,-0.88,1.85
2004-02-19,600615,66.1,70.04,70.92,64.79,13205,5209742.0,9.21,5.26,3.5,2.84
2004-02-20,600615,70.04,77.05,78.81,70.04,18658,7654438.0,12.52,10.01,7.01,4.01
2004-02-23,600615,77.93,79.68,83.62,73.99,16912,7084132.0,12.5,3.41,2.63,3.64
2004-02-24,600615,79.68,73.55,80.56,72.23,12419,5054976.0,10.45,-7.69,-6.13,2.67
2004-02-25,600615,73.11,74.86,82.31,72.23,14022,5807082.0,13.7,1.78,1.31,3.02
2004-02-26,600615,73.55,66.1,74.42,66.1,10825,4243941.0,11.11,-11.7,-8.76,2.33
2004-02-27,600615,63.04,60.41,63.47,58.22,14833,5560145.0,7.94,-8.61,-5.69,3.19
2004-03-01,600615,60.41,68.73,68.73,60.41,9247,3590358.0,13.77,13.77,8.32,1.99
2004-03-02,600615,73.11,77.49,77.49,69.61,15666,6430007.0,11.47,12.75,8.76,3.37
2004-03-03,600615,85.81,78.37,85.81,72.67,31391,13140353.0,16.96,1.14,0.88,6.75
2004-03-04,600615,75.3,69.17,77.49,69.17,10564,4225826.0,10.62,-11.74,-9.2,2.27
2004-03-05,600615,67.42,74.42,77.93,62.6,21814,8835236.0,22.16,7.59,5.25,4.69
2004-03-08,600615,72.23,65.66,74.42,65.66,12703,4994164.0,11.77,-11.77,-8.76,2.73
2004-03-09,600615,66.54,73.99,73.99,66.1,16264,6556166.0,12.02,12.69,8.33,3.5
2004-03-10,600615,77.93,82.75,82.75,73.99,56282,23780458.0,11.84,11.84,8.76,12.1
2004-03-11,600615,85.81,91.95,91.95,82.75,43626,19185925.0,11.12,11.12,9.2,9.38
2004-03-12,600615,82.31,89.32,97.2,82.31,44702,19378673.0,16.19,-2.86,-2.63,9.61
2004-03-15,600615,86.69,88.0,93.26,79.68,28793,12448948.0,15.2,-1.48,-1.32,6.19
2004-03-16,600615,87.57,97.64,97.64,84.06,15900,7201940.0,15.43,10.95,9.64,3.42
2004-03-17,600615,107.72,93.26,107.72,90.63,55213,25888461.0,17.5,-4.49,-4.38,11.87
2004-03-18,600615,91.07,88.88,95.45,86.69,20269,8966585.0,9.39,-4.7,-4.38,4.36
2004-03-19,600615,88.88,90.63,93.26,87.13,12281,5431711.0,6.9,1.97,1.75,2.64
2004-03-22,600615,89.32,93.26,95.45,88.0,11566,5171317.0,8.22,2.9,2.63,2.49
2004-03-23,600615,93.26,94.57,102.02,90.63,15420,7070622.0,12.21,1.4,1.31,3.32
2004-03-24,600615,93.7,88.44,96.77,84.5,28466,12488692.0,12.97,-6.48,-6.13,6.12
2004-03-25,600615,88.88,86.69,91.07,84.5,8828,3830945.0,7.43,-1.98,-1.75,1.9
2004-03-26,600615,84.5,85.81,90.63,83.62,8075,3507402.0,8.09,-1.02,-0.88,1.74
2004-03-29,600615,84.5,77.49,86.69,77.05,13015,5484496.0,11.23,-9.7,-8.32,2.8
2004-03-30,600615,77.49,78.81,81.0,75.74,5266,2196785.0,6.79,1.7,1.32,1.13
2004-03-31,600615,75.74,76.61,79.68,71.36,14461,5898104.0,10.56,-2.79,-2.2,3.11
2004-04-01,600615,77.93,78.37,80.12,75.74,8366,3468900.0,5.72,2.3,1.76,1.8
2004-04-02,600615,78.81,78.81,81.0,77.93,7904,3304613.0,3.92,0.56,0.44,1.7
2004-04-05,600615,79.68,84.5,84.5,75.74,14582,6088951.0,11.12,7.22,5.69,3.14
2004-04-06,600615,84.5,81.43,84.5,80.12,7052,2996359.0,5.18,-3.63,-3.07,1.52
2004-04-07,600615,85.81,90.63,90.63,85.38,10335,4552368.0,6.45,11.3,9.2,2.22
2004-04-08,600615,96.77,87.13,100.27,85.81,45641,20708577.0,15.95,-3.86,-3.5,9.82
2004-04-09,600615,84.94,81.87,89.32,79.24,16682,7110268.0,11.57,-6.04,-5.26,3.59
2004-04-12,600615,83.62,79.68,85.38,79.24,6359,2707742.0,7.5,-2.67,-2.19,1.37
2004-04-13,600615,78.81,73.11,81.87,73.11,12677,5210055.0,10.99,-8.25,-6.57,2.73
2004-04-14,600615,71.36,70.04,76.61,67.42,10167,4054953.0,12.57,-4.2,-3.07,2.19
2004-04-15,600615,70.48,64.35,71.36,64.35,8520,3340123.0,10.01,-8.12,-5.69,1.83
2004-04-16,600615,64.35,58.65,65.66,56.03,10119,3757975.0,14.97,-8.86,-5.7,2.18
2004-04-19,600615,57.78,60.41,66.98,53.84,6944,2636391.0,22.4,3.0,1.76,1.49
2004-04-20,600615,60.41,68.73,68.73,59.09,6501,2504720.0,15.96,13.77,8.32,1.4
2004-04-21,600615,68.29,63.47,70.48,62.6,9182,3555772.0,11.47,-7.65,-5.26,1.97
2004-04-22,600615,63.47,62.16,66.98,61.72,7301,2800821.0,8.29,-2.06,-1.31,1.57
2004-04-23,600615,56.03,53.84,61.28,53.84,8626,3139973.0,11.97,-13.38,-8.32,1.86
2004-04-26,600615,53.84,49.89,56.46,49.89,5753,2052118.0,12.2,-7.34,-3.95,1.24
2004-04-27,600615,50.77,42.01,52.08,42.01,11574,3939565.0,20.18,-15.79,-7.88,2.49
2004-04-28,600615,40.69,45.08,48.58,37.63,11741,3933146.0,26.07,7.31,3.07,2.52
2004-04-29,600615,47.7,40.69,48.14,39.82,16219,5430664.0,18.46,-9.74,-4.39,3.49
2004-04-30,600615,42.01,42.01,48.14,38.94,6813,2269870.0,22.61,3.24,1.32,1.47
2004-12-21,600615,29.74,33.69,34.56,27.99,24611,7670182.0,15.64,-19.8,-8.32,5.29
2004-12-22,600615,32.81,34.12,34.56,30.62,12662,3947256.0,11.69,1.28,0.43,2.72
2004-12-23,600615,31.93,36.75,39.38,31.93,13918,4475402.0,21.83,7.71,2.63,2.99
2004-12-24,600615,36.75,35.44,36.75,33.25,5711,1804829.0,9.52,-3.56,-1.31,1.23
2004-12-27,600615,35.44,31.06,37.63,30.62,4400,1369806.0,19.78,-12.36,-4.38,0.95
2004-12-28,600615,31.06,30.18,34.12,27.55,6520,2012036.0,21.15,-2.83,-0.88,1.4
2004-12-29,600615,31.5,28.43,31.5,27.99,3504,1068056.0,11.63,-5.8,-1.75,0.75
2004-12-30,600615,29.31,21.86,29.31,21.86,8831,2561407.0,26.2,-23.11,-6.57,1.9
2004-12-31,600615,20.98,20.11,22.73,19.23,3417,972132.0,16.01,-8.01,-1.75,0.73
2005-01-04,600615,19.67,25.36,26.24,17.48,6639,1938797.0,43.56,26.11,5.25,1.43
2005-01-05,600615,23.61,26.24,27.12,23.17,4475,1324800.0,15.58,3.47,0.88,0.96
2005-01-06,600615,26.24,32.81,32.81,25.36,10290,3155047.0,28.39,25.04,6.57,2.21
2005-01-07,600615,32.81,32.81,34.12,28.87,7676,2380342.0,16.0,0.0,0.0,1.65
2005-01-10,600615,31.5,33.69,34.56,30.18,5022,1565630.0,13.35,2.68,0.88,1.08
2005-01-11,600615,30.62,31.93,33.25,30.62,4569,1415031.0,7.81,-5.22,-1.76,0.98
2005-01-12,600615,31.93,35.44,37.19,30.62,7359,2312501.0,20.58,10.99,3.51,1.58
2005-01-13,600615,35.0,36.75,38.5,34.12,5384,1715249.0,12.36,3.7,1.31,1.16
2005-01-14,600615,36.75,33.69,38.07,33.25,4281,1356370.0,13.12,-8.33,-3.06,0.92
2005-01-17,600615,32.37,30.62,33.69,27.12,5630,1731113.0,19.5,-9.11,-3.07,1.21
2005-01-18,600615,29.31,32.81,32.81,26.68,5424,1655876.0,20.02,7.15,2.19,1.17
2005-01-19,600615,32.37,33.69,34.56,31.06,5476,1710653.0,10.67,2.68,0.88,1.18
2005-01-20,600615,33.69,31.06,34.56,28.43,3963,1220445.0,18.2,-7.81,-2.63,0.85
2005-01-21,600615,29.74,31.5,32.81,29.31,3663,1123819.0,11.27,1.42,0.44,0.79
2005-01-24,600615,36.75,38.07,38.07,34.12,16912,5469639.0,12.54,20.86,6.57,3.64
2005-01-25,600615,36.31,43.76,44.64,35.44,17900,5935805.0,24.17,14.95,5.69,3.85
2005-01-26,600615,42.01,42.45,45.08,39.38,8640,2875365.0,13.03,-2.99,-1.31,1.86
2005-01-27,600615,42.45,36.31,42.89,35.88,6185,2009062.0,16.51,-14.46,-6.14,1.33
2005-01-28,600615,34.56,37.63,39.82,34.56,4409,1415975.0,14.49,3.64,1.32,0.95
2005-01-31,600615,37.19,31.06,37.19,30.62,6149,1905910.0,17.46,-17.46,-6.57,1.32
2005-02-01,600615,29.74,24.49,33.25,24.49,4781,1434582.0,28.2,-21.15,-6.57,1.03
2005-02-02,600615,24.49,30.62,31.06,24.05,11661,3518959.0,28.62,25.03,6.13,2.51
2005-02-03,600615,31.06,37.19,37.19,28.43,12006,3800162.0,28.61,21.46,6.57,2.58
2005-02-16,600615,30.18,41.13,42.45,30.18,14824,4738683.0,32.99,10.59,3.94,3.19
2005-02-17,600615,39.82,38.5,40.69,35.88,6669,2164853.0,11.69,-6.39,-2.63,1.43
2005-02-18,600615,38.94,35.0,39.38,34.12,5319,1705038.0,13.66,-9.09,-3.5,1.14
2005-02-21,600615,35.44,38.07,39.82,34.56,7325,2359880.0,15.03,8.77,3.07,1.58
2005-02-22,600615,38.07,40.69,42.45,36.31,8575,2822755.0,16.13,6.88,2.62,1.84
2005-02-23,600615,41.13,42.01,42.45,38.5,9284,3063364.0,9.71,3.24,1.32,2.0
2005-02-24,600615,42.45,41.57,43.32,38.5,6984,2310325.0,11.47,-1.05,-0.44,1.5
2005-02-25,600615,42.89,49.02,49.02,42.89,31960,11090356.0,14.75,17.92,7.45,6.87
2005-02-28,600615,51.21,51.65,52.96,46.39,21584,7555424.0,13.4,5.37,2.63,4.64
2005-03-01,600615,51.21,46.83,52.08,45.51,11046,3838572.0,12.72,-9.33,-4.82,2.38
2005-03-02,600615,45.51,43.32,49.02,42.01,10917,3700627.0,14.97,-7.5,-3.51,2.35
2005-03-03,600615,42.01,45.95,47.27,36.31,7154,2400707.0,25.3,6.07,2.63,1.54
2005-03-04,600615,44.2,44.2,46.39,43.32,5657,1912580.0,6.68,-3.81,-1.75,1.22
2005-03-07,600615,43.76,46.83,47.7,42.89,4910,1677606.0,10.88,5.95,2.63,1.06
2005-03-08,600615,44.64,54.27,54.27,44.64,25465,9093354.0,20.56,15.89,7.44,5.48
2005-03-10,600615,52.96,54.71,59.53,49.46,28348,10268871.0,18.56,0.81,0.44,6.1
2005-03-11,600615,55.59,57.78,62.6,55.59,43425,16157697.0,12.81,5.61,3.07,9.34
2005-03-14,600615,56.46,53.84,58.22,51.65,17352,6268862.0,11.37,-6.82,-3.94,3.73
2005-03-15,600615,52.96,55.15,57.34,51.21,7746,2807350.0,11.39,2.43,1.31,1.67
2005-03-16,600615,52.96,52.52,54.27,47.27,6378,2248462.0,12.69,-4.77,-2.63,1.37
2005-03-17,600615,52.08,49.46,52.08,47.7,5115,1788363.0,8.34,-5.83,-3.06,1.1
2005-03-18,600615,48.58,46.39,51.65,45.95,5911,2057709.0,11.52,-6.21,-3.07,1.27
2005-03-21,600615,46.39,39.38,48.58,38.94,9052,2986824.0,20.78,-15.11,-7.01,1.95
2005-03-22,600615,38.94,32.37,41.13,32.37,7580,2399307.0,22.24,-17.8,-7.01,1.63
2005-03-23,600615,30.62,31.93,35.44,27.55,5727,1766404.0,24.37,-1.36,-0.44,1.23
2005-03-24,600615,31.93,35.88,37.19,31.93,5700,1807899.0,16.47,12.37,3.95,1.23
2005-03-25,600615,35.0,35.0,36.31,33.25,6608,2083951.0,8.53,-2.45,-0.88,1.42
2005-03-28,600615,33.69,31.06,34.12,27.99,5979,1816172.0,17.51,-11.26,-3.94,1.29
2005-03-29,600615,31.5,33.25,35.0,30.18,3277,1022391.0,15.52,7.05,2.19,0.7
2005-03-30,600615,30.62,28.43,32.81,27.12,4692,1421419.0,17.11,-14.5,-4.82,1.01
2005-03-31,600615,35.0,35.0,35.0,35.0,1823,577888.0,0.0,23.11,6.57,0.39
2005-04-01,600615,42.01,42.01,42.01,36.75,13509,4489273.0,15.03,20.03,7.01,2.91
2005-04-04,600615,42.89,40.26,48.14,37.63,9609,3225500.0,25.02,-4.17,-1.75,2.07
2005-04-05,600615,38.07,36.75,40.69,33.25,5605,1791687.0,18.48,-8.72,-3.51,1.21
2005-04-06,600615,34.12,38.5,38.94,34.12,3960,1266634.0,13.12,4.76,1.75,0.85
2005-04-07,600615,35.0,39.82,43.76,35.0,5947,1933920.0,22.75,3.43,1.32,1.28
2005-04-08,600615,39.38,40.69,42.45,35.0,5829,1887748.0,18.71,2.18,0.87,1.25
2005-04-11,600615,40.26,40.69,43.32,36.75,4070,1342068.0,16.15,0.0,0.0,0.88
2005-04-12,600615,40.69,36.75,42.01,35.44,3227,1054449.0,16.15,-9.68,-3.94,0.69
2005-04-13,600615,36.31,40.26,40.69,36.31,4370,1429789.0,11.92,9.55,3.51,0.94
2005-04-14,600615,40.26,38.5,41.57,38.5,2209,724807.0,7.63,-4.37,-1.76,0.48
2005-04-15,600615,38.5,32.81,38.5,31.5,4453,1412608.0,18.18,-14.78,-5.69,0.96
2005-04-18,600615,35.44,31.06,35.44,27.99,2705,829425.0,22.71,-5.33,-1.75,0.58
2005-04-19,600615,31.06,29.31,31.5,27.12,2746,830009.0,14.1,-5.63,-1.75,0.59
2005-04-20,600615,29.31,33.69,35.88,29.31,7333,2325143.0,22.42,14.94,4.38,1.58
2005-04-21,600615,31.93,26.68,31.93,26.68,6090,1825069.0,15.58,-20.81,-7.01,1.31
2005-04-22,600615,23.17,23.61,26.68,20.11,3355,972005.0,24.63,-11.51,-3.07,0.72
2005-04-25,600615,23.61,17.48,23.61,17.04,2683,748204.0,27.83,-25.96,-6.13,0.58
2005-04-26,600615,21.42,18.35,21.86,15.29,1408,394169.0,37.59,4.98,0.87,0.3
2005-04-27,600615,17.92,14.85,19.67,14.41,2139,589393.0,28.66,-19.07,-3.5,0.46
2005-04-28,600615,11.35,17.48,18.35,11.35,2022,550097.0,47.14,17.71,2.63,0.43
2005-04-29,600615,18.79,21.42,23.61,18.79,3688,1054621.0,27.57,22.54,3.94,0.79
2005-05-09,600615,20.98,16.16,23.17,15.73,1490,418544.0,34.73,-24.56,-5.26,0.32
2005-05-10,600615,10.03,10.03,13.97,10.03,2530,659228.0,24.38,-37.93,-6.13,0.54
2005-05-11,600615,10.03,4.34,10.03,4.34,4375,1085348.0,56.73,-56.73,-5.69,0.94
2005-05-12,600615,1.27,-0.92,1.27,-0.92,1432,337171.0,50.46,-121.2,-5.26,0.31
2005-05-13,600615,-0.92,-3.11,3.02,-6.18,6592,1495008.0,-1000.0,-238.04,-2.19,1.42
2005-05-16,600615,-2.67,1.27,1.71,-5.3,4250,993612.0,-225.4,140.84,4.38,0.91
2005-05-17,600615,-0.48,1.27,3.02,-0.92,3420,818062.0,310.24,0.0,0.0,0.74
2005-05-18,600615,1.27,3.02,3.02,-0.48,2840,685944.0,275.59,137.8,1.75,0.61
2005-05-19,600615,2.58,2.58,4.34,1.71,2711,662090.0,87.09,-14.57,-0.44,0.58
2005-05-23,600615,7.84,7.84,7.84,5.21,4044,1029348.0,101.94,203.88,5.26,0.87
2005-05-24,600615,13.1,7.4,13.1,4.34,10451,2677561.0,111.73,-5.61,-0.44,2.25
2005-05-25,600615,5.65,7.84,9.59,5.65,5396,1364647.0,53.24,5.95,0.44,1.16
2005-05-26,600615,5.65,4.77,8.28,3.9,3287,820437.0,55.87,-39.16,-3.07,0.71
2005-05-27,600615,4.77,7.4,9.59,4.77,4464,1138552.0,101.05,55.14,2.63,0.96
2005-05-30,600615,7.84,8.72,9.16,5.21,2545,646431.0,53.38,17.84,1.32,0.55
2005-05-31,600615,7.4,6.53,8.72,6.09,1542,390524.0,30.16,-25.11,-2.19,0.33
2005-06-01,600615,6.53,0.83,6.53,0.83,3296,798465.0,87.29,-87.29,-5.7,0.71
2005-06-02,600615,-1.8,-0.48,2.15,-1.8,2654,628733.0,475.9,-157.83,-1.31,0.57
2005-06-03,600615,2.15,4.77,4.77,1.71,6898,1705218.0,-637.5,1093.75,5.25,1.48
2005-06-06,600615,4.77,3.46,4.77,-0.48,4436,1064541.0,110.06,-27.46,-1.31,0.95
2005-06-07,600615,4.77,6.09,7.84,2.58,5751,1439743.0,152.02,76.01,2.63,1.24
2005-06-08,600615,6.09,11.78,11.78,4.34,15035,3919550.0,122.17,93.43,5.69,3.23
2005-06-09,600615,10.91,12.22,13.54,9.59,7337,1933863.0,33.53,3.74,0.44,1.58
2005-06-10,600615,12.66,7.4,12.66,6.97,5294,1369376.0,46.56,-39.44,-4.82,1.14
2005-06-13,600615,7.4,10.03,10.91,7.4,3114,805409.0,47.43,35.54,2.63,0.67
2005-06-14,600615,10.03,8.28,13.1,8.28,3232,846130.0,48.06,-17.45,-1.75,0.7
2005-06-15,600615,12.66,10.47,13.97,9.16,11121,2954083.0,58.09,26.45,2.19,2.39
2005-06-16,600615,8.28,4.77,8.28,4.77,5829,1459464.0,33.52,-54.44,-5.7,1.25
2005-06-17,600615,5.21,4.34,7.4,3.46,1688,420853.0,82.6,-9.01,-0.43,0.36
2005-06-20,600615,4.34,6.53,7.4,1.71,2736,680256.0,131.11,50.46,2.19,0.59
2005-06-21,600615,6.53,7.84,7.84,4.77,2524,634380.0,47.01,20.06,1.31,0.54
2005-06-22,600615,6.97,11.35,11.35,6.97,4592,1187140.0,55.87,44.77,3.51,0.99
2005-06-23,600615,17.04,12.22,17.04,11.35,18595,5030452.0,50.13,7.67,0.87,4.0
2005-06-24,600615,6.97,8.28,9.59,6.53,7399,1882277.0,25.04,-32.24,-3.94,1.59
2005-06-27,600615,8.28,10.47,11.35,7.84,5669,1470568.0,42.39,26.45,2.19,1.22
2005-06-28,600615,10.47,11.78,11.78,7.84,4215,1094639.0,37.63,12.51,1.31,0.91
2005-06-29,600615,10.91,8.28,12.22,7.84,1972,511583.0,37.18,-29.71,-3.5,0.42
2005-06-30,600615,7.84,3.9,8.28,3.46,2921,735393.0,58.21,-52.9,-4.38,0.63
2005-07-01,600615,2.15,-0.48,5.21,-1.36,3566,852533.0,168.46,-112.31,-4.38,0.77
2005-07-04,600615,-2.67,-4.86,-1.8,-5.74,4970,1117018.0,-820.83,-912.5,-4.38,1.07
2005-07-05,600615,-4.86,-3.11,-1.8,-4.86,2481,572113.0,-62.96,36.01,1.75,0.53
2005-07-06,600615,-3.99,-2.23,-1.8,-3.99,1449,334741.0,-70.42,28.3,0.88,0.31
2005-07-07,600615,-3.11,-1.36,-0.92,-3.11,1564,362754.0,-98.21,39.01,0.87,0.34
2005-07-08,600615,-1.36,-4.86,1.71,-6.18,4532,1062435.0,-580.15,-257.35,-3.5,0.97
2005-07-11,600615,-5.3,-9.68,-1.8,-9.68,2851,634580.0,-162.14,-99.18,-4.82,0.61
2005-07-12,600615,-14.06,-10.56,-10.12,-14.5,6178,1279113.0,-45.25,-9.09,-0.88,1.33
2005-07-13,600615,-12.75,-12.75,-10.99,-14.06,2404,500744.0,-29.07,-20.74,-2.19,0.52
2005-07-14,600615,-12.31,-11.43,-10.99,-14.06,2360,493929.0,-24.08,10.35,1.32,0.51
2005-07-15,600615,-11.43,-15.38,-10.56,-16.25,3749,767807.0,-49.78,-34.56,-3.95,0.81
2005-07-18,600615,-16.25,-19.76,-16.25,-19.76,3743,724958.0,-22.82,-28.48,-4.38,0.81
2005-07-19,600615,-19.32,-18.44,-16.69,-19.32,1229,239107.0,-13.31,6.68,1.32,0.26
2005-07-20,600615,-19.76,-17.57,-17.13,-20.19,2485,485440.0,-16.59,4.72,0.87,0.53
2005-07-21,600615,-17.57,-18.44,-17.57,-19.76,1106,214729.0,-12.46,-4.95,-0.87,0.24
2005-07-22,600615,-18.0,-14.94,-14.5,-18.44,3562,713063.0,-21.37,18.98,3.5,0.77
2005-07-25,600615,-16.25,-14.5,-12.31,-17.13,3713,758262.0,-32.26,2.95,0.44,0.8
2005-07-26,600615,-10.12,-10.12,-10.12,-10.12,834,178455.0,0.0,30.21,4.38,0.18
2005-07-27,600615,-5.3,-5.3,-5.3,-5.3,171,38525.0,0.0,47.63,4.82,0.04
2005-07-28,600615,-0.48,-0.48,-0.48,-0.48,515,121540.0,0.0,90.94,4.82,0.11
2005-07-29,600615,4.77,4.77,4.77,4.77,774,192039.0,0.0,1093.75,5.25,0.17
2005-08-01,600615,10.03,10.03,10.03,10.03,437,113623.0,0.0,110.27,5.26,0.09
2005-08-02,600615,15.73,15.73,15.73,15.73,442,120666.0,0.0,56.83,5.7,0.1
2005-08-03,600615,21.86,21.86,21.86,21.86,334,95858.0,0.0,38.97,6.13,0.07
2005-08-04,600615,27.99,27.99,27.99,27.99,2314,696541.0,0.0,28.04,6.13,0.5
2005-08-05,600615,34.56,34.56,34.56,34.56,5604,1770788.0,0.0,23.47,6.57,1.21
2005-08-08,600615,41.57,41.57,41.57,41.57,2331,774048.0,0.0,20.28,7.01,0.5
2005-08-09,600615,49.02,49.02,49.02,49.02,1719,599931.0,0.0,17.92,7.45,0.37
2005-08-10,600615,56.46,56.46,56.46,56.46,1827,668686.0,0.0,15.18,7.44,0.39
2005-08-11,600615,64.35,64.35,64.35,64.35,691,265348.0,0.0,13.97,7.89,0.15
2005-08-12,600615,72.67,72.67,72.67,72.67,8370,3372981.0,0.0,12.93,8.32,1.8
2005-08-15,600615,81.43,81.43,81.43,72.67,81903,34477509.0,12.05,12.05,8.76,17.61
2005-08-16,600615,90.19,90.63,90.63,84.94,32747,14441875.0,6.99,11.3,9.2,7.04
2005-08-17,600615,99.83,100.27,100.27,93.26,18954,8808640.0,7.73,10.64,9.64,4.08
2005-08-18,600615,110.34,108.59,110.34,102.02,36073,17562414.0,8.3,8.3,8.32,7.76
2005-08-19,600615,110.78,119.11,119.11,110.78,12928,6510526.0,7.67,9.69,10.52,2.78
2005-08-22,600615,130.06,130.06,130.06,130.06,2506,1338466.0,0.0,9.19,10.95,0.54
2005-08-23,600615,141.88,141.88,141.88,141.88,1098,615984.0,0.0,9.09,11.82,0.24
2005-08-24,600615,154.15,154.15,154.15,154.15,2351,1384739.0,0.0,8.65,12.27,0.51
2005-08-25,600615,166.85,166.85,166.85,166.85,1335,825098.0,0.0,8.24,12.7,0.29
2005-08-26,600615,180.43,180.43,180.43,180.43,1200,778845.0,0.0,8.14,13.58,0.26
2005-08-29,600615,194.45,194.45,194.45,166.41,116667,78081086.0,15.54,7.77,14.02,25.09
2005-08-30,600615,179.56,179.56,207.59,179.56,57659,38398504.0,14.42,-7.66,-14.89,12.4
2005-08-31,600615,165.54,165.54,165.54,165.54,5865,3606975.0,0.0,-7.81,-14.02,1.26
2005-09-01,600615,151.96,160.28,179.12,151.96,102810,62037281.0,16.41,-3.18,-5.26,22.11
2005-09-02,600615,173.42,153.27,173.42,148.02,66434,39609865.0,15.85,-4.37,-7.01,14.29
2005-09-05,600615,155.46,165.98,165.98,152.4,58597,35561911.0,8.86,8.29,12.71,12.6
2005-09-06,600615,174.74,155.9,174.74,154.59,61507,37410651.0,12.14,-6.07,-10.08,13.23
2005-09-07,600615,154.59,151.52,155.9,142.76,46459,26699255.0,8.43,-2.81,-4.38,9.99
2005-09-08,600615,151.52,151.08,152.84,146.7,25835,14944000.0,4.05,-0.29,-0.44,5.56
2005-09-09,600615,151.52,152.4,162.47,151.08,34783,20682905.0,7.54,0.87,1.32,7.48
2005-09-12,600615,149.33,148.89,151.52,142.32,22322,12811307.0,6.04,-2.3,-3.51,4.8
2005-09-13,600615,149.33,157.65,161.6,147.14,50803,30286978.0,9.71,5.88,8.76,10.93
2005-09-14,600615,156.78,150.64,157.22,147.14,35135,20432267.0,6.39,-4.45,-7.01,7.56
2005-09-15,600615,149.77,152.4,156.34,147.58,23816,13926777.0,5.82,1.17,1.76,5.12
2005-09-16,600615,153.71,152.84,154.59,148.02,19976,11635475.0,4.31,0.29,0.44,4.3
2005-09-19,600615,165.54,157.22,165.54,153.27,42709,25622700.0,8.03,2.87,4.38,9.18
2005-09-20,600615,154.15,157.65,162.47,145.39,49886,29411412.0,10.86,0.27,0.43,10.73
2005-09-21,600615,154.59,153.71,161.16,151.52,29501,17539526.0,6.11,-2.5,-3.94,6.34
2005-09-22,600615,153.71,141.01,155.46,141.01,28327,16108245.0,9.4,-8.26,-12.7,6.09
2005-09-23,600615,133.12,128.74,136.63,128.74,12755,6848614.0,5.6,-8.7,-12.27,2.74
2005-09-26,600615,117.35,116.92,120.42,116.92,8332,4212281.0,2.72,-9.18,-11.82,1.79
2005-09-27,600615,112.1,113.85,121.73,105.96,32691,16063747.0,13.49,-2.63,-3.07,7.03
2005-09-28,600615,113.85,102.9,118.67,102.9,23098,11326476.0,13.85,-9.62,-10.95,4.97
2005-09-29,600615,101.15,113.41,113.41,99.39,16800,8132915.0,13.62,10.21,10.51,3.61
2005-09-30,600615,124.36,124.36,124.36,115.16,40855,21033312.0,8.11,9.66,10.95,8.79
2005-10-10,600615,129.62,115.16,129.62,114.29,22725,11587972.0,12.33,-7.4,-9.2,4.89
2005-10-11,600615,111.22,121.73,126.11,111.22,18685,9602289.0,12.93,5.71,6.57,4.02
2005-10-12,600615,121.3,122.61,122.61,117.35,13117,6714606.0,4.32,0.72,0.88,2.82
2005-10-13,600615,122.61,121.73,125.68,118.23,9833,5055880.0,6.08,-0.72,-0.88,2.11
2005-10-14,600615,120.86,114.72,122.17,114.29,10126,5109475.0,6.47,-5.76,-7.01,2.18
2005-10-17,600615,113.85,123.05,125.68,111.66,18656,9590225.0,12.22,7.26,8.33,4.01
2005-10-18,600615,134.44,123.49,134.44,121.3,25853,13558068.0,10.68,0.36,0.44,5.56
2005-10-19,600615,119.54,119.54,125.68,117.79,15707,8116057.0,6.39,-3.2,-3.95,3.38
2005-10-20,600615,119.54,112.53,119.54,109.03,15849,7857986.0,8.79,-5.86,-7.01,3.41
2005-10-21,600615,112.53,114.72,115.16,109.47,8920,4407677.0,5.06,1.95,2.19,1.92
2005-10-24,600615,114.29,112.97,114.72,111.22,6658,3285708.0,3.05,-1.53,-1.75,1.43
2005-10-25,600615,112.53,115.16,120.86,112.1,11431,5739993.0,7.75,1.94,2.19,2.46
2005-10-26,600615,112.97,104.21,114.29,104.21,5752,2758527.0,8.75,-9.51,-10.95,1.24
2005-10-27,600615,93.7,93.7,100.71,93.7,14464,6550737.0,6.73,-10.09,-10.51,3.11
2005-10-28,600615,88.0,83.62,91.51,83.62,14348,6182702.0,8.42,-10.76,-10.08,3.09
2005-10-31,600615,83.62,86.69,91.07,82.75,11884,5180562.0,9.95,3.67,3.07,2.56
2005-11-01,600615,88.0,80.56,88.0,77.05,18732,7783070.0,12.63,-7.07,-6.13,4.03
2005-11-02,600615,82.31,87.57,87.57,77.93,20774,8942399.0,11.97,8.7,7.01,4.47
2005-11-03,600615,85.81,82.31,86.69,78.37,11993,5104978.0,9.5,-6.01,-5.26,2.58
2005-11-04,600615,82.75,91.51,91.51,79.24,21034,9267016.0,14.91,11.18,9.2,4.52
2005-11-07,600615,92.38,92.82,93.7,86.69,14727,6533338.0,7.66,1.43,1.31,3.17
2005-11-08,600615,91.07,91.51,93.7,86.69,11211,4971356.0,7.55,-1.41,-1.31,2.41
2005-11-09,600615,91.51,83.62,94.14,81.87,19142,8327263.0,13.41,-8.62,-7.89,4.12
2005-11-10,600615,82.31,74.42,83.19,74.42,26223,10751153.0,10.49,-11.0,-9.2,5.64
2005-11-11,600615,73.99,74.86,76.61,66.54,16488,6600109.0,13.53,0.59,0.44,3.55
2005-11-14,600615,73.99,76.61,79.68,71.8,14428,5960993.0,10.53,2.34,1.75,3.1
2005-11-15,600615,77.49,74.42,81.0,73.11,11875,4902371.0,10.3,-2.86,-2.19,2.55
2005-11-16,600615,73.55,78.37,79.24,69.17,11375,4624839.0,13.53,5.31,3.95,2.45
2005-11-17,600615,77.93,80.12,84.5,75.74,19771,8312627.0,11.18,2.23,1.75,4.25
2005-11-18,600615,80.12,83.62,85.81,78.37,18000,7644384.0,9.29,4.37,3.5,3.87
2005-11-21,600615,82.31,82.75,84.06,80.56,7938,3372949.0,4.19,-1.04,-0.87,1.71
2005-11-22,600615,82.31,91.95,91.95,82.31,49968,22260189.0,11.65,11.12,9.2,10.75
2005-11-23,600615,86.69,88.44,91.95,84.06,18887,8289796.0,8.58,-3.82,-3.51,4.06
2005-11-24,600615,86.69,98.08,98.08,86.69,39324,17986161.0,12.88,10.9,9.64,8.46
2005-11-25,600615,99.39,108.15,108.15,98.52,16255,7765740.0,9.82,10.27,10.07,3.5
2005-11-28,600615,118.67,118.67,118.67,115.6,7111,3608837.0,2.84,9.73,10.52,1.53
2005-11-29,600615,129.62,110.34,129.62,107.72,74796,38497624.0,18.45,-7.02,-8.33,16.08
2005-11-30,600615,99.83,99.83,108.15,99.83,26856,12543380.0,7.54,-9.53,-10.51,5.78
2005-12-01,600615,90.63,101.58,105.96,90.19,34305,15821547.0,15.8,1.75,1.75,7.38
2005-12-02,600615,97.64,91.51,99.83,91.51,17875,8090895.0,8.19,-9.91,-10.07,3.84
2005-12-05,600615,88.44,84.06,96.33,81.87,27632,12040812.0,15.8,-8.14,-7.45,5.94
2005-12-06,600615,79.24,84.94,87.57,78.37,14779,6319906.0,10.94,1.05,0.88,3.18
2005-12-07,600615,84.5,94.57,94.57,82.31,13386,5979610.0,14.43,11.34,9.63,2.88
2005-12-08,600615,98.52,95.45,104.65,90.63,31850,14734307.0,14.82,0.93,0.88,6.85
2005-12-09,600615,92.82,99.39,101.15,90.19,15424,7061514.0,11.48,4.13,3.94,3.32
2005-12-12,600615,99.39,100.27,102.46,97.64,12209,5680705.0,4.85,0.89,0.88,2.63
2005-12-13,600615,99.39,98.96,100.71,93.7,11142,5086370.0,6.99,-1.31,-1.31,2.4
2005-12-14,600615,98.52,97.64,99.39,95.01,8202,3771573.0,4.43,-1.33,-1.32,1.76
2005-12-15,600615,96.77,98.52,101.15,95.45,13990,6449522.0,5.84,0.9,0.88,3.01
2005-12-16,600615,98.08,95.45,98.08,93.26,12391,5624571.0,4.89,-3.12,-3.07,2.66
2005-12-19,600615,95.89,92.38,95.89,91.51,9125,4094389.0,4.59,-3.22,-3.07,1.96
2005-12-20,600615,92.38,102.02,102.02,91.07,18648,8712639.0,11.85,10.44,9.64,4.01
2005-12-21,600615,106.4,99.39,107.72,98.52,22241,10527630.0,9.02,-2.58,-2.63,4.78
2005-12-23,600615,101.15,109.47,109.47,101.15,7492,3630945.0,8.37,10.14,10.08,1.61
2005-12-26,600615,115.16,116.48,118.23,106.84,28004,13843592.0,10.4,6.4,7.01,6.02
2005-12-27,600615,105.53,105.53,114.29,105.53,4647,2221425.0,7.52,-9.4,-10.95,1.0
2005-12-28,600615,95.01,95.01,95.01,95.01,5379,2442066.0,0.0,-9.97,-10.52,1.16
2005-12-29,600615,86.69,94.57,104.65,86.69,53044,24089983.0,18.9,-0.46,-0.44,11.41
2005-12-30,600615,88.44,89.76,92.82,88.0,28786,12725467.0,5.1,-5.09,-4.81,6.19
2006-01-04,600615,89.32,93.7,95.45,89.32,13143,5916946.0,6.83,4.39,3.94,2.83
2006-01-05,600615,94.57,93.7,95.45,89.76,21537,9610035.0,6.07,0.0,0.0,4.63
2006-01-06,600615,94.14,95.45,98.08,91.51,21426,9703563.0,7.01,1.87,1.75,4.61
2006-01-09,600615,95.45,105.09,105.53,93.7,28676,13466446.0,12.39,10.1,9.64,6.17
2006-01-10,600615,105.09,106.84,108.59,101.58,22060,10531003.0,6.67,1.67,1.75,4.74
2006-01-11,600615,105.96,107.72,114.29,104.65,28869,14064709.0,9.02,0.82,0.88,6.21
2006-01-12,600615,107.72,109.91,112.97,107.72,19510,9504007.0,4.87,2.03,2.19,4.2
2006-01-13,600615,109.91,104.21,112.53,102.9,20962,10033079.0,8.76,-5.19,-5.7,4.51
2006-01-16,600615,102.46,105.53,109.91,101.15,16839,8067270.0,8.41,1.27,1.32,3.62
2006-01-17,600615,102.9,116.04,116.04,102.46,45115,22372685.0,12.87,9.96,10.51,9.7
2006-01-18,600615,116.48,116.04,125.68,114.72,44023,22371818.0,9.45,0.0,0.0,9.47
2006-01-19,600615,115.16,117.35,120.42,111.66,21020,10569000.0,7.55,1.13,1.31,4.52
2006-01-20,600615,116.92,116.48,119.54,114.29,16544,8295511.0,4.47,-0.74,-0.87,3.56
2006-01-23,600615,116.04,105.96,116.04,105.53,25249,12185217.0,9.02,-9.03,-10.52,5.43
2006-01-24,600615,105.53,108.15,110.34,103.34,14184,6855241.0,6.61,2.07,2.19,3.05
2006-01-25,600615,107.28,103.34,109.47,102.46,16218,7729603.0,6.48,-4.45,-4.81,3.49
2006-02-06,600615,104.21,108.59,109.47,102.9,13740,6605273.0,6.36,5.08,5.25,2.95
2006-02-07,600615,109.47,112.97,117.35,107.28,21599,10660692.0,9.27,4.03,4.38,4.64
2006-02-08,600615,112.53,116.48,119.11,111.22,15343,7665407.0,6.98,3.11,3.51,3.3
2006-02-09,600615,116.48,111.66,118.23,110.78,11750,5826665.0,6.4,-4.14,-4.82,2.53
2006-02-10,600615,111.66,112.97,115.16,108.15,12008,5902195.0,6.28,1.17,1.31,2.58
2006-02-13,600615,112.97,112.53,113.85,109.03,6821,3348978.0,4.27,-0.39,-0.44,1.47
2006-02-14,600615,112.97,116.48,117.35,110.34,14926,7468185.0,6.23,3.51,3.95,3.21
2006-02-15,600615,116.04,113.85,117.79,112.1,8467,4209931.0,4.88,-2.26,-2.63,1.82
2006-02-16,600615,114.29,102.9,115.6,102.9,20450,9786224.0,11.16,-9.62,-10.95,4.4
2006-02-17,600615,99.83,92.38,101.15,92.38,25405,11481577.0,8.52,-10.22,-10.52,5.46
2006-02-20,600615,88.88,93.7,95.89,85.81,13458,6004636.0,10.91,1.43,1.32,2.89
2006-02-21,600615,93.26,94.14,94.57,88.0,9421,4187725.0,7.01,0.47,0.44,2.03
2006-02-22,600615,94.57,93.7,95.45,91.95,10197,4595968.0,3.72,-0.47,-0.44,2.19
2006-02-23,600615,93.26,96.77,101.15,91.95,10331,4722983.0,9.82,3.28,3.07,2.22
2006-02-24,600615,98.52,96.33,98.52,92.38,7808,3543303.0,6.34,-0.45,-0.44,1.68
2006-02-27,600615,97.64,95.45,99.39,93.26,10087,4605435.0,6.36,-0.91,-0.88,2.17
2006-02-28,600615,94.14,95.01,95.89,89.32,8516,3817071.0,6.88,-0.46,-0.44,1.83
2006-03-01,600615,95.01,94.57,95.89,91.51,8888,4006799.0,4.61,-0.46,-0.44,1.91
2006-03-02,600615,93.7,92.38,96.77,90.63,10643,4795515.0,6.49,-2.32,-2.19,2.29
2006-03-03,600615,93.26,92.38,93.26,90.19,7826,3488596.0,3.32,0.0,0.0,1.68
2006-03-06,600615,92.82,93.7,95.89,90.19,11312,5092144.0,6.17,1.43,1.32,2.43
2006-03-07,600615,85.81,83.62,85.81,83.62,2920,1249818.0,2.34,-10.76,-10.08,0.63
2006-03-08,600615,74.42,74.42,74.42,74.42,1361,553927.0,0.0,-11.0,-9.2,0.29
2006-03-09,600615,65.66,66.54,73.55,65.66,33505,13092920.0,10.6,-10.59,-7.88,7.21
2006-03-10,600615,62.6,63.91,68.29,62.6,14764,5716159.0,8.55,-3.95,-2.63,3.18
2006-03-13,600615,63.91,60.85,65.23,57.34,19145,7186212.0,12.35,-4.79,-3.06,4.12
2006-03-14,600615,61.72,62.6,64.79,59.97,11953,4531908.0,7.92,2.88,1.75,2.57
2006-03-15,600615,59.97,64.35,65.23,59.97,11933,4548293.0,8.4,2.8,1.75,2.57
2006-03-16,600615,64.35,61.72,64.35,59.53,11657,4406182.0,7.49,-4.09,-2.63,2.51
2006-03-17,600615,61.72,70.04,70.04,60.41,27183,10639392.0,15.6,13.48,8.32,5.85
2006-03-20,600615,70.04,74.42,78.37,67.42,27947,11325948.0,15.63,6.25,4.38,6.01
2006-03-21,600615,73.99,72.23,75.74,70.48,14398,5801528.0,7.07,-2.94,-2.19,3.1
2006-03-22,600615,75.74,73.11,75.74,70.48,9550,3849547.0,7.28,1.22,0.88,2.05
2006-03-23,600615,71.8,71.8,73.99,70.92,9851,3957812.0,4.2,-1.79,-1.31,2.12
2006-03-24,600615,71.8,72.67,73.55,66.98,13101,5195013.0,9.15,1.21,0.87,2.82
2006-03-27,600615,73.55,79.68,81.0,72.67,18524,7693909.0,11.46,9.65,7.01,3.98
2006-03-28,600615,79.68,79.24,81.0,77.49,7801,3263751.0,4.41,-0.55,-0.44,1.68
2006-03-29,600615,79.24,77.05,79.68,74.86,10974,4519128.0,6.08,-2.76,-2.19,2.36
2006-03-30,600615,75.3,74.86,77.05,74.86,5570,2282631.0,2.84,-2.84,-2.19,1.2
2006-03-31,600615,74.86,81.0,83.62,73.11,10575,4434290.0,14.04,8.2,6.14,2.27
2006-04-03,600615,81.0,81.87,83.62,77.93,10304,4379749.0,7.02,1.07,0.87,2.22
2006-04-04,600615,80.12,84.5,85.38,80.12,6573,2805591.0,6.42,3.21,2.63,1.41
2006-04-05,600615,81.87,90.19,92.38,81.87,13415,5905999.0,12.44,6.73,5.69,2.88
2006-04-06,600615,91.07,91.07,93.26,84.5,10380,4570674.0,9.71,0.98,0.88,2.23
2006-04-10,600615,91.07,94.57,98.96,91.07,12528,5728940.0,8.66,3.84,3.5,2.69
2006-04-11,600615,94.57,98.08,98.96,93.26,10201,4667507.0,6.03,3.71,3.51,2.19
2006-04-12,600615,106.4,108.15,108.15,104.65,16623,8038086.0,3.57,10.27,10.07,3.57
2006-04-13,600615,116.48,118.67,118.67,112.53,18295,9265568.0,5.68,9.73,10.52,3.93
2006-04-14,600615,129.62,107.72,129.62,107.72,47722,23920056.0,18.45,-9.23,-10.95,10.26
2006-04-17,600615,99.39,110.34,114.72,97.2,17876,8711380.0,16.26,2.43,2.62,3.84
2006-04-18,600615,110.34,102.46,112.1,102.02,9843,4726656.0,9.14,-7.14,-7.88,2.12
2006-04-19,600615,101.58,105.09,106.4,99.83,9364,4419218.0,6.41,2.57,2.63,2.01
2006-04-20,600615,105.53,97.64,105.53,95.45,12308,5741867.0,9.59,-7.09,-7.45,2.65
2006-04-21,600615,95.89,98.96,99.83,91.07,14431,6505181.0,8.97,1.35,1.32,3.1
2006-04-24,600615,98.96,92.38,101.15,91.95,5655,2547645.0,9.3,-6.65,-6.58,1.22
2006-04-25,600615,90.63,92.82,94.14,88.0,7030,3122013.0,6.65,0.48,0.44,1.51
2006-04-26,600615,88.88,95.89,97.2,88.88,7560,3398339.0,8.96,3.31,3.07,1.63
2006-04-27,600615,94.14,95.89,98.52,94.14,5301,2429145.0,4.57,0.0,0.0,1.14
2006-04-28,600615,95.45,101.15,104.21,91.95,7925,3686012.0,12.79,5.49,5.26,1.7
2006-05-08,600615,100.27,108.59,110.34,100.27,9877,4776260.0,9.96,7.36,7.44,2.12
2006-05-09,600615,109.91,107.72,112.53,104.65,11566,5578098.0,7.26,-0.8,-0.87,2.49
2006-05-10,600615,107.72,109.91,112.97,105.96,12916,6309127.0,6.51,2.03,2.19,2.78
2006-05-11,600615,108.15,99.83,109.91,99.39,15699,7510926.0,9.57,-9.17,-10.08,3.38
2006-05-12,600615,98.96,97.2,99.83,93.26,11598,5284540.0,6.58,-2.63,-2.63,2.49
2006-05-15,600615,98.52,105.96,106.4,89.76,16508,7643683.0,17.12,9.01,8.76,3.55
2006-05-16,600615,112.53,113.85,114.72,105.53,18925,9231264.0,8.67,7.45,7.89,4.07
2006-05-17,600615,114.72,110.34,116.48,105.53,10902,5303903.0,9.62,-3.08,-3.51,2.34
2006-05-18,600615,110.78,110.34,113.41,106.4,7583,3703852.0,6.35,0.0,0.0,1.63
2006-05-19,600615,111.66,111.22,112.1,106.4,10163,4949702.0,5.17,0.8,0.88,2.19
2006-05-22,600615,110.34,120.86,122.17,108.59,25321,12793443.0,12.21,8.67,9.64,5.45
2006-05-23,600615,119.54,109.47,119.54,109.47,19914,9788270.0,8.33,-9.42,-11.39,4.28
2006-05-24,600615,107.72,108.59,112.97,104.21,10396,5027458.0,8.0,-0.8,-0.88,2.24
2006-05-25,600615,107.28,110.34,110.78,104.21,5679,2751927.0,6.05,1.61,1.75,1.22
2006-05-26,600615,111.22,114.72,116.48,108.59,6660,3301579.0,7.15,3.97,4.38,1.43
2006-05-29,600615,118.23,118.23,118.67,112.97,15525,7781659.0,4.97,3.06,3.51,3.34
2006-05-30,600615,117.79,126.99,128.3,117.35,19385,10124893.0,9.26,7.41,8.76,4.17
2006-05-31,600615,126.99,138.38,138.38,123.05,32506,17739875.0,12.07,8.97,11.39,6.99
2006-06-01,600615,137.07,150.64,150.64,137.07,18685,10800358.0,9.81,8.86,12.26,4.02
2006-06-02,600615,154.15,143.64,163.35,140.13,29214,17149034.0,15.41,-4.65,-7.0,6.28
2006-06-05,600615,143.64,148.02,150.64,135.31,16108,9093062.0,10.67,3.05,4.38,3.46
2006-06-06,600615,147.58,144.95,152.84,142.32,9964,5694880.0,7.11,-2.07,-3.07,2.14
2006-06-07,600615,145.83,132.68,150.64,132.68,16140,9003753.0,12.39,-8.46,-12.27,3.47
2006-06-08,600615,123.92,123.49,129.18,120.86,12434,6419857.0,6.27,-6.93,-9.19,2.67
2006-06-09,600615,124.36,116.04,124.36,115.16,10630,5374351.0,7.45,-6.03,-7.45,2.29
2006-06-12,600615,114.29,118.23,120.86,112.97,7010,3519507.0,6.8,1.89,2.19,1.51
2006-06-13,600615,117.79,119.54,121.73,117.35,4546,2307006.0,3.7,1.11,1.31,0.98
2006-06-14,600615,121.3,119.54,123.49,118.23,4239,2177462.0,4.4,0.0,0.0,0.91
2006-06-15,600615,119.54,126.99,128.3,119.54,6246,3260811.0,7.33,6.23,7.45,1.34
2006-06-16,600615,130.49,129.18,131.37,124.36,3745,1987319.0,5.52,1.72,2.19,0.81
2006-06-19,600615,126.11,129.62,134.88,123.49,5146,2760236.0,8.82,0.34,0.44,1.11
2006-06-20,600615,130.06,129.18,134.0,127.43,2516,1339936.0,5.07,-0.34,-0.44,0.54
2006-06-21,600615,128.74,126.99,131.81,122.61,5750,3015504.0,7.12,-1.7,-2.19,1.24
2006-06-22,600615,126.55,121.3,126.55,119.11,6111,3142511.0,5.86,-4.48,-5.69,1.31
2006-06-23,600615,120.42,131.37,131.81,117.79,7355,3883968.0,11.56,8.3,10.07,1.58
2006-06-26,600615,130.49,130.06,133.56,126.11,5124,2732263.0,5.67,-1.0,-1.31,1.1
2006-06-27,600615,129.18,131.37,133.12,126.55,7005,3739821.0,5.05,1.01,1.31,1.51
2006-06-28,600615,140.57,143.2,143.2,139.26,8187,4610098.0,3.0,9.01,11.83,1.76
2006-06-29,600615,153.27,145.39,153.27,136.19,16244,9193252.0,11.93,1.53,2.19,3.49
2006-06-30,600615,143.64,141.45,145.83,138.82,5609,3136841.0,4.82,-2.71,-3.94,1.21
2006-07-03,600615,141.45,141.01,141.88,138.82,5722,3185139.0,2.16,-0.31,-0.44,1.23
2006-07-04,600615,140.57,140.13,144.51,137.94,4184,2337932.0,4.66,-0.62,-0.88,0.9
2006-07-05,600615,139.26,139.26,141.01,135.31,4866,2685624.0,4.07,-0.62,-0.87,1.05
2006-07-06,600615,140.13,140.57,140.57,133.56,6915,3803795.0,5.03,0.94,1.31,1.49
2006-07-07,600615,141.45,136.63,143.2,132.68,6027,3335360.0,7.48,-2.8,-3.94,1.3
2006-07-10,600615,134.88,132.25,134.88,129.18,9281,4992607.0,4.17,-3.21,-4.38,2.0
2006-07-11,600615,132.25,136.19,140.57,132.25,6515,3583915.0,6.29,2.98,3.94,1.4
2006-07-12,600615,135.31,139.26,139.69,131.81,8278,4538600.0,5.79,2.25,3.07,1.78
2006-07-13,600615,139.26,131.37,145.83,130.49,13520,7473646.0,11.02,-5.67,-7.89,2.91
2006-07-14,600615,128.3,132.68,134.88,119.54,9290,4937535.0,11.68,1.0,1.31,2.0
2006-07-17,600615,128.3,138.38,139.69,128.3,9729,5328599.0,8.58,4.3,5.7,2.09
2006-07-18,600615,137.94,147.58,148.02,134.0,15924,8942655.0,10.13,6.65,9.2,3.42
2006-07-19,600615,151.52,140.57,151.52,137.5,9703,5466607.0,9.5,-4.75,-7.01,2.09
2006-07-20,600615,138.82,142.32,144.07,132.68,5887,3301483.0,8.1,1.24,1.75,1.27
2006-07-21,600615,141.45,148.89,149.33,141.45,10514,5981684.0,5.54,4.62,6.57,2.26
2006-07-24,600615,154.15,147.14,155.46,146.7,19181,11100143.0,5.88,-1.18,-1.75,4.12
2006-07-25,600615,144.51,143.2,149.77,143.2,11244,6384183.0,4.47,-2.68,-3.94,2.42
2006-07-26,600615,144.95,145.83,148.02,141.45,4832,2750690.0,4.59,1.84,2.63,1.04
2006-07-27,600615,143.64,150.21,154.59,143.64,11205,6513762.0,7.51,3.0,4.38,2.41
2006-07-28,600615,150.64,162.91,162.91,150.64,29538,17764473.0,8.17,8.45,12.7,6.35
2006-07-31,600615,163.35,157.65,164.22,149.77,17073,10127505.0,8.87,-3.23,-5.26,3.67
2006-08-01,600615,153.27,153.71,158.09,152.84,7234,4275344.0,3.33,-2.5,-3.94,1.56
2006-08-02,600615,156.78,165.54,166.41,152.84,23336,14220728.0,8.83,7.7,11.83,5.02
2006-08-03,600615,165.54,163.35,170.8,158.97,11731,7178600.0,7.15,-1.32,-2.19,2.52
2006-08-04,600615,163.35,150.21,164.22,150.21,20346,12002000.0,8.58,-8.04,-13.14,4.38
2006-08-07,600615,141.45,137.5,148.02,137.5,10953,6123219.0,7.0,-8.46,-12.71,2.36
2006-08-08,600615,137.07,135.75,139.26,126.11,10384,5597697.0,9.56,-1.27,-1.75,2.23
2006-08-09,600615,135.75,139.26,141.01,130.49,4586,2519902.0,7.75,2.59,3.51,0.99
2006-08-10,600615,141.01,151.52,151.52,140.13,10158,5905166.0,8.18,8.8,12.26,2.18
2006-08-11,600615,158.97,164.22,164.22,151.52,22154,13296786.0,8.38,8.38,12.7,4.76
2006-08-25,600615,177.8,177.8,177.8,175.18,20110,12929461.0,1.6,8.27,13.58,4.32
2006-08-29,600615,185.25,174.3,189.19,168.17,19760,12683752.0,11.82,-1.97,-3.5,4.25
2006-08-30,600615,169.92,172.99,176.49,169.92,4747,2998858.0,3.77,-0.75,-1.31,1.02
2006-08-31,600615,172.11,168.6,172.55,167.29,6547,4083481.0,3.04,-2.54,-4.39,1.41
2006-09-01,600615,168.6,162.91,168.6,160.72,10610,6484969.0,4.67,-3.37,-5.69,2.28
2006-09-04,600615,161.16,172.11,176.05,159.41,15405,9703701.0,10.21,5.65,9.2,3.31
2006-09-05,600615,173.42,170.8,175.61,168.17,4014,2523860.0,4.32,-0.76,-1.31,0.86
2006-09-06,600615,174.74,172.11,175.18,168.6,4158,2616572.0,3.85,0.77,1.31,0.89
2006-09-07,600615,170.8,172.99,175.61,169.48,2586,1632099.0,3.56,0.51,0.88,0.56
2006-09-08,600615,174.3,175.61,179.56,172.11,4422,2826649.0,4.31,1.51,2.62,0.95
2006-09-11,600615,175.61,172.99,177.8,166.85,5045,3203710.0,6.24,-1.49,-2.62,1.09
2006-09-12,600615,172.99,172.55,174.74,169.92,1725,1090312.0,2.79,-0.25,-0.44,0.37
2006-09-13,600615,170.36,183.94,186.56,169.04,16510,10786431.0,10.15,6.6,11.39,3.55
2006-09-14,600615,183.06,183.06,183.5,178.68,4928,3205347.0,2.62,-0.48,-0.88,1.06
2006-09-15,600615,182.62,184.81,190.07,180.87,6138,4046808.0,5.03,0.96,1.75,1.32
2006-09-18,600615,186.56,187.0,190.51,185.25,5009,3343107.0,2.85,1.19,2.19,1.08
2006-09-19,600615,185.25,187.44,189.63,174.3,5532,3663594.0,8.2,0.24,0.44,1.19
2006-09-20,600615,180.87,183.94,187.44,173.42,5146,3350089.0,7.48,-1.87,-3.5,1.11
2006-09-21,600615,183.06,180.87,183.5,177.8,5580,3632315.0,3.1,-1.67,-3.07,1.2
2006-09-22,600615,182.62,181.75,182.62,179.12,5570,3611194.0,1.94,0.49,0.88,1.2
2006-09-25,600615,180.87,178.24,181.75,177.8,3598,2328283.0,2.17,-1.93,-3.51,0.77
2006-09-26,600615,179.99,176.05,180.43,174.3,2028,1295292.0,3.44,-1.23,-2.19,0.44
2006-09-27,600615,175.61,180.87,182.18,174.3,2091,1353433.0,4.48,2.74,4.82,0.45
2006-09-28,600615,180.87,181.75,186.13,174.74,3779,2466530.0,6.3,0.49,0.88,0.81
2006-09-29,600615,180.87,179.99,183.06,177.8,2300,1494152.0,2.89,-0.97,-1.76,0.49
2006-10-09,600615,183.06,180.43,183.5,176.93,2345,1521661.0,3.65,0.24,0.44,0.5
2006-10-10,600615,179.99,180.43,181.31,175.61,3635,2340290.0,3.16,0.0,0.0,0.78
2006-10-11,600615,179.99,176.05,180.43,175.61,2892,1855910.0,2.67,-2.43,-4.38,0.62
2006-10-12,600615,176.49,189.63,190.07,169.92,8893,5747581.0,11.45,7.71,13.58,1.91
2006-10-13,600615,197.52,189.19,198.39,188.32,13543,9115267.0,5.31,-0.23,-0.44,2.91
2006-10-16,600615,189.63,182.62,190.07,181.31,3949,2604654.0,4.63,-3.47,-6.57,0.85
2006-10-17,600615,182.62,185.25,188.32,177.8,2377,1564966.0,5.76,1.44,2.63,0.51
2006-10-18,600615,180.87,184.37,187.0,180.87,2202,1446331.0,3.31,-0.48,-0.88,0.47
2006-10-19,600615,183.5,181.75,185.25,180.43,3202,2085918.0,2.61,-1.42,-2.62,0.69
2006-10-20,600615,180.43,177.37,184.81,175.61,3712,2386738.0,5.06,-2.41,-4.38,0.8
2006-10-23,600615,174.3,169.92,178.68,167.73,4678,2940735.0,6.17,-4.2,-7.45,1.01
2006-10-24,600615,168.17,174.74,175.18,167.73,3464,2187880.0,4.38,2.84,4.82,0.74
2006-10-25,600615,176.05,169.48,176.05,167.73,4569,2856310.0,4.76,-3.01,-5.26,0.98
2006-10-26,600615,169.48,168.17,169.92,166.41,2525,1565626.0,2.07,-0.77,-1.31,0.54
2006-10-27,600615,166.41,164.66,168.17,163.79,2222,1366530.0,2.6,-2.09,-3.51,0.48
2006-10-30,600615,164.66,172.11,174.74,163.35,3395,2136405.0,6.92,4.52,7.45,0.73
2006-10-31,600615,172.11,172.99,176.49,169.92,2717,1721654.0,3.82,0.51,0.88,0.58
2006-11-01,600615,172.99,173.42,174.74,168.17,2164,1359601.0,3.8,0.25,0.43,0.47
2006-11-02,600615,167.73,171.23,174.3,167.73,4241,2668531.0,3.79,-1.26,-2.19,0.91
2006-11-03,600615,169.04,179.56,183.06,161.6,5771,3692626.0,12.53,4.86,8.33,1.24
2006-11-06,600615,176.49,172.99,179.12,170.36,2309,1466158.0,4.88,-3.66,-6.57,0.5
2006-11-07,600615,171.67,163.35,171.67,158.97,5960,3647510.0,7.34,-5.57,-9.64,1.28
2006-11-08,600615,163.35,164.22,166.85,158.53,4288,2598700.0,5.09,0.53,0.87,0.92
2006-11-09,600615,160.28,166.41,169.04,160.28,2165,1334002.0,5.33,1.33,2.19,0.47
2006-11-10,600615,163.35,168.6,170.8,163.35,3438,2128954.0,4.48,1.32,2.19,0.74
2006-11-13,600615,170.8,168.17,174.3,162.03,4891,3025320.0,7.28,-0.26,-0.43,1.05
2006-11-14,600615,166.85,169.04,172.11,163.35,5463,3386624.0,5.21,0.52,0.87,1.17
2006-11-15,600615,169.04,169.48,170.8,163.79,2667,1655506.0,4.15,0.26,0.44,0.57
2006-11-16,600615,166.85,170.36,172.11,166.41,4193,2605946.0,3.36,0.52,0.88,0.9
2006-11-17,600615,167.29,176.93,180.43,167.29,5129,3284577.0,7.71,3.86,6.57,1.1
2006-11-20,600615,176.49,171.23,178.68,169.04,3514,2218503.0,5.45,-3.22,-5.7,0.76
2006-11-21,600615,169.92,169.92,172.11,159.84,2578,1591391.0,7.17,-0.77,-1.31,0.55
2006-11-22,600615,169.04,164.66,169.04,163.35,2288,1408448.0,3.35,-3.1,-5.26,0.49
2006-11-23,600615,169.04,165.54,169.04,163.35,2441,1501465.0,3.46,0.53,0.88,0.52
2006-11-24,600615,169.04,168.6,170.8,166.85,3479,2161249.0,2.39,1.85,3.06,0.75
2006-11-27,600615,164.66,169.92,170.36,164.66,2074,1288261.0,3.38,0.78,1.32,0.45
2006-11-28,600615,169.04,170.8,170.8,165.54,2379,1475495.0,3.1,0.52,0.88,0.51
2006-11-29,600615,170.8,179.12,184.37,168.17,7678,4962842.0,9.48,4.87,8.32,1.65
2006-11-30,600615,183.5,193.14,193.14,183.5,23716,15991417.0,5.38,7.83,14.02,5.1
2006-12-01,600615,194.01,184.37,196.2,182.62,11799,7842094.0,7.03,-4.54,-8.77,2.54
2006-12-04,600615,180.87,176.93,183.06,172.11,7494,4799998.0,5.94,-4.04,-7.44,1.61
2006-12-05,600615,177.37,176.49,180.87,173.42,7115,4545355.0,4.21,-0.25,-0.44,1.53
2006-12-06,600615,177.8,173.42,179.99,169.92,7429,4697991.0,5.71,-1.74,-3.07,1.6
2006-12-07,600615,173.42,168.6,178.68,167.73,6371,4035233.0,6.31,-2.78,-4.82,1.37
2006-12-08,600615,167.73,167.73,172.11,162.47,3964,2449215.0,5.72,-0.52,-0.87,0.85
2006-12-11,600615,167.73,174.3,174.74,166.85,3510,2209012.0,4.7,3.92,6.57,0.75
2006-12-12,600615,181.75,176.05,181.75,174.74,4703,3025513.0,4.02,1.0,1.75,1.01
2006-12-13,600615,176.05,178.68,178.68,171.67,3416,2171944.0,3.98,1.49,2.63,0.73
2006-12-14,600615,178.68,185.25,186.56,177.8,6989,4592646.0,4.9,3.68,6.57,1.5
2006-12-15,600615,185.25,185.25,187.0,178.68,9582,6281137.0,4.49,0.0,0.0,2.06
2006-12-18,600615,185.69,187.88,189.63,184.37,9398,6234333.0,2.84,1.42,2.63,2.02
2006-12-19,600615,187.88,191.82,193.14,185.25,9675,6499791.0,4.2,2.1,3.94,2.08
2006-12-20,600615,190.95,197.08,197.08,185.69,9819,6650601.0,5.94,2.74,5.26,2.11
2006-12-21,600615,197.08,211.53,211.97,197.08,24995,17982832.0,7.56,7.33,14.45,5.38
2007-03-01,600615,573.21,536.86,573.21,489.11,251218,227037262.0,39.76,153.8,325.33,33.2
2007-03-02,600615,523.32,504.79,523.32,504.79,61276,52567072.0,3.45,-5.97,-32.07,8.1
2007-03-05,600615,475.57,535.43,535.43,474.14,132316,115064219.0,12.14,6.07,30.64,17.49
2007-03-06,600615,535.43,518.33,548.26,512.63,55253,48946901.0,6.65,-3.19,-17.1,7.3
2007-03-07,600615,513.34,525.46,529.73,501.94,45571,39446969.0,5.36,1.38,7.13,6.02
2007-03-08,600615,526.17,518.33,526.17,510.49,35311,30760670.0,2.98,-1.36,-7.13,4.67
2007-03-09,600615,516.19,494.1,519.76,486.97,56870,48235533.0,6.33,-4.67,-24.23,7.52
2007-03-12,600615,488.4,499.8,515.48,488.4,48084,40983734.0,5.48,1.15,5.7,6.35
2007-03-13,600615,509.06,529.73,529.73,504.08,36871,32384051.0,5.13,5.99,29.93,4.87
2007-03-14,600615,547.55,556.1,561.09,529.73,134568,124432240.0,5.92,4.98,26.37,17.78
2007-03-15,600615,538.29,550.4,571.07,536.15,73500,67307201.0,6.28,-1.02,-5.7,9.71
2007-03-16,600615,551.83,521.89,554.68,517.62,64577,57302162.0,6.73,-5.18,-28.51,8.53
2007-03-19,600615,491.25,521.89,529.73,491.25,33790,29271594.0,7.37,0.0,0.0,4.47
2007-03-20,600615,524.03,536.15,541.14,521.18,31683,28230705.0,3.82,2.73,14.26,4.19
2007-03-21,600615,539.71,567.51,568.22,523.32,79020,72565069.0,8.37,5.85,31.36,10.44
2007-03-22,600615,573.21,576.77,598.15,563.23,85292,82630623.0,6.15,1.63,9.26,11.27
2007-03-23,600615,579.62,571.07,587.46,555.39,45905,43457720.0,5.56,-0.99,-5.7,6.07
2007-03-26,600615,571.07,579.62,586.04,558.95,50769,48124372.0,4.74,1.5,8.55,6.71
2007-03-27,600615,575.35,613.83,613.83,562.52,62409,60645484.0,8.85,5.9,34.21,8.25
2007-03-28,600615,648.75,628.09,649.47,602.43,112851,116386813.0,7.66,2.32,14.26,14.91
2007-03-29,600615,619.53,591.74,629.51,591.74,57084,56834912.0,6.01,-5.79,-36.35,7.54
2007-03-30,600615,586.04,599.58,605.99,568.93,36982,36042704.0,6.26,1.32,7.84,4.89
2007-04-02,600615,601.0,608.84,613.83,587.46,35748,35356745.0,4.4,1.54,9.26,4.72
2007-04-03,600615,614.54,606.71,615.97,596.01,34132,33844756.0,3.28,-0.35,-2.13,4.51
2007-04-04,600615,598.15,598.15,601.0,573.92,42147,40969419.0,4.46,-1.41,-8.56,5.57
2007-04-05,600615,598.15,599.58,606.71,587.46,29196,28796839.0,3.22,0.24,1.43,3.86
2007-04-06,600615,593.16,593.88,601.72,587.46,36167,35431972.0,2.38,-0.95,-5.7,4.78
2007-04-09,600615,595.3,628.8,628.8,595.3,60216,61653265.0,5.64,5.88,34.92,7.96
2007-04-10,600615,651.61,628.8,651.61,609.56,61536,63365244.0,6.69,0.0,0.0,8.13
2007-04-11,600615,628.8,619.53,630.22,603.85,48435,48760744.0,4.19,-1.47,-9.27,6.4
2007-04-12,600615,623.1,639.49,650.18,609.56,58361,59617852.0,6.56,3.22,19.96,7.71
2007-04-13,600615,638.78,640.91,676.55,630.94,73032,78053870.0,7.13,0.22,1.42,9.65
2007-04-16,600615,637.35,671.56,675.12,635.93,76973,81621776.0,6.11,4.78,30.65,10.17
2007-04-17,600615,676.55,705.06,706.48,660.87,87360,96699244.0,6.79,4.99,33.5,11.55
2007-04-18,600615,707.2,745.68,745.68,707.2,75507,89164419.0,5.46,5.76,40.62,9.98
2007-04-19,600615,778.47,781.32,788.44,715.75,127783,157560829.0,9.75,4.78,35.64,16.89
2007-04-20,600615,808.4,787.73,820.52,762.07,77325,97081686.0,7.48,0.82,6.41,10.22
2007-04-23,600615,789.16,789.16,808.4,759.94,69494,86386564.0,6.15,0.18,1.43,9.18
2007-04-24,600615,789.87,764.93,789.87,759.22,65491,80162224.0,3.88,-3.07,-24.23,8.66
2007-04-25,600615,761.36,741.41,761.36,722.16,45447,53644519.0,5.12,-3.07,-23.52,6.01
2007-04-26,600615,715.75,699.36,715.75,699.36,35015,39655044.0,2.21,-5.67,-42.05,4.63
2007-04-27,600615,662.3,690.8,730.0,662.3,66610,74617155.0,9.68,-1.22,-8.56,8.8
2007-04-30,600615,670.14,652.32,685.82,650.89,85939,91752935.0,5.06,-5.57,-38.48,11.36
2007-05-08,600615,657.31,628.8,665.86,614.54,92267,94946838.0,7.87,-3.61,-23.52,12.19
2007-05-09,600615,626.66,665.15,665.15,620.25,69842,73213715.0,7.14,5.78,36.35,9.23
2007-05-10,600615,668.0,655.88,672.99,650.18,55677,59737516.0,3.43,-1.39,-9.27,7.36
2007-05-11,600615,651.61,664.43,685.1,637.35,49362,52960698.0,7.28,1.3,8.55,6.52
2007-05-14,600615,651.61,691.52,700.07,645.19,64179,70378772.0,8.26,4.08,27.09,8.48
2007-05-15,600615,688.67,671.56,715.04,665.86,63139,70476357.0,7.11,-2.89,-19.96,8.34
2007-05-16,600615,665.86,668.0,679.4,644.48,44406,47703236.0,5.2,-0.53,-3.56,5.87
2007-05-17,600615,672.99,696.51,699.36,668.71,58554,65153091.0,4.59,4.27,28.51,7.74
2007-05-18,600615,705.06,718.6,736.42,697.93,77647,89703211.0,5.53,3.17,22.09,10.26
2007-05-21,600615,682.96,747.82,749.25,682.96,81192,95009884.0,9.22,4.07,29.22,10.73
2007-05-22,600615,758.51,790.58,790.58,758.51,95446,118209712.0,4.29,5.72,42.76,12.61
2007-05-23,600615,822.65,775.62,835.48,772.77,109202,138969560.0,7.93,-1.89,-14.96,14.43
2007-05-24,600615,764.21,731.43,774.19,731.43,84821,100569133.0,5.51,-5.7,-44.19,11.21
2007-05-25,600615,714.32,723.59,747.82,701.49,71444,82766167.0,6.33,-1.07,-7.84,9.44
2007-05-28,600615,737.13,737.13,757.09,715.75,61187,72123253.0,5.71,1.87,13.54,8.09
2007-05-29,600615,740.69,717.17,747.11,701.49,61412,70663883.0,6.19,-2.71,-19.96,8.12
2007-05-30,600615,675.84,675.84,694.37,675.84,36202,39754298.0,2.58,-5.76,-41.33,4.78
2007-05-31,600615,636.64,636.64,636.64,636.64,9389,9755171.0,0.0,-5.8,-39.2,1.24
2007-06-01,600615,599.58,599.58,599.58,599.58,8202,8095374.0,0.0,-5.82,-37.06,1.08
2007-06-04,600615,564.66,564.66,564.66,564.66,780,731640.0,0.0,-5.82,-34.92,0.1
2007-06-05,600615,531.16,531.16,531.16,531.16,528,470448.0,0.0,-5.93,-33.5,0.07
2007-06-06,600615,499.09,499.09,530.45,499.09,94684,80717721.0,5.9,-6.04,-32.07,12.51
2007-06-07,600615,486.97,507.64,526.17,469.15,97779,81413966.0,11.42,1.71,8.55,12.92
2007-06-08,600615,510.49,522.61,534.72,510.49,57066,50262531.0,4.77,2.95,14.97,7.54
2007-06-11,600615,526.88,491.96,529.02,491.25,61615,52408120.0,7.23,-5.86,-30.65,8.14
2007-06-12,600615,487.68,473.43,494.81,462.03,56350,45530237.0,6.66,-3.77,-18.53,7.45
2007-06-15,600615,531.16,531.16,531.16,531.16,1453,1294587.0,0.0,12.19,57.73,0.19
2007-06-18,600615,594.59,594.59,594.59,594.59,2293,2246768.0,0.0,11.94,63.43,0.3
2007-06-19,600615,664.43,664.43,664.43,664.43,5857,6313307.0,0.0,11.75,69.84,0.77
2007-06-20,600615,741.41,741.41,741.41,702.21,54292,64349163.0,5.9,11.59,76.98,7.18
2007-06-21,600615,762.07,689.38,764.93,680.11,131251,151148526.0,11.44,-7.02,-52.03,17.35
2007-06-22,600615,671.56,610.27,683.68,610.27,60230,62738576.0,10.65,-11.48,-79.11,7.96
2007-06-25,600615,597.44,590.31,658.02,559.67,47725,47418947.0,16.12,-3.27,-19.96,6.31
2007-06-26,600615,569.64,620.96,625.24,566.08,31527,31345059.0,10.02,5.19,30.65,4.17
2007-06-27,600615,630.22,615.26,635.93,596.73,28585,28761528.0,6.31,-0.92,-5.7,3.78
2007-06-28,600615,615.26,581.05,643.05,576.77,28651,28893533.0,10.77,-5.56,-34.21,3.79
2007-07-02,600615,555.39,546.13,555.39,512.63,32908,29335992.0,7.36,-6.01,-34.92,4.35
2007-07-03,600615,535.43,534.01,544.7,509.06,16354,14468644.0,6.53,-2.22,-12.12,2.16
2007-07-04,600615,531.87,519.76,552.54,517.62,14765,13263048.0,6.54,-2.67,-14.25,1.95
2007-07-05,600615,515.48,465.59,515.48,464.16,17542,14404672.0,9.87,-10.42,-54.17,2.32
2007-07-06,600615,466.3,522.61,522.61,437.79,30404,25046072.0,18.22,12.25,57.02,4.02
2007-07-09,600615,516.9,530.45,535.43,510.49,23453,20705832.0,4.77,1.5,7.84,3.1
2007-07-10,600615,530.45,542.56,585.32,516.19,27710,25303089.0,13.03,2.28,12.11,3.66
2007-07-11,600615,540.42,536.15,551.11,530.45,15038,13596409.0,3.81,-1.18,-6.41,1.99
2007-07-12,600615,534.01,543.27,568.22,534.01,15475,14214378.0,6.38,1.33,7.12,2.05
2007-07-13,600615,551.11,526.17,553.25,516.9,10297,9129364.0,6.69,-3.15,-17.1,1.36
2007-07-16,600615,523.32,521.18,540.42,509.78,9561,8425234.0,5.82,-0.95,-4.99,1.26
2007-07-17,600615,502.65,504.08,513.34,477.71,23285,19574643.0,6.84,-3.28,-17.1,3.08
2007-07-18,600615,494.81,496.95,513.34,487.68,11138,9464111.0,5.09,-1.41,-7.13,1.47
2007-07-19,600615,498.37,556.82,556.82,488.4,34455,31130095.0,13.77,12.05,59.87,4.55
2007-07-20,600615,544.7,588.17,601.72,539.0,52930,50294718.0,11.26,5.63,31.35,7.0
2007-07-23,600615,587.46,599.58,615.26,573.21,41792,41260433.0,7.15,1.94,11.41,5.52
2007-07-24,600615,600.29,605.99,638.78,600.29,40419,40811005.0,6.42,1.07,6.41,5.34
2007-07-25,600615,598.15,616.68,621.67,595.3,27024,27103313.0,4.35,1.76,10.69,3.57
2007-07-26,600615,610.98,625.95,636.64,610.98,27321,27915088.0,4.16,1.5,9.27,3.61
2007-07-27,600615,631.65,610.98,631.65,608.13,23317,23509377.0,3.76,-2.39,-14.97,3.08
2007-07-30,600615,612.41,651.61,665.86,609.56,39205,40851583.0,9.21,6.65,40.63,5.18
2007-07-31,600615,669.42,690.09,720.74,658.73,77823,86966408.0,9.52,5.91,38.48,10.29
2007-08-01,600615,680.11,623.81,692.94,619.53,39114,41814901.0,10.64,-9.6,-66.28,5.17
2007-08-02,600615,621.67,654.46,665.15,621.67,23350,24544130.0,6.97,4.91,30.65,3.09
2007-08-03,600615,650.18,660.87,686.53,650.18,30217,32854144.0,5.55,0.98,6.41,3.99
2007-08-06,600615,665.86,676.55,693.65,662.3,27197,29899459.0,4.74,2.37,15.68,3.59
2007-08-07,600615,677.98,663.01,680.11,648.04,28322,30383568.0,4.74,-2.0,-13.54,3.74
2007-08-08,600615,651.61,629.51,658.02,610.27,21728,22459629.0,7.2,-5.05,-33.5,2.87
2007-08-09,600615,629.51,633.08,643.77,617.4,14521,15057076.0,4.19,0.57,3.57,1.92
2007-08-10,600615,630.22,601.0,642.34,594.59,19824,19763366.0,7.54,-5.07,-32.08,2.62
2007-08-13,600615,601.0,618.11,627.37,597.44,19560,19637820.0,4.98,2.85,17.11,2.59
2007-08-14,600615,610.27,618.11,625.95,610.27,13400,13616214.0,2.54,0.0,0.0,1.77
2007-08-15,600615,613.12,668.0,680.11,613.12,35294,37421498.0,10.84,8.07,49.89,4.66
2007-08-16,600615,665.86,661.58,682.96,644.48,24489,26557118.0,5.76,-0.96,-6.42,3.24
2007-08-17,600615,665.86,664.43,693.65,653.74,18023,19640490.0,6.03,0.43,2.85,2.38
2007-08-20,600615,675.12,693.65,707.91,668.0,25033,27975671.0,6.01,4.4,29.22,3.31
2007-08-21,600615,702.21,684.39,705.06,672.99,22459,24760198.0,4.62,-1.33,-9.26,2.97
2007-08-22,600615,675.12,671.56,680.11,660.16,22540,24512971.0,2.92,-1.87,-12.83,2.98
2007-08-23,600615,670.14,675.12,677.26,651.61,16140,17354265.0,3.82,0.53,3.56,2.13
2007-08-24,600615,676.55,670.85,685.82,665.86,18359,20097866.0,2.96,-0.63,-4.27,2.43
2007-08-27,600615,688.67,688.67,705.77,671.56,35370,39386368.0,5.1,2.66,17.82,4.67
2007-08-28,600615,694.37,675.84,697.93,663.01,22269,24434080.0,5.07,-1.86,-12.83,2.94
2007-08-29,600615,672.99,672.27,680.11,658.73,16730,18140915.0,3.16,-0.53,-3.57,2.21
2007-08-30,600615,672.99,727.86,749.96,669.42,50410,57589260.0,11.98,8.27,55.59,6.66
2007-08-31,600615,722.88,729.29,750.67,715.75,29362,34396287.0,4.8,0.2,1.43,3.88
2007-09-03,600615,739.98,734.99,743.54,715.75,28461,33372632.0,3.81,0.78,5.7,3.76
2007-09-04,600615,734.99,706.48,734.99,696.51,23462,26829296.0,5.24,-3.88,-28.51,3.1
2007-09-05,600615,694.37,698.64,720.02,677.98,24312,27184041.0,5.95,-1.11,-7.84,3.21
2007-09-06,600615,708.62,690.09,715.75,685.82,18453,20797009.0,4.28,-1.22,-8.55,2.44
2007-09-07,600615,690.09,697.22,712.19,671.56,25542,28337357.0,5.89,1.03,7.13,3.38
2007-09-10,600615,687.24,728.58,734.28,674.41,29833,34240014.0,8.59,4.5,31.36,3.94
2007-09-11,600615,722.88,726.44,779.89,708.62,62901,74968537.0,9.78,-0.29,-2.14,8.31
2007-09-12,600615,697.93,790.58,792.72,697.93,60761,73470554.0,13.05,8.83,64.14,8.03
2007-09-13,600615,797.71,880.38,880.38,797.71,115566,153479510.0,10.46,11.36,89.8,15.27
2007-09-14,600615,898.91,929.56,975.89,886.8,109302,158385727.0,10.12,5.59,49.18,14.45
2007-09-18,600615,929.56,908.89,938.11,881.81,46691,65978886.0,6.06,-2.22,-20.67,6.17
2007-09-19,600615,893.21,906.04,972.32,881.1,45548,66192633.0,10.04,-0.31,-2.85,6.02
2007-09-20,600615,888.22,901.76,935.26,880.38,25047,35377070.0,6.06,-0.47,-4.28,3.31
2007-09-21,600615,893.92,1002.26,1002.26,886.8,69150,104519434.0,12.8,11.14,100.5,9.14
2007-09-25,600615,893.92,891.79,950.94,891.79,43755,61896687.0,5.9,-11.02,-110.47,5.78
2007-09-26,600615,822.65,803.41,856.86,792.01,45237,58307630.0,7.27,-9.91,-88.38,5.98
2007-09-27,600615,804.84,814.1,828.36,780.6,19660,24976250.0,5.94,1.33,10.69,2.6
2007-09-28,600615,819.09,808.4,844.04,799.85,22646,29436421.0,5.43,-0.7,-5.7,2.99
2007-10-08,600615,819.09,836.2,855.44,816.24,23897,31460028.0,4.85,3.44,27.8,3.16
2007-10-09,600615,840.47,859.0,879.67,836.91,21537,29173993.0,5.11,2.73,22.8,2.85
2007-10-10,600615,859.0,828.36,883.23,821.23,21401,28583721.0,7.22,-3.57,-30.64,2.83
2007-10-11,600615,828.36,840.47,871.83,822.65,29751,39624256.0,5.94,1.46,12.11,3.93
2007-10-12,600615,824.08,935.26,935.26,820.52,60040,82438904.0,13.65,11.28,94.79,7.93
2007-10-15,600615,958.07,914.59,993.7,901.05,42209,62715291.0,9.91,-2.21,-20.67,5.58
2007-10-16,600615,913.17,900.34,943.81,881.81,22290,31572943.0,6.78,-1.56,-14.25,2.95
2007-10-17,600615,906.75,925.28,943.81,893.92,16944,24408395.0,5.54,2.77,24.94,2.24
2007-10-18,600615,935.26,891.07,935.26,881.81,14717,20623667.0,5.78,-3.7,-34.21,1.94
2007-10-19,600615,886.8,859.0,901.05,851.16,15514,21335803.0,5.6,-3.6,-32.07,2.05
2007-10-22,600615,865.42,842.61,868.98,836.91,12638,16887845.0,3.73,-1.91,-16.39,1.67
2007-10-23,600615,848.31,844.04,858.29,822.65,12438,16450509.0,4.23,0.17,1.43,1.64
2007-10-24,600615,842.61,844.75,856.86,833.34,10968,14581367.0,2.79,0.08,0.71,1.45
2007-10-25,600615,842.61,911.74,939.54,842.61,55315,79222735.0,11.47,7.93,66.99,7.31
2007-10-26,600615,885.37,811.25,893.21,810.54,42141,55488540.0,9.07,-11.02,-100.49,5.57
2007-10-29,600615,804.84,781.32,831.21,751.38,18305,23038399.0,9.84,-3.69,-29.93,2.42
2007-10-30,600615,785.59,819.09,840.47,785.59,10282,13364195.0,7.02,4.83,37.77,1.36
2007-10-31,600615,817.67,858.29,893.21,817.67,15111,20686742.0,9.22,4.79,39.2,2.0
2007-11-01,600615,861.85,868.98,901.05,858.29,16335,22609386.0,4.98,1.25,10.69,2.16
2007-11-02,600615,865.42,896.78,914.59,836.91,24031,33579369.0,8.94,3.2,27.8,3.18
2007-11-05,600615,902.48,949.52,965.2,876.11,28166,41230091.0,9.93,5.88,52.74,3.72
2007-11-06,600615,948.09,944.53,981.59,924.57,23857,35584587.0,6.01,-0.53,-4.99,3.15
2007-11-07,600615,935.26,894.64,962.34,890.36,15777,22723134.0,7.62,-5.28,-49.89,2.09
2007-11-08,600615,895.35,893.92,935.97,879.67,12023,17108536.0,6.29,-0.08,-0.72,1.59
2007-11-09,600615,904.62,897.49,922.43,812.68,20763,28049238.0,12.28,0.4,3.57,2.74
2007-11-12,600615,879.67,978.74,994.42,876.11,67269,101174212.0,13.18,9.05,81.25,8.89
2007-11-13,600615,958.07,1064.26,1087.07,951.65,69021,112100144.0,13.84,8.74,85.52,9.12
2007-11-14,600615,1061.41,1068.54,1084.22,1022.21,33601,54808097.0,5.83,0.4,4.28,4.44
2007-11-15,600615,1057.85,1098.47,1156.2,1024.35,44102,74554432.0,12.34,2.8,29.93,5.83
2007-11-16,600615,1073.53,1036.47,1150.5,1007.96,60439,100948467.0,12.98,-5.64,-62.0,7.99
2007-11-19,600615,1035.04,1035.04,1067.82,1002.26,17541,27950171.0,6.33,-0.14,-1.43,2.32
2007-11-20,600615,1036.47,1061.41,1082.79,1036.47,23217,38069821.0,4.48,2.55,26.37,3.07
2007-11-21,600615,1063.55,1011.52,1086.35,1004.39,26376,42226005.0,7.72,-4.7,-49.89,3.49
2007-11-22,600615,1011.52,951.65,1057.85,950.94,25284,39096644.0,10.57,-5.92,-59.87,3.34
2007-11-23,600615,936.69,981.59,1007.96,930.27,15314,23258338.0,8.16,3.15,29.94,2.02
2007-11-26,600615,1000.12,1053.57,1062.84,990.14,23288,36988434.0,7.41,7.33,71.98,3.08
2007-11-27,600615,1054.28,1046.44,1061.41,1007.96,24209,38762388.0,5.07,-0.68,-7.13,3.2
2007-11-28,600615,1029.34,1116.29,1156.91,1029.34,56496,96913209.0,12.19,6.68,69.85,7.47
2007-11-29,600615,1108.45,1084.93,1154.77,1072.1,37586,64370563.0,7.41,-2.81,-31.36,4.97
2007-11-30,600615,1072.1,1080.65,1145.51,1072.1,18970,32086973.0,6.77,-0.39,-4.28,2.51
2007-12-03,600615,1075.66,1089.21,1099.18,1045.73,11465,18876128.0,4.95,0.79,8.56,1.52
2007-12-04,600615,1096.33,1129.12,1135.53,1057.85,15992,27076791.0,7.13,3.66,39.91,2.11
2007-12-05,600615,1119.14,1106.31,1150.5,1099.18,19970,34259106.0,4.55,-2.02,-22.81,2.64
2007-12-06,600615,1128.4,1176.87,1193.26,1080.65,26659,46740769.0,10.18,6.38,70.56,3.52
2007-12-07,600615,1172.59,1220.34,1245.29,1165.47,34786,64147026.0,6.78,3.69,43.47,4.6
2007-12-10,600615,1207.51,1222.48,1271.66,1179.01,25502,47579632.0,7.59,0.18,2.14,3.37
2007-12-11,600615,1209.65,1223.19,1271.66,1201.81,14637,27414858.0,5.71,0.06,0.71,1.93
2007-12-12,600615,1229.61,1172.59,1243.15,1143.37,23203,42020981.0,8.16,-4.14,-50.6,3.07
2007-12-13,600615,1159.05,1119.14,1192.55,1106.31,28100,48959745.0,7.35,-4.56,-53.45,3.71
2007-12-14,600615,1094.19,1154.06,1154.06,1070.68,32004,54395835.0,7.45,3.12,34.92,4.23
2007-12-17,600615,1144.08,1099.18,1144.8,1028.63,65667,108663343.0,10.07,-4.76,-54.88,8.68
2007-12-18,600615,1079.23,1048.58,1121.99,1043.59,37303,61758721.0,7.13,-4.6,-50.6,4.93
2007-12-19,600615,1061.41,1104.17,1125.55,1037.18,34250,57189611.0,8.43,5.3,55.59,4.53
2007-12-20,600615,1100.61,1115.58,1143.37,1077.09,21041,36154532.0,6.0,1.03,11.41,2.78
2007-12-21,600615,1097.76,1099.18,1128.4,1089.21,28758,48963542.0,3.51,-1.47,-16.4,3.8
2007-12-24,600615,1118.43,1134.82,1150.5,1074.24,48154,82338604.0,6.94,3.24,35.64,6.36
2007-12-25,600615,1136.24,1187.56,1193.26,1114.86,31263,55572536.0,6.91,4.65,52.74,4.13
2007-12-26,600615,1187.56,1280.92,1300.17,1170.45,48853,92557085.0,10.92,7.86,93.36,6.46
2008-04-09,600615,1142.66,1142.66,1142.66,1142.66,4993,8732757.0,0.0,-10.79,-138.26,0.38
2008-04-10,600615,1017.94,1017.94,1017.94,1017.94,2865,4509510.0,0.0,-10.91,-124.72,0.22
2008-04-11,600615,906.04,1038.6,1070.68,906.04,155791,229004231.0,16.17,2.03,20.66,11.74
2008-04-14,600615,929.56,924.57,948.8,924.57,37325,54275821.0,2.33,-10.98,-114.03,2.81
2008-04-15,600615,821.94,821.94,851.16,821.94,72568,94457607.0,3.16,-11.1,-102.63,5.47
2008-04-16,600615,798.42,743.54,844.04,729.29,87926,107667112.0,13.96,-9.54,-78.4,6.63
2008-04-17,600615,702.21,696.51,730.0,663.01,63162,70274020.0,9.01,-6.33,-47.03,4.76
2008-04-18,600615,665.86,671.56,715.75,664.43,46371,51664169.0,7.37,-3.58,-24.95,3.49
2008-04-21,600615,715.75,593.88,728.58,593.88,60803,63578046.0,20.06,-11.57,-77.68,4.58
2008-04-22,600615,551.83,566.08,583.19,524.74,41504,38385353.0,9.84,-4.68,-27.8,3.13
2008-04-23,600615,551.83,583.9,598.15,538.29,41794,39562415.0,10.57,3.15,17.82,3.15
2008-04-24,600615,629.51,653.03,653.03,608.84,74423,76922656.0,7.57,11.84,69.13,5.61
2008-04-25,600615,662.3,638.78,680.11,638.06,60775,65341491.0,6.44,-2.18,-14.25,4.58
2008-04-28,600615,616.68,605.99,631.65,587.46,30815,30751969.0,6.92,-5.13,-32.79,2.32
2008-04-29,600615,596.01,677.26,677.26,596.01,34623,37111091.0,13.41,11.76,71.27,2.61
2008-04-30,600615,692.23,755.66,755.66,687.24,77186,89085573.0,10.1,11.58,78.4,5.82
2008-05-06,600615,786.31,836.91,841.9,755.66,92948,120193791.0,11.41,10.75,81.25,7.01
2008-05-07,600615,829.78,801.27,849.74,797.0,40273,52227489.0,6.3,-4.26,-35.64,3.04
2008-05-08,600615,787.02,891.79,891.79,785.59,45569,61052611.0,13.25,11.3,90.52,3.43
2008-05-09,600615,901.05,908.18,918.87,861.85,42942,60512390.0,6.39,1.84,16.39,3.24
2008-05-12,600615,880.38,898.2,912.46,861.85,26692,37320624.0,5.57,-1.1,-9.98,2.01
2008-05-13,600615,865.42,846.17,893.92,829.78,33969,45913794.0,7.14,-5.79,-52.03,2.56
2008-05-14,600615,838.33,868.27,929.56,838.33,27153,37407436.0,10.78,2.61,22.1,2.05
2008-05-15,600615,868.27,862.57,908.18,844.75,22525,31284192.0,7.31,-0.66,-5.7,1.7
2008-05-16,600615,851.16,884.66,886.8,806.26,25188,33784028.0,9.34,2.56,22.09,1.9
2008-05-19,600615,864.7,839.05,884.66,836.91,12247,16522487.0,5.4,-5.16,-45.61,0.92
2008-05-20,600615,830.49,801.99,860.43,791.3,17560,22882669.0,8.24,-4.42,-37.06,1.32
2008-05-21,600615,776.33,834.06,858.29,765.64,17364,21793196.0,11.55,4.0,32.07,1.31
2008-05-22,600615,819.09,815.53,861.85,801.99,15361,20357668.0,7.18,-2.22,-18.53,1.16
2008-05-23,600615,821.94,816.24,833.34,794.15,6623,8520045.0,4.81,0.09,0.71,0.5
2008-05-26,600615,804.84,776.33,814.81,772.77,9112,11393631.0,5.15,-4.89,-39.91,0.69
2008-05-27,600615,777.04,766.35,787.02,752.81,10785,13226409.0,4.41,-1.29,-9.98,0.81
2008-05-28,600615,757.09,853.3,853.3,757.09,45831,60865952.0,12.55,11.35,86.95,3.45
2008-05-29,600615,846.89,801.27,864.7,799.85,22171,29273429.0,7.6,-6.1,-52.03,1.67
2008-05-30,600615,787.02,822.65,847.6,787.02,13965,18067837.0,7.56,2.67,21.38,1.05
2008-06-02,600615,821.23,829.07,853.3,800.56,14182,18561834.0,6.41,0.78,6.42,1.07
2008-06-03,600615,844.04,803.41,844.04,796.28,9232,11807504.0,5.76,-3.1,-25.66,0.7
2008-06-04,600615,799.85,829.07,833.34,792.72,7847,10072997.0,5.06,3.19,25.66,0.59
2008-06-05,600615,814.1,843.32,845.46,814.1,13434,17747255.0,3.78,1.72,14.25,1.01
2008-06-06,600615,842.61,846.89,877.53,833.34,28087,37921086.0,5.24,0.42,3.57,2.12
2008-06-10,600615,787.02,752.1,815.53,752.1,20975,25395936.0,7.49,-11.19,-94.79,1.58
2008-06-11,600615,737.13,722.16,751.38,687.95,12848,14884577.0,8.43,-3.98,-29.94,0.97
2008-06-12,600615,705.06,695.08,744.97,658.73,11783,13172877.0,11.94,-3.75,-27.08,0.89
2008-06-13,600615,687.95,682.25,717.17,669.42,5738,6447187.0,6.87,-1.85,-12.83,0.43
2008-06-16,600615,686.53,698.64,715.75,680.83,9654,10913210.0,5.12,2.4,16.39,0.73
2008-06-17,600615,710.05,618.11,728.58,618.11,15769,16541732.0,15.81,-11.53,-80.53,1.19
2008-06-18,600615,601.72,622.38,655.17,546.13,20706,20162071.0,17.64,0.69,4.27,1.56
2008-06-19,600615,606.71,549.69,609.56,549.69,10445,9922568.0,9.62,-11.68,-72.69,0.79
2008-06-20,600615,541.14,536.15,580.33,492.67,14629,13432845.0,15.95,-2.46,-13.54,1.1
2008-06-23,600615,536.15,536.15,555.39,514.77,3990,3598917.0,7.58,0.0,0.0,0.3
2008-06-24,600615,525.46,553.96,554.68,516.19,7255,6534986.0,7.18,3.32,17.81,0.55
2008-06-25,600615,551.83,589.6,601.0,548.98,8906,8553018.0,9.39,6.43,35.64,0.67
2008-06-26,600615,580.33,596.73,619.53,573.92,11117,10964563.0,7.74,1.21,7.13,0.84
2008-06-27,600615,580.33,526.88,580.33,526.88,6033,5489009.0,8.96,-11.71,-69.85,0.45
2008-06-30,600615,527.59,502.65,543.27,491.25,4909,4252982.0,9.87,-4.6,-24.23,0.37
2008-07-01,600615,489.11,450.62,516.19,442.07,11155,8827370.0,14.75,-10.35,-52.03,0.84
2008-07-02,600615,449.91,462.74,483.41,430.67,12679,10016156.0,11.7,2.69,12.12,0.96
2008-07-03,600615,452.05,483.41,507.64,435.66,10929,8894152.0,15.56,4.47,20.67,0.82
2008-07-04,600615,466.3,491.25,498.37,466.3,8719,7125170.0,6.63,1.62,7.84,0.66
2008-07-07,600615,492.67,523.32,534.01,479.13,16148,14043796.0,11.17,6.53,32.07,1.22
2008-07-08,600615,534.01,535.43,543.27,509.06,10190,9046117.0,6.54,2.31,12.11,0.77
2008-07-09,600615,543.27,548.26,563.23,537.57,14085,12906240.0,4.79,2.4,12.83,1.06
2008-07-10,600615,558.95,553.96,572.5,542.56,14070,13066593.0,5.46,1.04,5.7,1.06
2008-07-11,600615,552.54,606.71,616.68,544.7,29904,29256385.0,12.99,9.52,52.75,2.25
2008-07-14,600615,601.0,608.84,612.41,586.75,16443,16273580.0,4.23,0.35,2.13,1.24
2008-07-15,600615,608.84,551.11,631.65,539.0,17090,16333370.0,15.22,-9.48,-57.73,1.29
2008-07-16,600615,543.27,485.55,545.41,485.55,10834,9259726.0,10.86,-11.9,-65.56,0.82
2008-07-17,600615,488.4,484.12,536.86,475.57,10119,8654909.0,12.62,-0.29,-1.43,0.76
2008-07-18,600615,487.68,515.48,518.33,467.73,6991,5867933.0,10.45,6.48,31.36,0.53
2008-07-21,600615,508.35,542.56,551.83,488.4,17980,16007353.0,12.31,5.25,27.08,1.36
2008-07-22,600615,573.92,562.52,593.16,558.95,19606,18674095.0,6.31,3.68,19.96,1.48
2008-07-23,600615,569.64,573.21,583.9,551.83,17740,16864495.0,5.7,1.9,10.69,1.34
2008-07-25,600615,590.31,640.91,640.91,590.31,95493,98987095.0,8.83,11.81,67.7,7.2
2008-07-28,600615,662.3,652.32,670.14,632.36,76085,80582724.0,5.89,1.78,11.41,5.73
2008-07-29,600615,630.94,613.83,641.63,587.46,36262,36408437.0,8.3,-5.9,-38.49,2.73
2008-07-30,600615,622.38,592.45,629.51,588.17,24256,24250967.0,6.73,-3.48,-21.38,1.83
2008-07-31,600615,588.89,551.11,594.59,548.26,25549,23983770.0,7.82,-6.98,-41.34,1.93
2008-08-01,600615,543.27,561.09,580.33,539.0,24134,22559084.0,7.5,1.81,9.98,1.82
2008-08-04,600615,558.95,551.83,576.06,523.32,18105,16589469.0,9.4,-1.65,-9.26,1.36
2008-08-05,600615,550.4,516.19,554.68,510.49,12727,11494395.0,8.01,-6.46,-35.64,0.96
2008-08-06,600615,518.33,516.19,532.58,474.14,16256,13975225.0,11.32,0.0,0.0,1.23
2008-08-07,600615,507.64,578.2,578.2,504.08,33828,31312950.0,14.36,12.01,62.01,2.55
2008-08-08,600615,578.2,526.17,621.67,523.32,42444,40683014.0,17.01,-9.0,-52.03,3.2
2008-08-11,600615,509.06,464.16,529.73,463.45,26013,21660912.0,12.6,-11.79,-62.01,1.96
2008-08-12,600615,444.21,437.79,463.45,423.54,17600,13534844.0,8.6,-5.68,-26.37,1.33
2008-08-13,600615,430.67,419.26,441.36,392.18,17578,12730370.0,11.23,-4.23,-18.53,1.32
2008-08-14,600615,412.85,435.66,444.92,412.85,12593,9422428.0,7.65,3.91,16.4,0.95
2008-08-15,600615,423.54,435.66,444.21,415.7,15320,11534904.0,6.54,0.0,0.0,1.15
2008-08-18,600615,431.38,381.49,436.37,381.49,19219,13424328.0,12.6,-12.43,-54.17,1.45
2008-08-19,600615,359.4,382.92,386.48,352.27,13638,9132185.0,8.97,0.37,1.43,1.03
2008-08-20,600615,373.65,422.83,429.95,359.4,23674,17023688.0,18.42,10.42,39.91,1.78
2008-08-21,600615,409.29,426.39,448.48,389.33,25910,18958558.0,13.99,0.84,3.56,1.95
2008-08-22,600615,416.41,428.53,457.75,410.0,24800,18746602.0,11.2,0.5,2.14,1.87
2008-08-25,600615,423.54,422.11,442.07,403.58,12981,9637061.0,8.98,-1.5,-6.42,0.98
2008-08-26,600615,410.0,375.79,422.11,370.09,18240,12620197.0,12.32,-10.97,-46.32,1.37
2008-08-27,600615,375.08,423.54,423.54,369.37,27457,19465971.0,14.41,12.71,47.75,2.07
2008-08-28,600615,419.26,424.97,444.92,410.0,32898,24748762.0,8.24,0.34,1.43,2.48
2008-08-29,600615,416.41,443.5,453.47,403.58,34903,26320468.0,11.74,4.36,18.53,2.63
2008-09-01,600615,431.38,411.42,433.52,402.87,18441,13507106.0,6.91,-7.23,-32.08,1.39
2008-09-02,600615,404.3,398.6,415.7,386.48,12609,8942111.0,7.1,-3.12,-12.82,0.95
2008-09-03,600615,393.61,380.78,405.01,366.52,12282,8418147.0,9.66,-4.47,-17.82,0.92
2008-09-04,600615,370.8,395.03,398.6,370.8,10152,7054009.0,7.3,3.74,14.25,0.76
2008-09-05,600615,377.21,370.8,396.46,370.09,12080,8219177.0,6.68,-6.13,-24.23,0.91
2008-09-08,600615,377.21,418.55,418.55,367.24,41619,29505707.0,13.84,12.88,47.75,3.13
2008-09-09,600615,430.67,407.15,440.64,405.72,47451,34919040.0,8.34,-2.72,-11.4,3.57
2008-09-10,600615,394.32,429.24,452.05,370.8,45684,33411897.0,19.96,5.43,22.09,3.43
2008-09-11,600615,428.53,479.13,482.69,417.13,80569,63057117.0,15.27,11.62,49.89,6.05
2008-09-12,600615,464.88,444.21,475.57,441.36,56834,44867784.0,7.14,-7.29,-34.92,4.27
2008-09-16,600615,437.79,413.56,464.88,397.88,35098,26381908.0,15.08,-6.9,-30.65,2.64
2008-09-17,600615,401.45,385.77,416.41,370.8,30798,21319403.0,11.03,-6.72,-27.79,2.31
2008-09-18,600615,367.24,357.97,380.78,336.59,35282,22719033.0,11.46,-7.21,-27.8,2.65
2008-09-19,600615,402.16,404.3,404.3,385.05,39732,28121784.0,5.38,12.94,46.33,2.99
2008-09-22,600615,422.83,430.67,451.34,392.18,59925,44307164.0,14.63,6.52,26.37,4.5
2008-09-23,600615,402.16,377.21,412.85,377.21,28872,20127770.0,8.28,-12.41,-53.46,2.17
2008-09-24,600615,373.65,403.58,407.86,363.67,26988,18661901.0,11.71,6.99,26.37,2.03
2008-09-25,600615,399.31,412.85,423.54,399.31,35287,25589114.0,6.0,2.3,9.27,2.65
2008-09-26,600615,412.85,414.99,427.82,397.88,32762,23758797.0,7.25,0.52,2.14,2.46
2008-10-06,600615,395.03,378.64,400.02,373.65,23316,15986750.0,6.35,-8.76,-36.35,1.75
2008-10-07,600615,366.52,384.34,387.9,357.97,15634,10522702.0,7.9,1.51,5.7,1.17
2008-10-08,600615,371.51,350.84,383.63,345.86,18688,12199237.0,9.83,-8.72,-33.5,1.4
2008-10-09,600615,361.53,342.29,367.24,341.58,13224,8474660.0,7.31,-2.44,-8.55,0.99
2008-10-10,600615,333.03,297.39,333.03,297.39,30122,17063016.0,10.41,-13.12,-44.9,2.26
2008-10-13,600615,268.17,292.4,298.82,257.48,31463,16469130.0,13.9,-1.68,-4.99,2.36
2008-10-14,600615,305.94,253.2,309.51,252.49,38964,21214068.0,19.5,-13.41,-39.2,2.93
2008-10-15,600615,241.8,263.18,271.02,231.82,27240,13628736.0,15.48,3.94,9.98,2.05
2008-10-16,600615,241.8,239.66,261.04,239.66,20719,10286211.0,8.12,-8.94,-23.52,1.56
2008-10-17,600615,238.24,233.25,251.07,223.98,14368,6870710.0,11.3,-2.67,-6.41,1.08
2008-10-20,600615,238.24,252.49,258.19,231.11,28625,14244011.0,11.61,8.25,19.24,2.15
2008-10-21,600615,246.79,253.92,273.16,245.36,36128,18287076.0,11.01,0.57,1.43,2.72
2008-10-22,600615,245.36,253.2,263.18,241.8,20854,10378516.0,8.42,-0.28,-0.72,1.57
2008-10-23,600615,245.36,268.17,269.6,245.36,41006,20954006.0,9.57,5.91,14.97,3.08
2008-10-24,600615,266.75,248.93,271.02,246.08,30727,15559058.0,9.3,-7.17,-19.24,2.31
2008-10-27,600615,238.95,214.01,238.95,214.01,16304,7366798.0,10.02,-14.03,-34.92,1.23
2008-10-28,600615,199.04,206.88,215.43,183.36,28661,12206213.0,14.99,-3.33,-7.13,2.15
2008-10-29,600615,210.44,175.52,212.58,175.52,23374,9658654.0,17.91,-15.16,-31.36,1.76
2008-10-30,600615,171.24,173.38,182.65,161.98,23802,9240633.0,11.78,-1.22,-2.14,1.79
2008-10-31,600615,173.38,170.53,178.37,161.26,17279,6630232.0,9.87,-1.64,-2.85,1.3
2008-11-03,600615,174.09,169.82,178.37,164.83,18498,7203777.0,7.94,-0.42,-0.71,1.39
2008-11-04,600615,166.97,143.45,166.97,142.73,26287,9307606.0,14.27,-15.53,-26.37,1.98
2008-11-05,600615,147.01,153.43,156.99,144.16,31785,11383105.0,8.94,6.96,9.98,2.39
2008-11-06,600615,147.01,139.17,147.01,131.33,21920,7412679.0,10.22,-9.29,-14.26,1.65
2008-11-07,600615,131.33,148.44,152.71,131.33,27739,9744129.0,15.36,6.66,9.27,2.08
2008-11-10,600615,156.99,169.82,172.67,151.29,43263,16255533.0,14.4,14.4,21.38,3.25
2008-11-11,600615,169.82,165.54,179.8,161.98,43238,16753818.0,10.49,-2.52,-4.28,3.25
2008-11-12,600615,163.4,192.62,192.62,161.98,32326,13211584.0,18.51,16.36,27.08,2.43
2008-11-13,600615,206.17,206.17,216.14,194.05,109353,47255115.0,11.47,7.03,13.55,8.22
2008-11-14,600615,205.45,221.84,226.83,201.89,72301,32232304.0,12.1,7.6,15.67,5.43
2008-11-17,600615,214.01,241.09,242.51,208.3,77262,35657743.0,15.42,8.68,19.25,5.81
2008-11-18,600615,238.24,206.88,245.36,206.88,62457,28480527.0,15.96,-14.19,-34.21,4.69
2008-11-19,600615,203.31,231.11,235.39,202.6,57785,26234179.0,15.85,11.71,24.23,4.34
2008-11-20,600615,225.41,251.07,264.61,218.28,88657,43580671.0,20.05,8.64,19.96,6.66
2008-11-21,600615,243.23,255.34,273.16,215.43,103368,50476593.0,22.99,1.7,4.27,7.77
2008-11-24,600615,255.34,221.84,255.34,220.42,50988,24089402.0,13.68,-13.12,-33.5,3.83
2008-11-25,600615,227.55,241.09,243.23,211.15,64392,30344906.0,14.46,8.68,19.25,4.84
2008-11-26,600615,236.81,231.82,245.36,225.41,35096,16676972.0,8.27,-3.85,-9.27,2.64
2008-11-27,600615,265.32,234.67,265.32,234.67,75308,37397789.0,13.22,1.23,2.85,5.66
2008-11-28,600615,226.12,233.25,245.36,214.01,54090,25305130.0,13.36,-0.61,-1.42,4.07
2008-12-01,600615,233.25,266.75,266.75,228.26,115284,58535765.0,16.5,14.36,33.5,8.66
2008-12-02,600615,266.75,269.6,284.56,258.91,132200,69003930.0,9.62,1.07,2.85,9.94
2008-12-03,600615,266.75,285.28,298.82,263.89,102635,55611998.0,12.96,5.82,15.68,7.71
2008-12-04,600615,288.13,279.57,302.38,277.44,99937,55235745.0,8.74,-2.0,-5.71,7.51
2008-12-05,600615,283.85,318.06,318.06,283.85,243816,143977881.0,12.24,13.77,38.49,18.32
2008-12-08,600615,320.2,340.87,343.72,306.66,255431,153875326.0,11.65,7.17,22.81,19.2
2008-12-09,600615,328.04,310.22,332.31,309.51,130392,77572056.0,6.69,-8.99,-30.65,9.8
2008-12-10,600615,308.08,316.63,317.35,296.68,81091,47101045.0,6.66,2.07,6.41,6.09
2008-12-11,600615,314.5,293.12,317.35,292.4,67408,38690313.0,7.88,-7.43,-23.51,5.07
2008-12-12,600615,288.13,262.47,290.98,256.05,67600,35968008.0,11.92,-10.46,-30.65,5.08
2008-12-15,600615,263.18,273.16,273.87,257.48,51423,26766106.0,6.24,4.07,10.69,3.86
2008-12-16,600615,270.31,286.7,290.98,258.19,64345,34128687.0,12.0,4.96,13.54,4.84
2008-12-17,600615,288.13,289.55,300.95,281.71,66087,36661047.0,6.71,0.99,2.85,4.97
2008-12-18,600615,296.68,301.67,307.37,288.13,68779,38673509.0,6.64,4.19,12.12,5.17
2008-12-19,600615,300.24,299.53,306.66,292.4,62784,35586238.0,4.73,-0.71,-2.14,4.72
2008-12-23,600615,297.39,258.91,297.39,258.91,73600,38737650.0,12.85,-13.56,-40.62,5.53
2008-12-24,600615,258.91,232.54,258.91,228.26,44639,21587685.0,11.84,-10.19,-26.37,3.35
2008-12-25,600615,237.52,228.97,240.38,218.28,27540,12943747.0,9.5,-1.54,-3.57,2.07
2008-12-26,600615,230.4,226.83,234.67,224.7,21605,10103206.0,4.35,-0.93,-2.14,1.62
2008-12-29,600615,226.83,223.27,227.55,209.73,24255,10959273.0,7.86,-1.57,-3.56,1.82
2008-12-30,600615,222.56,216.86,228.26,214.01,20478,9358026.0,6.38,-2.87,-6.41,1.54
2008-12-31,600615,221.84,206.88,223.27,206.17,18773,8334364.0,7.89,-4.6,-9.98,1.41
2009-01-05,600615,212.58,221.84,222.56,210.44,24338,10966074.0,5.86,7.23,14.96,1.83
2009-01-06,600615,221.13,239.66,239.66,217.57,44197,20740521.0,9.96,8.03,17.82,3.32
2009-01-07,600615,238.24,240.38,250.35,234.67,40305,19611440.0,6.54,0.3,0.72,3.03
2009-01-08,600615,234.67,234.67,249.64,225.41,45307,21919122.0,10.08,-2.38,-5.71,3.4
2009-01-09,600615,238.24,251.07,251.78,231.82,48512,23855131.0,8.51,6.99,16.4,3.65
2009-01-12,600615,248.93,257.48,271.73,245.36,58812,29898109.0,10.5,2.55,6.41,4.42
2009-01-13,600615,258.91,242.51,258.91,238.95,39960,19744619.0,7.75,-5.81,-14.97,3.0
2009-01-14,600615,245.36,258.91,260.33,241.8,40031,20087709.0,7.64,6.76,16.4,3.01
2009-01-15,600615,253.92,266.03,273.16,253.2,67494,34994670.0,7.71,2.75,7.12,5.07
2009-01-16,600615,266.75,270.31,286.7,266.03,61598,32812975.0,7.77,1.61,4.28,4.63
2009-01-19,600615,276.72,285.28,286.7,266.75,63315,33889706.0,7.38,5.54,14.97,4.76
2009-01-20,600615,285.28,283.14,285.28,273.16,47554,25526131.0,4.25,-0.75,-2.14,3.57
2009-01-21,600615,306.66,313.07,321.62,296.68,217444,127009751.0,8.81,10.57,29.93,16.34
2009-01-23,600615,305.23,294.54,309.51,292.4,89681,50619074.0,5.47,-5.92,-18.53,6.74
2009-02-02,600615,294.54,304.52,305.94,293.12,50768,28825795.0,4.35,3.39,9.98,3.82
2009-02-03,600615,310.93,322.34,340.15,310.22,118321,70941498.0,9.83,5.85,17.82,8.89
2009-02-04,600615,320.91,330.18,333.74,313.07,117138,70445425.0,6.41,2.43,7.84,8.8
2009-02-05,600615,331.6,352.27,356.55,325.19,156558,96319676.0,9.5,6.69,22.09,11.77
2009-02-06,600615,345.14,362.96,373.65,343.0,135232,87913943.0,8.7,3.03,10.69,10.16
2009-02-09,600615,370.8,385.05,393.61,352.98,146809,97876393.0,11.19,6.09,22.09,11.03
2009-02-10,600615,402.16,434.23,434.23,401.45,225942,168022001.0,8.51,12.77,49.18,16.98
2009-02-11,600615,452.76,488.4,488.4,452.76,139328,113277949.0,8.21,12.47,54.17,10.47
2009-02-13,600615,547.55,547.55,547.55,547.55,22343,20421804.0,0.0,12.11,59.15,1.68
2009-02-16,600615,612.41,612.41,612.41,595.3,405916,407092424.0,3.12,11.85,64.86,30.51
2009-02-17,600615,605.28,588.89,626.66,563.23,330587,325243376.0,10.36,-3.84,-23.52,24.84
2009-02-18,600615,569.64,598.87,605.99,566.08,198687,191914697.0,6.78,1.69,9.98,14.93
2009-02-19,600615,608.84,540.42,612.41,531.16,208678,193183270.0,13.57,-9.76,-58.45,15.68
2009-02-20,600615,534.01,545.41,556.82,523.32,151107,136975466.0,6.2,0.92,4.99,11.36
2009-02-23,600615,536.15,556.82,578.91,530.45,169920,157171260.0,8.89,2.09,11.41,12.77
2009-02-24,600615,541.85,492.67,551.83,490.53,218098,190485587.0,11.01,-11.52,-64.15,16.39
2009-02-25,600615,495.52,501.94,508.35,481.27,133269,112102548.0,5.5,1.88,9.27,10.02
2009-02-26,600615,494.81,462.74,512.63,441.36,117729,97150523.0,14.2,-7.81,-39.2,8.85
2009-02-27,600615,455.61,459.18,482.69,432.09,150263,118566220.0,10.93,-0.77,-3.56,11.29
2009-03-02,600615,452.05,472.0,476.99,439.22,130936,104028148.0,8.23,2.79,12.82,8.6
2009-03-03,600615,451.34,481.98,501.94,432.81,164284,132392608.0,14.65,2.11,9.98,10.79
2009-03-04,600615,479.13,507.64,524.74,476.99,180170,153407678.0,9.91,5.32,25.66,11.84
2009-03-05,600615,505.5,496.24,519.04,477.71,156910,132959191.0,8.14,-2.25,-11.4,10.31
2009-03-06,600615,480.56,468.44,485.55,462.74,97358,78736751.0,4.6,-5.6,-27.8,6.4
2009-03-09,600615,467.73,447.77,491.96,444.92,85859,69197577.0,10.04,-4.41,-20.67,5.64
2009-03-10,600615,436.37,459.18,460.6,423.54,65245,49945314.0,8.28,2.55,11.41,4.29
2009-03-11,600615,463.45,484.83,493.39,458.46,132432,108086022.0,7.61,5.59,25.65,8.7
2009-03-12,600615,484.12,493.39,510.49,449.2,180560,149192695.0,12.64,1.77,8.56,11.86
2009-03-13,600615,489.11,454.19,494.81,452.05,104144,84462009.0,8.67,-7.95,-39.2,6.84
2009-03-16,600615,445.63,456.32,466.3,436.37,67760,52652326.0,6.59,0.47,2.13,4.45
2009-03-17,600615,461.31,478.42,484.83,453.47,76524,61703840.0,6.87,4.84,22.1,5.03
2009-03-18,600615,484.83,482.69,504.08,479.13,141319,117993057.0,5.22,0.89,4.27,9.29
2009-03-19,600615,487.68,509.06,519.04,487.68,171066,146747951.0,6.5,5.46,26.37,11.24
2009-03-20,600615,507.64,494.81,508.35,482.69,112466,94426836.0,5.04,-2.8,-14.25,7.39
2009-03-23,600615,495.52,520.47,521.89,493.39,141736,122925601.0,5.76,5.19,25.66,9.31
2009-03-24,600615,535.43,528.31,536.86,514.05,116110,102428404.0,4.38,1.51,7.84,7.63
2009-03-25,600615,522.61,494.81,523.32,494.1,108541,93499008.0,5.53,-6.34,-33.5,7.13
2009-03-26,600615,504.79,518.33,527.59,499.8,107383,93172558.0,5.62,4.75,23.52,7.06
2009-03-27,600615,521.89,521.18,526.88,506.93,116236,101337927.0,3.85,0.55,2.85,7.64
2009-03-30,600615,522.61,573.21,583.9,519.76,207735,192557555.0,12.31,9.98,52.03,13.65
2009-03-31,600615,554.68,562.52,570.36,531.87,143792,132013041.0,6.71,-1.86,-10.69,9.45
2009-04-01,600615,569.64,559.67,571.78,551.83,112344,104462283.0,3.55,-0.51,-2.85,7.38
2009-04-02,600615,560.38,546.13,585.32,544.7,114465,107174266.0,7.26,-2.42,-13.54,7.52
2009-04-03,600615,546.84,524.03,555.39,511.2,114161,101259564.0,8.09,-4.05,-22.1,7.5
2009-04-07,600615,517.62,533.3,533.3,514.77,61271,53956825.0,3.54,1.77,9.27,4.03
2009-04-08,600615,531.16,490.53,532.58,489.11,67038,57933214.0,8.15,-8.02,-42.77,4.4
2009-04-09,600615,480.56,494.1,494.81,476.99,49291,40876185.0,3.63,0.73,3.57,3.24
2009-04-10,600615,499.09,514.77,515.48,496.24,67422,57894762.0,3.89,4.18,20.67,4.43
2009-04-13,600615,515.48,519.04,527.59,509.78,75515,66208081.0,3.46,0.83,4.27,4.96
2009-04-14,600615,516.19,524.03,526.17,508.35,71544,62419109.0,3.43,0.96,4.99,4.7
2009-04-15,600615,519.76,541.85,544.7,516.19,97846,87639096.0,5.44,3.4,17.82,6.43
2009-04-16,600615,545.41,553.25,556.82,523.32,123261,111884180.0,6.18,2.1,11.4,8.1
2009-04-17,600615,552.54,566.79,581.76,546.13,169273,158631931.0,6.44,2.45,13.54,11.12
2009-04-20,600615,571.78,575.35,581.05,556.82,130863,123715919.0,4.27,1.51,8.56,8.6
2009-04-21,600615,569.64,551.83,573.21,535.43,106201,98186023.0,6.57,-4.09,-23.52,6.98
2009-04-22,600615,551.83,520.47,575.35,517.62,103900,95624602.0,10.46,-5.68,-31.36,6.83
2009-04-23,600615,529.73,501.94,536.15,480.56,101371,86325440.0,10.68,-3.56,-18.53,6.66
2009-04-24,600615,501.94,491.25,505.5,485.55,59683,50077177.0,3.97,-2.13,-10.69,3.92
2009-04-27,600615,491.25,459.18,494.81,459.18,57222,46168360.0,7.25,-6.53,-32.07,3.76
2009-04-28,600615,457.75,472.72,473.43,456.32,35388,28188235.0,3.73,2.95,13.54,2.33
2009-04-29,600615,474.85,488.4,490.53,470.58,50990,41852479.0,4.22,3.32,15.68,3.35
2009-04-30,600615,487.68,496.95,513.34,486.97,62742,53188506.0,5.4,1.75,8.55,4.12
2009-05-04,600615,499.09,520.47,526.17,494.81,69562,59965253.0,6.31,4.73,23.52,4.57
2009-05-05,600615,520.47,524.74,531.87,509.06,72296,63261972.0,4.38,0.82,4.27,4.75
2009-05-06,600615,521.18,526.88,539.71,514.05,76756,67869775.0,4.89,0.41,2.14,5.04
2009-05-07,600615,530.45,511.2,541.14,501.94,78494,68546404.0,7.44,-2.98,-15.68,5.16
2009-05-08,600615,505.5,530.45,537.57,494.81,102636,89841331.0,8.36,3.77,19.25,6.74
2009-05-11,600615,543.27,489.82,545.41,486.97,83610,73282921.0,11.02,-7.66,-40.63,5.49
2009-05-12,600615,480.56,500.51,501.94,472.0,44728,37102749.0,6.11,2.18,10.69,2.94
2009-05-14,600615,494.81,494.1,501.94,483.41,41797,34988319.0,3.7,-1.28,-6.41,2.75
2009-05-15,600615,496.95,504.08,508.35,494.1,43034,36554364.0,2.88,2.02,9.98,2.83
2009-05-18,600615,501.22,516.19,519.04,480.56,54282,45940287.0,7.63,2.4,12.11,3.57
2009-05-19,600615,522.61,523.32,534.72,516.19,95724,84542593.0,3.59,1.38,7.13,6.29
2009-05-20,600615,521.18,511.2,528.31,510.49,53786,47054732.0,3.41,-2.32,-12.12,3.53
2009-05-21,600615,501.94,487.68,512.63,486.97,44898,37818031.0,5.02,-4.6,-23.52,2.95
2009-05-22,600615,486.97,491.25,496.24,484.12,23120,19263177.0,2.49,0.73,3.57,1.52
2009-05-25,600615,469.87,486.97,491.25,462.74,30645,25070393.0,5.8,-0.87,-4.28,2.01
2009-05-26,600615,486.97,487.68,493.39,482.69,32940,27338385.0,2.2,0.15,0.71,2.16
2009-05-27,600615,489.11,483.41,493.39,480.56,25714,21300015.0,2.63,-0.88,-4.27,1.69
2009-06-01,600615,485.55,491.25,503.36,485.55,40130,33737052.0,3.68,1.62,7.84,2.64
2009-06-02,600615,491.25,505.5,512.63,491.25,77017,65550567.0,4.35,2.9,14.25,5.06
2009-06-03,600615,509.06,534.72,558.95,509.06,166465,149499358.0,9.87,5.78,29.22,10.94
2009-06-04,600615,536.86,525.46,542.56,512.63,104506,92634812.0,5.6,-1.73,-9.26,6.87
2009-06-05,600615,527.59,536.15,551.11,527.59,123802,112248830.0,4.48,2.03,10.69,8.13
2009-06-08,600615,541.14,600.29,600.29,541.14,321390,311339326.0,11.03,11.96,64.14,21.12
2009-06-09,600615,603.85,623.81,665.86,584.61,384907,393561868.0,13.54,3.92,23.52,25.29
2009-06-10,600615,620.25,633.08,653.03,608.84,232318,241062065.0,7.08,1.49,9.27,15.26
2009-06-11,600615,623.1,607.42,628.8,600.29,144656,145521682.0,4.5,-4.05,-25.66,9.5
2009-06-12,600615,603.14,568.93,603.14,559.67,142984,137015847.0,7.16,-6.34,-38.49,9.39
2009-06-15,600615,561.09,589.6,590.31,557.53,77562,74051776.0,5.76,3.63,20.67,5.1
2009-06-16,600615,586.04,624.52,630.22,577.48,133241,134416017.0,8.95,5.92,34.92,8.75
2009-06-17,600615,624.52,638.78,650.89,610.27,118188,121668126.0,6.5,2.28,14.26,7.77
2009-06-18,600615,639.49,626.66,648.04,623.1,82549,85202510.0,3.9,-1.9,-12.12,5.42
2009-06-19,600615,623.1,629.51,647.33,619.53,76439,79168327.0,4.44,0.45,2.85,5.02
2009-06-22,600615,643.05,614.54,643.05,609.56,75667,77050061.0,5.32,-2.38,-14.97,4.97
2009-06-23,600615,607.42,615.26,625.24,600.29,65893,66623415.0,4.06,0.12,0.72,4.33
2009-06-24,600615,608.84,615.97,620.25,608.13,44033,44295091.0,1.97,0.12,0.71,2.89
2009-06-25,600615,620.25,655.17,665.86,619.53,136953,145081914.0,7.52,6.36,39.2,9.0
2009-06-26,600615,651.61,655.17,662.3,635.93,92325,97560858.0,4.02,0.0,0.0,6.07
2009-06-29,600615,655.88,660.16,685.1,644.48,107274,116540669.0,6.2,0.76,4.99,7.05
2009-06-30,600615,660.16,643.05,665.86,639.49,76441,80753958.0,3.99,-2.59,-17.11,5.02
2009-07-01,600615,637.35,658.02,679.4,636.64,103862,111755982.0,6.65,2.33,14.97,6.82
2009-07-02,600615,672.27,663.72,677.26,649.47,74644,79963291.0,4.22,0.87,5.7,4.9
2009-07-03,600615,661.58,713.61,728.58,655.17,159267,180234621.0,11.06,7.52,49.89,10.46
2009-07-06,600615,712.9,714.32,744.97,702.21,134738,156180240.0,5.99,0.1,0.71,8.85
2009-07-07,600615,714.32,693.65,714.32,691.52,77069,86792637.0,3.19,-2.89,-20.67,5.06
2009-07-08,600615,687.24,726.44,731.43,682.96,74534,85013483.0,6.99,4.73,32.79,4.9
2009-07-09,600615,727.15,726.44,731.43,710.05,53321,61558316.0,2.94,0.0,0.0,3.5
2009-07-10,600615,722.88,719.31,742.83,715.04,62683,73246783.0,3.83,-0.98,-7.13,4.12
2009-07-13,600615,715.04,703.63,727.15,702.92,65755,75422998.0,3.37,-2.18,-15.68,4.32
2009-07-14,600615,703.63,718.6,721.45,703.63,57324,65671431.0,2.53,2.13,14.97,3.77
2009-07-15,600615,722.88,712.19,726.44,708.62,66599,76453472.0,2.48,-0.89,-6.41,4.38
2009-07-16,600615,712.19,697.22,716.46,684.39,81923,92384919.0,4.5,-2.1,-14.97,5.38
2009-07-17,600615,694.37,695.08,704.35,687.24,49457,55402364.0,2.45,-0.31,-2.14,3.25
2009-07-20,600615,684.39,690.09,692.94,672.99,93703,102996618.0,2.87,-0.72,-4.99,6.16
2009-07-21,600615,683.68,697.22,701.49,671.56,112385,124950258.0,4.34,1.03,7.13,7.38
2009-07-22,600615,697.22,699.36,705.06,688.67,95418,107210356.0,2.35,0.31,2.14,6.27
2009-07-23,600615,700.07,712.9,731.43,696.51,108399,124604230.0,4.99,1.94,13.54,7.12
2009-07-24,600615,716.46,684.39,717.89,672.99,78648,87758339.0,6.3,-4.0,-28.51,5.17
2009-07-27,600615,684.39,686.53,692.23,674.41,61458,67666193.0,2.6,0.31,2.14,4.04
2009-07-28,600615,689.38,694.37,697.22,675.84,59379,65846360.0,3.11,1.14,7.84,3.9
2009-07-29,600615,690.8,616.68,691.52,614.54,87098,92412034.0,11.09,-11.19,-77.69,5.72
2009-07-30,600615,617.4,603.14,630.94,569.64,56942,56520860.0,9.94,-2.2,-13.54,3.74
2009-07-31,600615,610.27,625.24,625.95,596.73,56748,57062541.0,4.84,3.66,22.1,3.73
2009-08-03,600615,621.67,626.66,632.36,608.84,50367,51127110.0,3.76,0.23,1.42,3.31
2009-08-04,600615,630.22,625.24,633.08,614.54,48473,49570429.0,2.96,-0.23,-1.42,3.18
2009-08-05,600615,623.1,629.51,630.94,615.97,59633,60842424.0,2.39,0.68,4.27,3.92
2009-08-06,600615,628.8,633.08,649.47,601.72,77015,79012240.0,7.59,0.57,3.57,5.06
2009-08-07,600615,633.08,596.73,633.79,592.45,40813,41196230.0,6.53,-5.74,-36.35,2.68
2009-08-10,600615,600.29,608.13,618.82,588.89,30732,30514736.0,5.02,1.91,11.4,2.02
2009-08-11,600615,612.41,608.84,615.26,602.43,25792,25810132.0,2.11,0.12,0.71,1.69
2009-08-12,600615,608.84,569.64,609.56,569.64,28951,28227977.0,6.56,-6.44,-39.2,1.9
2009-08-13,600615,568.93,575.35,583.9,548.98,41801,39357477.0,6.13,1.0,5.71,2.75
2009-08-14,600615,573.21,574.63,607.42,566.08,70173,67723661.0,7.19,-0.13,-0.72,4.61
2009-08-17,600615,551.11,543.99,566.08,530.45,50540,46076587.0,6.2,-5.33,-30.64,3.32
2009-08-18,600615,543.27,546.84,572.5,534.01,60457,54825093.0,7.08,0.52,2.85,3.97
2009-08-19,600615,541.14,565.37,566.08,517.62,121291,111546487.0,8.86,3.39,18.53,7.97
2009-08-20,600615,571.78,582.47,583.9,545.41,126999,119301913.0,6.81,3.02,17.1,8.34
2009-08-21,600615,566.79,572.5,593.16,558.95,82649,78315544.0,5.87,-1.71,-9.97,5.43
2009-08-24,600615,566.08,561.8,571.78,544.7,63512,58969601.0,4.73,-1.87,-10.7,4.17
2009-08-25,600615,558.95,520.47,558.95,498.37,56418,50205699.0,10.78,-7.36,-41.33,3.71
2009-08-26,600615,519.76,537.57,546.84,509.06,49344,44405047.0,7.26,3.29,17.1,3.24
2009-08-27,600615,534.01,548.98,562.52,525.46,52566,48154827.0,6.89,2.12,11.41,3.45
2009-08-28,600615,546.84,520.47,546.84,519.76,31886,28347179.0,4.93,-5.19,-28.51,2.1
2009-08-31,600615,509.78,458.46,512.63,457.75,35312,28768568.0,10.54,-11.91,-62.01,2.32
2009-09-01,600615,449.91,458.46,476.28,449.91,30849,24531823.0,5.75,0.0,0.0,2.03
2009-09-02,600615,458.46,464.16,470.58,451.34,17368,13765602.0,4.2,1.24,5.7,1.14
2009-09-03,600615,464.88,492.67,499.8,461.31,46018,37900278.0,8.29,6.14,28.51,3.02
2009-09-04,600615,487.68,492.67,499.8,484.83,39447,32980431.0,3.04,0.0,0.0,2.59
2009-09-07,600615,496.95,491.96,501.94,484.12,43639,36612531.0,3.62,-0.14,-0.71,2.87
2009-09-08,600615,488.4,508.35,509.06,481.98,51222,43289237.0,5.5,3.33,16.39,3.37
2009-09-09,600615,506.93,501.22,508.35,490.53,33299,28240315.0,3.51,-1.4,-7.13,2.19
2009-09-10,600615,504.79,501.94,519.04,496.95,55577,47579343.0,4.41,0.14,0.72,3.65
2009-09-11,600615,494.81,508.35,513.34,489.82,62339,53336991.0,4.69,1.28,6.41,4.1
2009-09-14,600615,512.63,524.03,526.88,508.35,75187,65461779.0,3.65,3.08,15.68,4.94
2009-09-15,600615,526.88,530.45,543.27,524.03,94363,84262994.0,3.67,1.23,6.42,6.2
2009-09-16,600615,531.16,535.43,541.14,517.62,73826,65640424.0,4.43,0.94,4.98,4.85
2009-09-17,600615,535.43,549.69,557.53,531.87,89446,81973090.0,4.79,2.66,14.26,5.88
2009-09-18,600615,552.54,516.19,556.1,506.21,77347,69652101.0,9.08,-6.09,-33.5,5.05
2009-09-21,600615,504.08,530.45,534.72,495.52,56739,48911838.0,7.59,2.76,14.26,3.71
2009-09-22,600615,527.59,499.8,540.42,497.66,44426,39102423.0,8.06,-5.78,-30.65,2.9
2009-09-24,600615,476.99,480.56,494.81,460.6,40826,33290454.0,6.84,-3.85,-19.24,2.67
2009-09-25,600615,476.99,472.0,480.56,469.15,19149,15551165.0,2.37,-1.78,-8.56,1.25
2009-09-28,600615,473.43,452.05,481.27,449.91,17215,13794106.0,6.64,-4.23,-19.95,1.12
2009-09-29,600615,449.91,436.37,458.46,423.54,20545,15589847.0,7.72,-3.47,-15.68,1.34
2009-09-30,600615,438.51,440.64,448.48,437.79,15986,12239757.0,2.45,0.98,4.27,1.04
2009-10-09,600615,448.48,467.02,467.73,444.21,20611,16289989.0,5.34,5.99,26.38,1.35
2009-10-12,600615,467.02,469.87,477.71,462.74,20512,16538452.0,3.21,0.61,2.85,1.34
2009-10-13,600615,469.15,481.98,481.98,461.31,20875,16953885.0,4.4,2.58,12.11,1.36
2009-10-14,600615,484.12,539.0,540.42,480.56,149292,133025805.0,12.42,11.83,57.02,9.75
2009-10-15,600615,534.01,603.14,603.14,524.74,287792,272857627.0,14.55,11.9,64.14,18.8
2009-10-16,600615,608.84,605.99,611.69,582.47,177386,174227641.0,4.84,0.47,2.85,11.59
2009-10-19,600615,601.72,616.68,627.37,595.3,173355,173886956.0,5.29,1.76,10.69,11.33
2009-10-20,600615,608.84,625.95,630.22,598.87,133378,134901885.0,5.08,1.5,9.27,8.71
2009-10-21,600615,615.97,592.45,642.34,591.74,129980,131354046.0,8.08,-5.35,-33.5,8.49
2009-10-22,600615,585.32,588.17,605.28,573.92,69335,67252342.0,5.29,-0.72,-4.28,4.53
2009-10-23,600615,584.61,593.88,608.84,584.61,63171,62177151.0,4.12,0.97,5.71,4.13
2009-10-26,600615,623.1,663.72,663.72,619.53,155593,166267074.0,7.44,11.76,69.84,10.16
2009-10-27,600615,665.86,619.53,665.86,616.68,176941,186515285.0,7.41,-6.66,-44.19,11.56
2009-10-28,600615,608.84,603.85,625.24,584.61,110529,109707303.0,6.56,-2.53,-15.68,7.22
2009-10-29,600615,588.89,594.59,636.64,587.46,81896,82455870.0,8.14,-1.53,-9.26,5.35
2009-10-30,600615,608.13,601.72,614.54,588.17,55612,54869744.0,4.43,1.2,7.13,3.63
2009-11-02,600615,584.61,616.68,617.4,571.07,74923,73851897.0,7.7,2.49,14.96,4.89
2009-11-03,600615,618.82,623.1,633.08,608.84,76520,77996731.0,3.93,1.04,6.42,5.0
2009-11-04,600615,620.25,641.63,663.72,619.53,109968,115498776.0,7.09,2.97,18.53,7.18
2009-11-05,600615,636.64,665.86,672.99,630.22,117939,126079669.0,6.67,3.78,24.23,7.7
2009-11-06,600615,668.71,657.31,683.68,651.61,81886,87900791.0,4.82,-1.28,-8.55,5.35
2009-11-09,600615,652.32,644.48,663.72,629.51,62065,65208423.0,5.2,-1.95,-12.83,4.05
2009-11-10,600615,644.48,649.47,659.45,644.48,53778,57038086.0,2.32,0.77,4.99,3.51
2009-11-11,600615,651.61,643.05,658.73,633.79,48080,50405035.0,3.84,-0.99,-6.42,3.14
2009-11-12,600615,643.05,641.63,655.17,635.93,56613,59531539.0,2.99,-0.22,-1.42,3.7
2009-11-13,600615,643.05,635.93,650.89,615.97,56897,58571881.0,5.44,-0.89,-5.7,3.72
2009-11-16,600615,635.93,663.72,665.86,635.93,93115,99035906.0,4.71,4.37,27.79,6.08
2009-11-17,600615,658.73,677.26,687.95,658.73,101622,111417048.0,4.4,2.04,13.54,6.64
2009-11-18,600615,674.41,654.46,681.54,651.61,66095,70923669.0,4.42,-3.37,-22.8,4.32
2009-11-19,600615,658.02,677.26,682.25,658.02,90878,99348335.0,3.7,3.48,22.8,5.94
2009-11-20,600615,674.41,677.26,692.94,658.73,80328,88268316.0,5.05,0.0,0.0,5.25
2009-11-23,600615,681.54,695.08,698.64,676.55,87473,97594781.0,3.26,2.63,17.82,5.71
2009-11-24,600615,701.49,635.21,701.49,628.8,90642,98232601.0,10.46,-8.61,-59.87,5.92
2009-11-25,600615,639.49,651.61,655.88,625.95,49762,52055372.0,4.71,2.58,16.4,3.25
2009-11-26,600615,650.18,610.27,663.72,600.29,66610,68819914.0,9.73,-6.34,-41.34,4.35
2009-11-27,600615,600.29,587.46,607.42,580.33,52877,51517267.0,4.44,-3.74,-22.81,3.45
2009-11-30,600615,594.59,613.12,616.68,586.04,34762,34454434.0,5.22,4.37,25.66,2.27
2009-12-01,600615,615.26,631.65,634.5,601.72,33362,33902904.0,5.35,3.02,18.53,2.18
2009-12-02,600615,636.64,648.04,650.18,623.1,39826,41637487.0,4.29,2.59,16.39,2.6
2009-12-03,600615,650.18,638.78,653.74,625.95,32909,34247081.0,4.29,-1.43,-9.26,2.15
2009-12-07,600615,626.66,682.96,687.24,612.41,102539,111606051.0,11.71,6.92,44.18,6.7
2009-12-08,600615,685.82,703.63,740.69,680.11,183306,210286438.0,8.87,3.03,20.67,11.98
2009-12-09,600615,674.41,665.86,700.07,658.73,85114,93616432.0,5.88,-5.37,-37.77,5.56
2009-12-10,600615,665.15,671.56,687.24,655.17,38229,41525881.0,4.82,0.86,5.7,2.5
2009-12-11,600615,672.99,663.72,675.84,653.74,29054,31243494.0,3.29,-1.17,-7.84,1.9
2009-12-14,600615,665.15,657.31,667.28,630.22,26185,27615605.0,5.58,-0.97,-6.41,1.71
2009-12-15,600615,656.59,647.33,657.31,639.49,28122,29568987.0,2.71,-1.52,-9.98,1.84
2009-12-16,600615,645.9,673.7,703.63,638.06,78799,86817172.0,10.13,4.07,26.37,5.15
2009-12-17,600615,673.7,663.72,697.93,652.32,57465,62928807.0,6.77,-1.48,-9.98,3.75
2009-12-18,600615,668.0,641.63,672.27,635.93,50518,53676974.0,5.48,-3.33,-22.09,3.3
2009-12-21,600615,641.63,655.17,656.59,628.8,28858,30325130.0,4.33,2.11,13.54,1.89
2009-12-22,600615,665.86,680.83,731.43,665.86,125788,142594220.0,10.01,3.92,25.66,8.22
2009-12-23,600615,653.03,699.36,700.78,637.35,77198,83763545.0,9.32,2.72,18.53,5.04
2009-12-24,600615,695.79,711.47,714.32,678.69,96979,109563428.0,5.09,1.73,12.11,6.34
2009-12-25,600615,708.62,724.3,737.13,695.08,113116,130112774.0,5.91,1.8,12.83,7.39
2009-12-28,600615,725.73,727.86,740.69,708.62,88523,103275377.0,4.43,0.49,3.56,5.78
2009-12-29,600615,727.86,720.02,727.86,701.49,65914,75497766.0,3.62,-1.08,-7.84,4.31
2009-12-30,600615,720.02,774.19,793.43,706.48,174300,209692778.0,12.08,7.52,54.17,11.39
2009-12-31,600615,756.37,764.21,785.59,744.26,102897,125504418.0,5.34,-1.29,-9.98,6.72
2010-01-04,600615,770.63,769.2,792.01,758.51,63383,77904680.0,4.38,0.65,4.99,4.14
2010-01-05,600615,769.2,797.0,829.78,767.78,93527,118562182.0,8.06,3.61,27.8,6.11
2010-01-06,600615,798.42,793.43,819.09,778.47,65735,83157212.0,5.1,-0.45,-3.57,4.29
2010-01-07,600615,787.02,761.36,804.84,751.38,62370,77887786.0,6.74,-4.04,-32.07,4.07
2010-01-08,600615,754.95,790.58,799.85,746.4,63257,78062161.0,7.02,3.84,29.22,4.13
2010-01-11,600615,787.73,759.22,801.27,754.23,58740,71925742.0,5.95,-3.97,-31.36,3.84
2010-01-12,600615,754.95,777.75,787.73,730.0,61972,75745985.0,7.6,2.44,18.53,4.05
2010-01-14,600615,757.8,777.04,787.73,737.84,69558,85562030.0,6.41,-0.09,-0.71,4.54
2010-01-15,600615,779.89,790.58,794.15,757.8,82342,102104613.0,4.68,1.74,13.54,5.38
2010-01-18,600615,793.43,787.02,799.85,772.77,52996,66122855.0,3.43,-0.45,-3.56,3.46
2010-01-19,600615,787.02,850.45,873.26,772.77,145417,191753150.0,12.77,8.06,63.43,9.5
2010-01-20,600615,836.91,797.0,863.99,787.02,96451,126171180.0,9.05,-6.28,-53.45,6.3
2010-01-21,600615,794.86,814.81,829.78,787.02,51100,65705422.0,5.37,2.23,17.81,3.34
2010-01-22,600615,806.97,792.01,828.36,765.64,55211,70177172.0,7.7,-2.8,-22.8,3.61
2010-01-25,600615,784.88,776.33,811.25,766.35,37452,46884008.0,5.67,-1.98,-15.68,2.45
2010-01-26,600615,769.2,688.67,779.89,688.67,66771,76574035.0,11.75,-11.29,-87.66,4.36
2010-01-27,600615,688.67,662.3,693.65,644.48,33401,36340903.0,7.14,-3.83,-26.37,2.18
2010-01-28,600615,648.75,665.86,681.54,648.75,15816,17130086.0,4.95,0.54,3.56,1.03
2010-01-29,600615,665.86,664.43,680.11,656.59,19309,20952912.0,3.53,-0.21,-1.43,1.26
2010-02-01,600615,658.73,656.59,668.0,626.66,21702,22778322.0,6.22,-1.18,-7.84,1.42
2010-02-02,600615,657.31,653.74,682.25,650.18,17596,19094167.0,4.88,-0.43,-2.85,1.15
2010-02-03,600615,660.87,680.11,688.67,644.48,27668,30207025.0,6.76,4.03,26.37,1.81
2010-02-04,600615,692.23,689.38,697.22,668.71,26730,29581105.0,4.19,1.36,9.27,1.75
2010-02-05,600615,671.56,653.74,677.26,644.48,22995,24603452.0,4.75,-5.17,-35.64,1.5
2010-02-08,600615,655.17,678.69,692.94,651.61,22048,24051645.0,6.32,3.82,24.95,1.44
2010-02-09,600615,675.12,680.83,683.68,671.56,12323,13523352.0,1.79,0.32,2.14,0.81
2010-02-10,600615,684.39,680.11,690.8,672.99,10015,11034036.0,2.62,-0.11,-0.72,0.65
2010-02-11,600615,688.67,691.52,697.93,681.54,13333,14846611.0,2.41,1.68,11.41,0.87
2010-02-12,600615,691.52,694.37,697.93,685.1,12143,13569388.0,1.86,0.41,2.85,0.79
2010-02-22,600615,690.09,676.55,690.8,671.56,16625,18222948.0,2.77,-2.57,-17.82,1.09
2010-02-23,600615,672.99,689.38,697.22,651.61,17627,19567861.0,6.74,1.9,12.83,1.15
2010-02-24,600615,689.38,710.76,719.31,682.25,18843,21476817.0,5.38,3.1,21.38,1.23
2010-02-25,600615,715.75,729.29,730.72,701.49,32905,37886489.0,4.11,2.61,18.53,2.15
2010-02-26,600615,730.0,713.61,730.0,709.33,23248,26706206.0,2.83,-2.15,-15.68,1.52
2010-03-01,600615,712.9,729.29,737.13,707.2,23454,27300520.0,4.19,2.2,15.68,1.53
2010-03-02,600615,728.58,737.13,751.38,726.44,38541,45657993.0,3.42,1.08,7.84,2.52
2010-03-03,600615,737.84,754.95,764.93,724.3,33414,39722754.0,5.51,2.42,17.82,1.8
2010-03-04,600615,744.26,722.16,753.52,715.75,30831,36365793.0,5.0,-4.34,-32.79,1.66
2010-03-05,600615,716.46,741.41,749.25,708.62,23535,27565185.0,5.63,2.67,19.25,1.27
2010-03-08,600615,746.4,746.4,762.07,733.57,22685,27133086.0,3.84,0.67,4.99,1.22
2010-03-09,600615,746.4,759.94,765.64,723.59,42450,51111837.0,5.63,1.81,13.54,2.28
2010-03-10,600615,751.38,730.0,762.07,724.3,31273,36955959.0,4.97,-3.94,-29.94,1.68
2010-03-11,600615,733.57,705.06,735.7,696.51,26138,29848815.0,5.37,-3.42,-24.94,1.41
2010-03-12,600615,707.2,695.08,715.04,692.94,13565,15342056.0,3.13,-1.42,-9.98,0.73
2010-03-15,600615,701.49,680.83,701.49,673.7,13881,15306598.0,4.0,-2.05,-14.25,0.75
2010-03-16,600615,680.83,707.91,710.05,680.83,17314,19388964.0,4.29,3.98,27.08,0.93
2010-03-17,600615,707.91,723.59,724.3,694.37,18831,21552107.0,4.23,2.21,15.68,1.01
2010-03-18,600615,723.59,732.85,741.41,717.89,25404,29787807.0,3.25,1.28,9.26,1.37
2010-03-19,600615,737.13,734.28,747.82,726.44,18636,21990225.0,2.92,0.2,1.43,1.0
2010-03-22,600615,730.0,742.83,750.67,726.44,25593,30281448.0,3.3,1.16,8.55,1.38
2010-03-23,600615,747.82,727.86,747.82,726.44,17542,20617130.0,2.88,-2.02,-14.97,0.94
2010-03-24,600615,722.16,715.04,732.85,708.62,19653,22645226.0,3.33,-1.76,-12.82,1.06
2010-03-25,600615,709.33,727.86,735.7,705.77,25997,30223849.0,4.19,1.79,12.82,1.4
2010-03-26,600615,727.86,752.81,758.51,721.45,42088,50241171.0,5.09,3.43,24.95,2.26
2010-03-29,600615,751.38,761.36,764.21,739.98,34692,41660279.0,3.22,1.14,8.55,1.87
2010-03-30,600615,759.22,744.97,759.22,742.83,26559,31790000.0,2.15,-2.15,-16.39,1.43
2010-03-31,600615,742.83,744.26,757.8,742.83,22813,27328708.0,2.01,-0.1,-0.71,1.23
2010-04-01,600615,743.54,748.53,754.95,734.28,33172,39459715.0,2.78,0.57,4.27,1.78
2010-04-02,600615,751.38,751.38,757.09,742.12,28125,33597101.0,2.0,0.38,2.85,1.51
2010-04-06,600615,752.81,801.99,828.36,747.82,110777,139339480.0,10.72,6.74,50.61,5.96
2010-04-07,600615,797.71,797.0,798.42,774.19,55137,68770822.0,3.02,-0.62,-4.99,2.97
2010-04-08,600615,797.71,832.63,849.74,783.46,83845,109067382.0,8.32,4.47,35.63,4.51
2010-04-12,600615,836.91,811.96,836.91,797.71,56220,72346648.0,4.71,-2.48,-20.67,3.02
2010-04-13,600615,812.68,779.18,812.68,753.52,76091,93789509.0,7.29,-4.04,-32.78,4.09
2010-04-14,600615,789.87,788.44,796.28,762.07,24463,30466125.0,4.39,1.19,9.26,1.32
2010-04-15,600615,783.46,797.71,811.96,766.35,39469,49955752.0,5.78,1.18,9.27,2.12
2010-04-16,600615,787.02,763.5,787.02,759.22,30132,36984417.0,3.48,-4.29,-34.21,1.62
2010-04-19,600615,758.51,694.37,758.51,692.23,54266,63040845.0,8.68,-9.05,-69.13,2.92
2010-04-20,600615,696.51,700.07,715.75,656.59,30033,33373040.0,8.52,0.82,5.7,1.62
2010-04-21,600615,700.07,725.73,750.67,694.37,28651,33053862.0,8.04,3.67,25.66,1.54
2010-04-22,600615,716.46,697.93,722.88,680.11,31513,35475647.0,5.89,-3.83,-27.8,1.69
2010-04-23,600615,697.93,707.91,751.38,697.93,32061,37220967.0,7.66,1.43,9.98,1.72
2010-04-26,600615,705.77,697.93,720.02,685.82,13468,15247682.0,4.83,-1.41,-9.98,0.72
2010-04-27,600615,685.82,670.85,702.92,640.91,23890,25751797.0,8.88,-3.88,-27.08,1.28
2010-04-28,600615,670.85,658.73,675.84,655.17,9219,9915852.0,3.08,-1.81,-12.12,0.5
2010-04-29,600615,671.56,640.91,679.4,635.93,12031,12934929.0,6.6,-2.71,-17.82,0.65
2010-04-30,600615,650.89,628.09,650.89,619.53,13500,13959781.0,4.89,-2.0,-12.82,0.73
2010-05-04,600615,595.3,605.99,615.97,594.59,10709,10651189.0,3.4,-3.52,-22.1,0.58
2010-05-05,600615,605.99,626.66,637.35,587.46,14094,14189902.0,8.23,3.41,20.67,0.76
2010-05-06,600615,628.09,598.15,628.09,595.3,13630,13634879.0,5.23,-4.55,-28.51,0.73
2010-05-07,600615,593.88,601.0,611.69,583.9,14149,13953179.0,4.65,0.48,2.85,0.76
2010-05-10,600615,601.0,551.83,602.43,534.72,18968,17706210.0,11.27,-8.18,-49.17,1.02
2010-05-11,600615,568.93,529.73,573.21,523.32,10994,10045511.0,9.04,-4.0,-22.1,0.59
2010-05-12,600615,521.18,529.73,542.56,516.19,10247,9152257.0,4.98,0.0,0.0,0.55
2010-05-13,600615,535.43,546.84,547.55,519.76,16147,14511258.0,5.25,3.23,17.11,0.87
2010-05-14,600615,537.57,543.27,550.4,534.01,11871,10773206.0,3.0,-0.65,-3.57,0.64
2010-05-17,600615,537.57,478.42,537.57,478.42,23221,19644875.0,10.89,-11.94,-64.85,1.25
2010-05-18,600615,473.43,497.66,505.5,471.29,14018,11659516.0,7.15,4.02,19.24,0.75
2010-05-19,600615,491.96,491.25,498.37,474.14,10151,8413099.0,4.87,-1.29,-6.41,0.55
2010-05-20,600615,479.13,495.52,507.64,477.71,16943,14214745.0,6.09,0.87,4.27,0.91
2010-05-21,600615,481.27,519.76,523.32,479.84,21688,18718960.0,8.77,4.89,24.24,1.17
2010-05-24,600615,516.19,540.42,546.84,515.48,27719,24878093.0,6.03,3.97,20.66,1.49
2010-05-25,600615,529.02,513.34,537.57,501.94,18034,15822064.0,6.59,-5.01,-27.08,0.97
2010-05-26,600615,515.48,514.77,521.89,499.09,10029,8644701.0,4.44,0.28,1.43,0.54
2010-05-27,600615,511.2,529.73,536.15,501.94,12667,11058048.0,6.65,2.91,14.96,0.68
2010-05-28,600615,529.73,535.43,541.14,526.88,15540,13868747.0,2.69,1.08,5.7,0.84
2010-05-31,600615,535.43,501.94,535.43,501.94,11427,10010717.0,6.25,-6.25,-33.49,0.61
2010-06-01,600615,494.81,516.19,516.9,487.68,16569,14040949.0,5.82,2.84,14.25,0.89
2010-06-02,600615,501.94,517.62,521.89,499.09,9067,7815554.0,4.42,0.28,1.43,0.49
2010-06-03,600615,525.46,519.76,529.02,510.49,9948,8722845.0,3.58,0.41,2.14,0.53
2010-06-04,600615,521.18,526.17,530.45,509.78,8134,7116148.0,3.98,1.23,6.41,0.44
2010-06-07,600615,506.21,516.19,524.74,490.53,12856,10999805.0,6.5,-1.9,-9.98,0.69
2010-06-08,600615,544.7,578.2,578.2,544.7,82907,77331820.0,6.49,12.01,62.01,4.46
2010-06-09,600615,575.35,578.91,579.62,551.11,58549,54973464.0,4.93,0.12,0.71,3.15
2010-06-10,600615,568.22,564.66,572.5,558.95,29348,27519940.0,2.34,-2.46,-14.25,1.58
2010-06-11,600615,564.66,553.25,569.64,544.7,21601,19938813.0,4.42,-2.02,-11.41,1.16
2010-06-17,600615,554.68,556.82,573.21,554.68,20688,19412741.0,3.35,0.65,3.57,1.11
2010-06-18,600615,556.82,536.86,563.23,524.74,17678,16216936.0,6.91,-3.58,-19.96,0.95
2010-06-21,600615,534.72,555.39,558.95,524.74,15667,14332495.0,6.37,3.45,18.53,0.84
2010-06-22,600615,553.25,571.78,578.91,546.13,22410,21130189.0,5.9,2.95,16.39,1.21
2010-06-23,600615,566.08,565.37,580.33,558.24,13895,13081362.0,3.86,-1.12,-6.41,0.75
2010-06-24,600615,560.38,561.8,568.22,557.53,9820,9159681.0,1.89,-0.63,-3.57,0.53
2010-06-25,600615,564.66,556.1,565.37,544.7,10830,9973909.0,3.68,-1.01,-5.7,0.58
2010-06-28,600615,551.11,547.55,557.53,540.42,5504,5030686.0,3.08,-1.54,-8.55,0.3
2010-06-29,600615,555.39,484.83,556.1,482.69,17729,15165287.0,13.41,-11.45,-62.72,0.95
2010-06-30,600615,481.27,462.74,485.55,449.91,20325,16063678.0,7.35,-4.56,-22.09,1.09
2010-07-01,600615,455.61,462.03,474.85,455.61,16076,12866353.0,4.16,-0.15,-0.71,0.86
2010-07-02,600615,473.43,465.59,473.43,442.07,13167,10395875.0,6.79,0.77,3.56,0.71
2010-07-05,600615,459.18,450.62,460.6,443.5,7334,5716307.0,3.67,-3.22,-14.97,0.39
2010-07-06,600615,451.34,472.0,484.12,451.34,12135,9742481.0,7.27,4.74,21.38,0.65
2010-07-07,600615,472.0,477.71,484.12,466.3,12255,9949361.0,3.78,1.21,5.71,0.66
2010-07-08,600615,479.84,473.43,485.55,469.15,8110,6607826.0,3.43,-0.9,-4.28,0.44
2010-07-09,600615,481.98,485.55,491.25,466.3,17218,14201826.0,5.27,2.56,12.12,0.93
2010-07-12,600615,485.55,494.81,506.93,485.55,20217,17029159.0,4.4,1.91,9.26,1.09
2010-07-13,600615,481.98,481.27,487.68,468.44,12079,9863855.0,3.89,-2.74,-13.54,0.65
2010-07-14,600615,481.98,497.66,515.48,481.27,23486,19912216.0,7.11,3.41,16.39,1.26
2010-07-15,600615,485.55,489.82,509.78,485.55,18611,15725020.0,4.87,-1.58,-7.84,1.0
2010-07-16,600615,498.37,504.08,504.79,479.84,13367,11252071.0,5.09,2.91,14.26,0.72
2010-07-19,600615,496.95,515.48,528.31,494.81,17500,15217537.0,6.65,2.26,11.4,0.94
2010-07-20,600615,515.48,531.16,534.72,509.78,23848,21084680.0,4.84,3.04,15.68,1.28
2010-07-21,600615,523.32,523.32,534.01,516.19,17334,15313014.0,3.35,-1.48,-7.84,0.93
2010-07-22,600615,524.03,534.01,537.57,519.76,20443,18186744.0,3.4,2.04,10.69,1.1
2010-07-23,600615,537.57,527.59,546.13,516.9,16244,14407767.0,5.47,-1.2,-6.42,0.87
2010-07-26,600615,527.59,528.31,534.01,517.62,15760,13935392.0,3.11,0.14,0.72,0.85
2010-07-27,600615,529.73,531.87,534.01,523.32,19466,17262517.0,2.02,0.67,3.56,1.05
2010-07-28,600615,525.46,540.42,550.4,524.03,25407,22876968.0,4.96,1.61,8.55,1.37
2010-07-29,600615,540.42,604.57,604.57,537.57,98551,96889842.0,12.4,11.87,64.15,5.3
2010-07-30,600615,599.58,583.19,599.58,575.35,69672,67612381.0,4.01,-3.54,-21.38,3.75
2010-08-02,600615,575.35,595.3,596.01,573.92,37596,36535289.0,3.79,2.08,12.11,2.02
2010-08-03,600615,595.3,578.2,595.3,576.77,28903,28041274.0,3.11,-2.87,-17.1,1.55
2010-08-04,600615,578.2,581.05,586.04,557.53,28233,26582221.0,4.93,0.49,2.85,1.52
2010-08-05,600615,573.21,572.5,581.76,562.52,14783,14028072.0,3.31,-1.47,-8.55,0.79
2010-08-06,600615,569.64,583.19,584.61,566.08,19332,18513126.0,3.24,1.87,10.69,1.04
2010-08-09,600615,583.19,615.97,620.96,579.62,60264,59989634.0,7.09,5.62,32.78,3.24
2010-08-10,600615,608.13,576.06,621.67,573.21,33369,32711260.0,7.87,-6.48,-39.91,1.79
2010-08-11,600615,577.48,583.19,596.01,569.64,16954,16287218.0,4.58,1.24,7.13,0.91
2010-08-13,600615,579.62,579.62,586.75,562.52,17986,17106512.0,4.15,-0.61,-3.57,0.97
2010-08-16,600615,583.19,588.17,592.45,577.48,20873,20246181.0,2.58,1.48,8.55,1.12
2010-08-17,600615,586.04,601.72,615.26,585.32,37936,37733163.0,5.09,2.3,13.55,2.04
2010-08-18,600615,598.15,583.19,605.28,577.48,23586,22871315.0,4.62,-3.08,-18.53,1.27
2010-08-19,600615,583.9,603.14,605.28,579.62,24400,23817347.0,4.4,3.42,19.95,1.31
2010-08-20,600615,601.0,618.82,620.96,591.03,61152,61333815.0,4.96,2.6,15.68,3.29
2010-08-23,600615,610.27,609.56,642.34,605.28,46840,47774228.0,5.99,-1.5,-9.26,2.52
2010-08-24,600615,608.13,610.98,615.97,593.16,30204,29919698.0,3.74,0.23,1.42,1.62
2010-08-25,600615,610.27,578.91,610.27,576.77,30101,29295943.0,5.48,-5.25,-32.07,1.62
2010-08-26,600615,578.91,569.64,587.46,561.09,19634,18593271.0,4.56,-1.6,-9.27,1.06
2010-08-27,600615,573.21,562.52,573.21,557.53,16547,15459793.0,2.75,-1.25,-7.12,0.89
2010-08-30,600615,573.21,578.2,579.62,555.39,35124,33037035.0,4.31,2.79,15.68,1.89
2010-08-31,600615,576.06,562.52,579.62,556.82,54012,50766312.0,3.94,-2.71,-15.68,2.9
2010-09-02,600615,563.23,571.07,576.77,553.25,55402,52221037.0,4.18,1.52,8.55,2.98
2010-09-03,600615,571.07,599.58,605.99,569.64,77862,76022571.0,6.37,4.99,28.51,4.19
2010-09-06,600615,598.87,608.13,624.52,580.33,49879,50008149.0,7.37,1.43,8.55,2.68
2010-09-07,600615,608.13,616.68,620.25,595.3,41143,41163417.0,4.1,1.41,8.55,2.21
2010-09-08,600615,608.84,620.96,630.22,603.85,40415,41007955.0,4.28,0.69,4.28,2.17
2010-09-09,600615,620.96,621.67,665.86,616.68,85092,87310143.0,7.92,0.11,0.71,4.58
2010-09-10,600615,615.97,610.27,615.97,583.9,50098,49844125.0,5.16,-1.83,-11.4,2.69
2010-09-13,600615,610.98,610.27,615.97,588.17,47017,46700824.0,4.56,0.0,0.0,2.53
2010-09-14,600615,615.26,617.4,625.24,605.28,47506,48097302.0,3.27,1.17,7.13,2.55
2010-09-15,600615,632.36,622.38,635.21,615.97,56164,57542995.0,3.12,0.81,4.98,3.02
2010-09-16,600615,619.53,642.34,664.43,619.53,100077,104709393.0,7.21,3.21,19.96,5.38
2010-09-17,600615,643.05,650.89,660.87,631.65,54032,57040923.0,4.55,1.33,8.55,2.91
2010-09-20,600615,662.3,623.81,662.3,610.27,35286,36426633.0,7.99,-4.16,-27.08,1.9
2010-09-21,600615,610.98,625.24,629.51,610.98,21757,22191892.0,2.97,0.23,1.43,1.17
2010-09-27,600615,624.52,628.8,637.35,618.82,18264,18708120.0,2.96,0.57,3.56,0.98
2010-09-28,600615,623.81,603.85,633.08,585.32,44433,44193627.0,7.6,-3.97,-24.95,2.39
2010-09-29,600615,601.0,572.5,601.0,571.07,30361,29407949.0,4.96,-5.19,-31.35,1.63
2010-09-30,600615,571.78,578.91,588.89,566.79,18459,17733626.0,3.86,1.12,6.41,0.99
2010-10-08,600615,576.77,590.31,600.29,576.77,27532,26864052.0,4.06,1.97,11.4,1.48
2010-10-11,600615,591.03,628.09,640.91,591.03,31938,31654062.0,8.45,6.4,37.78,1.72
2010-10-12,600615,629.51,618.82,635.21,610.27,29669,30203299.0,3.97,-1.48,-9.27,1.6
2010-10-13,600615,618.82,626.66,639.49,613.83,48270,49419114.0,4.15,1.27,7.84,2.6
2010-10-14,600615,627.37,584.61,630.22,582.47,38377,37889006.0,7.62,-6.71,-42.05,2.06
2010-10-15,600615,581.05,575.35,598.15,569.64,25951,24891892.0,4.88,-1.58,-9.26,1.4
2010-10-18,600615,578.91,557.53,579.62,524.03,43495,40102117.0,9.66,-3.1,-17.82,2.34
2010-10-19,600615,557.53,571.07,573.21,541.14,26242,24438652.0,5.75,2.43,13.54,1.41
2010-10-20,600615,555.39,553.96,568.93,550.4,35025,32359314.0,3.24,-3.0,-17.11,1.88
2010-10-21,600615,556.82,543.27,558.24,536.86,27652,25045873.0,3.86,-1.93,-10.69,1.49
2010-10-22,600615,548.26,554.68,557.53,541.14,26462,24267361.0,3.02,2.1,11.41,1.42
2010-10-25,600615,558.24,613.83,619.53,554.68,70560,68260745.0,11.69,10.66,59.15,3.79
2010-10-26,600615,610.27,638.78,644.48,593.16,77458,78299206.0,8.36,4.06,24.95,4.17
2010-10-27,600615,626.66,612.41,664.43,610.98,110176,113122056.0,8.37,-4.13,-26.37,5.92
2010-10-28,600615,599.58,589.6,618.82,581.76,54492,53238875.0,6.05,-3.72,-22.81,2.93
2010-10-29,600615,583.19,594.59,596.73,575.35,27793,26958103.0,3.63,0.85,4.99,1.49
2010-11-01,600615,588.89,594.59,598.15,583.9,28432,27795560.0,2.4,0.0,0.0,1.53
2010-11-02,600615,597.44,585.32,605.28,580.33,43822,42620149.0,4.2,-1.56,-9.27,2.36
2010-11-03,600615,586.75,576.06,588.89,566.08,29007,27623254.0,3.9,-1.58,-9.26,1.56
2010-11-04,600615,576.77,583.9,587.46,569.64,27924,26811140.0,3.09,1.36,7.84,1.5
2010-11-05,600615,591.74,598.15,600.29,580.33,42405,41490452.0,3.42,2.44,14.25,2.28
2010-11-08,600615,603.85,607.42,614.54,601.0,59451,59351275.0,2.26,1.55,9.27,3.2
2010-11-09,600615,615.97,624.52,628.8,607.42,69008,69873770.0,3.52,2.82,17.1,3.71
2010-11-10,600615,624.52,615.26,625.95,612.41,59132,60084194.0,2.17,-1.48,-9.26,3.18
2010-11-11,600615,611.69,603.85,623.1,602.43,36326,36701968.0,3.36,-1.85,-11.41,1.95
2010-11-12,600615,603.85,605.99,648.04,603.14,92498,94444968.0,7.44,0.35,2.14,4.97
2010-11-15,600615,610.98,635.93,637.35,586.04,65127,65430987.0,8.47,4.94,29.94,3.5
2010-11-16,600615,626.66,664.43,677.26,621.67,145012,153619433.0,8.74,4.48,28.5,7.8
2010-11-17,600615,645.9,625.95,693.65,610.98,87167,92726212.0,12.44,-5.79,-38.48,4.69
2010-11-18,600615,628.8,629.51,635.93,595.3,34894,35342278.0,6.49,0.57,3.56,1.88
2010-11-19,600615,629.51,659.45,664.43,614.54,64305,67840092.0,7.93,4.76,29.94,3.46
2010-11-22,600615,650.18,658.73,680.11,644.48,61289,65928158.0,5.4,-0.11,-0.72,3.3
2010-11-23,600615,655.17,636.64,658.02,618.82,35200,36470147.0,5.95,-3.35,-22.09,1.89
2010-11-24,600615,630.22,672.27,680.83,623.1,61541,66329594.0,9.07,5.6,35.63,3.31
2010-11-25,600615,664.43,668.71,690.09,660.87,55070,60294424.0,4.35,-0.53,-3.56,2.96
2010-11-26,600615,669.42,697.93,697.93,663.01,77637,86257802.0,5.22,4.37,29.22,4.18
2010-11-30,600615,691.52,640.2,691.52,631.65,64146,68348899.0,8.58,-8.27,-57.73,3.45
2010-12-01,600615,637.35,657.31,664.43,635.93,25985,27610196.0,4.45,2.67,17.11,1.4
2010-12-02,600615,662.3,647.33,663.72,642.34,24445,25798056.0,3.25,-1.52,-9.98,1.31
2010-12-03,600615,642.34,619.53,648.75,602.43,50343,51005329.0,7.16,-4.29,-27.8,2.71
2010-12-06,600615,613.12,604.57,620.25,590.31,28312,27992682.0,4.83,-2.41,-14.96,1.52
2010-12-07,600615,601.72,610.98,615.97,578.91,19221,19148193.0,6.13,1.06,6.41,1.03
2010-12-08,600615,610.98,606.71,614.54,596.01,16462,16358840.0,3.03,-0.7,-4.27,0.89
2010-12-09,600615,605.99,590.31,605.99,589.6,13093,12838788.0,2.7,-2.7,-16.4,0.7
2010-12-10,600615,590.31,607.42,612.41,587.46,13446,13326705.0,4.23,2.9,17.11,0.72
2010-12-13,600615,608.13,623.1,628.8,608.13,44555,45444123.0,3.4,2.58,15.68,2.4
2010-12-14,600615,623.1,625.24,628.8,612.41,18844,19085780.0,2.63,0.34,2.14,1.01
2010-12-15,600615,621.67,619.53,629.51,618.11,28315,28917658.0,1.82,-0.91,-5.71,1.52
2010-12-16,600615,623.1,623.81,628.8,619.53,14235,14526125.0,1.5,0.69,4.28,0.77
2010-12-17,600615,623.81,623.1,626.66,613.83,14093,14329077.0,2.06,-0.11,-0.71,0.76
2010-12-20,600615,617.4,603.14,626.66,590.31,24674,24474246.0,5.83,-3.2,-19.96,1.33
2010-12-21,600615,608.13,612.41,615.97,598.87,23425,23515113.0,2.84,1.54,9.27,1.26
2010-12-22,600615,612.41,594.59,617.4,591.74,16405,16243287.0,4.19,-2.91,-17.82,0.88
2010-12-23,600615,594.59,586.04,601.72,581.76,16419,15973523.0,3.36,-1.44,-8.55,0.88
2010-12-24,600615,586.04,581.05,592.45,573.21,10509,10114049.0,3.28,-0.85,-4.99,0.57
2010-12-27,600615,591.03,570.36,592.45,568.22,13898,13368132.0,4.17,-1.84,-10.69,0.75
2010-12-28,600615,564.66,536.86,572.5,530.45,22735,20803548.0,7.37,-5.87,-33.5,1.22
2010-12-29,600615,537.57,539.71,551.11,526.88,11161,10087357.0,4.51,0.53,2.85,0.6
2010-12-30,600615,546.84,540.42,546.84,534.01,10470,9451819.0,2.38,0.13,0.71,0.56
2010-12-31,600615,543.27,555.39,557.53,543.27,6776,6229747.0,2.64,2.77,14.97,0.36
2011-01-04,600615,557.53,561.09,571.78,548.26,13145,12281454.0,4.23,1.03,5.7,0.71
2011-01-05,600615,561.09,559.67,567.51,556.1,9249,8665842.0,2.03,-0.25,-1.42,0.5
2011-01-06,600615,557.53,561.8,564.66,551.83,8195,7638747.0,2.29,0.38,2.13,0.44
2011-01-07,600615,561.8,553.96,572.5,551.83,10080,9430517.0,3.68,-1.4,-7.84,0.54
2011-01-10,600615,555.39,559.67,576.06,555.39,20887,19587858.0,3.73,1.03,5.71,1.12
2011-01-11,600615,559.67,563.94,565.37,556.1,8434,7869070.0,1.66,0.76,4.27,0.45
2011-01-12,600615,564.66,565.37,570.36,558.95,4193,3932663.0,2.02,0.25,1.43,0.23
2011-01-13,600615,564.66,573.21,576.06,563.94,10678,10114517.0,2.14,1.39,7.84,0.57
2011-01-14,600615,573.21,559.67,573.21,554.68,7609,7112273.0,3.23,-2.36,-13.54,0.41
2011-01-17,600615,554.68,521.89,556.1,519.76,10010,8954181.0,6.49,-6.75,-37.78,0.54
2011-01-18,600615,521.89,521.89,529.02,516.19,6126,5394628.0,2.46,0.0,0.0,0.33
2011-01-19,600615,521.18,528.31,532.58,516.19,7049,6221358.0,3.14,1.23,6.42,0.38
2011-01-20,600615,523.32,510.49,533.3,509.06,4547,3990393.0,4.59,-3.37,-17.82,0.24
2011-01-21,600615,510.49,511.92,519.76,503.36,7165,6193873.0,3.21,0.28,1.43,0.39
2011-01-24,600615,511.92,499.8,512.63,487.68,6884,5857182.0,4.87,-2.37,-12.12,0.37
2011-01-25,600615,491.25,499.09,508.35,488.4,3479,2937053.0,3.99,-0.14,-0.71,0.19
2011-01-26,600615,499.09,504.79,506.93,494.1,5615,4770061.0,2.57,1.14,5.7,0.3
2011-01-27,600615,501.94,511.2,516.19,487.68,4811,4116645.0,5.65,1.27,6.41,0.26
2011-01-28,600615,510.49,529.73,536.86,510.49,7941,7042427.0,5.16,3.62,18.53,0.43
2011-01-31,600615,536.15,526.17,549.69,525.46,8956,8068342.0,4.57,-0.67,-3.56,0.48
2011-02-01,600615,527.59,547.55,550.4,527.59,5553,5033829.0,4.34,4.06,21.38,0.3
2011-02-09,600615,544.7,540.42,562.52,534.72,9896,9093344.0,5.08,-1.3,-7.13,0.53
2011-02-10,600615,546.13,555.39,561.8,539.71,5169,4727515.0,4.09,2.77,14.97,0.28
2011-02-11,600615,558.24,562.52,564.66,548.26,7228,6726207.0,2.95,1.28,7.13,0.39
2011-02-14,600615,561.8,567.51,572.5,561.8,11714,11039558.0,1.9,0.89,4.99,0.63
2011-02-15,600615,566.08,563.23,572.5,561.09,9714,9133664.0,2.01,-0.75,-4.28,0.52
2011-02-16,600615,562.52,567.51,569.64,560.38,9104,8552000.0,1.64,0.76,4.28,0.49
2011-02-17,600615,573.21,558.95,576.77,554.68,12251,11432269.0,3.89,-1.51,-8.56,0.66
2011-02-18,600615,556.82,556.82,571.07,551.11,10758,9998075.0,3.57,-0.38,-2.13,0.58
2011-02-21,600615,555.39,564.66,566.08,548.26,10457,9763879.0,3.2,1.41,7.84,0.56
2011-02-22,600615,567.51,556.82,567.51,550.4,14250,13186320.0,3.03,-1.39,-7.84,0.77
2011-02-23,600615,558.24,556.82,559.67,551.11,11011,10175206.0,1.54,0.0,0.0,0.59
2011-02-24,600615,557.53,560.38,564.66,551.11,14364,13352582.0,2.43,0.64,3.56,0.77
2011-02-25,600615,558.95,555.39,563.23,548.98,12632,11679783.0,2.54,-0.89,-4.99,0.68
2011-02-28,600615,552.54,562.52,563.23,551.83,17874,16602380.0,2.05,1.28,7.13,0.96
2011-03-01,600615,566.08,566.08,569.64,558.95,21849,20523466.0,1.9,0.63,3.56,1.17
2011-03-02,600615,561.8,578.91,581.76,558.95,22653,21383369.0,4.03,2.27,12.83,1.22
2011-03-03,600615,578.2,582.47,597.44,573.21,37560,36522777.0,4.19,0.61,3.56,2.02
2011-03-04,600615,586.04,591.74,593.16,573.92,18810,18195678.0,3.3,1.59,9.27,1.01
2011-03-07,600615,591.74,589.6,598.87,582.47,16780,16298850.0,2.77,-0.36,-2.14,0.9
2011-03-08,600615,593.88,597.44,598.87,578.91,18283,17780192.0,3.39,1.33,7.84,0.98
2011-03-09,600615,596.73,586.04,596.73,580.33,18578,18026794.0,2.75,-1.91,-11.4,1.0
2011-03-10,600615,591.03,596.01,603.14,586.04,23616,23177806.0,2.92,1.7,9.97,1.27
2011-03-11,600615,588.89,605.28,610.27,581.76,29963,29477397.0,4.78,1.56,9.27,1.61
2011-03-14,600615,603.14,616.68,618.11,594.59,33889,33864578.0,3.89,1.88,11.4,1.82
2011-03-15,600615,615.97,605.99,616.68,588.17,25065,24862714.0,4.62,-1.73,-10.69,1.35
2011-03-16,600615,605.28,618.82,620.25,595.3,26188,26116920.0,4.12,2.12,12.83,1.41
2011-03-17,600615,616.68,625.95,627.37,602.43,36450,36994345.0,4.03,1.15,7.13,1.96
2011-03-18,600615,615.97,633.79,640.91,615.97,34277,35376957.0,3.98,1.25,7.84,1.84
2011-03-21,600615,659.45,616.68,659.45,614.54,33985,35294452.0,7.09,-2.7,-17.11,1.83
2011-03-22,600615,611.69,615.26,621.67,603.14,15069,15063995.0,3.0,-0.23,-1.42,0.81
2011-03-23,600615,612.41,617.4,629.51,605.99,13617,13780846.0,3.82,0.35,2.14,0.73
2011-03-24,600615,618.11,619.53,626.66,609.56,18055,18277277.0,2.77,0.34,2.13,0.97
2011-03-25,600615,610.27,619.53,624.52,609.56,17382,17560068.0,2.41,0.0,0.0,0.93
2011-03-28,600615,634.5,607.42,634.5,594.59,24800,24949922.0,6.44,-1.95,-12.11,1.33
2011-03-29,600615,603.85,613.83,618.82,598.15,20662,20688958.0,3.4,1.06,6.41,1.11
2011-03-30,600615,612.41,611.69,622.38,601.72,25642,25748972.0,3.37,-0.35,-2.14,1.38
2011-03-31,600615,608.84,614.54,618.11,602.43,29335,29381244.0,2.56,0.47,2.85,1.58
2011-04-01,600615,612.41,625.24,633.79,608.13,25070,25506402.0,4.18,1.74,10.7,1.35
2011-04-06,600615,627.37,641.63,651.61,623.1,41910,43690254.0,4.56,2.62,16.39,2.25
2011-04-07,600615,644.48,643.05,651.61,633.08,17789,18572084.0,2.89,0.22,1.42,0.96
2011-04-08,600615,640.91,643.05,651.61,634.5,16593,17339972.0,2.66,0.0,0.0,0.89
2011-04-11,600615,643.05,628.8,650.89,627.37,26102,27181940.0,3.66,-2.22,-14.25,1.4
2011-04-12,600615,623.81,618.11,637.35,611.69,20530,20925158.0,4.08,-1.7,-10.69,1.1
2011-04-13,600615,618.11,626.66,630.22,613.83,13530,13839401.0,2.65,1.38,8.55,0.73
2011-04-14,600615,628.8,637.35,647.33,623.1,19841,20549798.0,3.87,1.71,10.69,1.07
2011-04-15,600615,635.93,643.77,644.48,630.22,20090,20853387.0,2.24,1.01,6.42,1.08
2011-04-18,600615,656.59,718.6,718.6,656.59,81709,92640975.0,9.63,11.62,74.83,4.39
2011-04-20,600615,736.42,757.8,800.56,726.44,184385,224604204.0,10.31,5.46,39.2,9.92
2011-04-21,600615,742.83,752.1,777.04,733.57,92012,110668127.0,5.74,-0.75,-5.7,4.95
2011-04-22,600615,739.27,712.19,744.26,705.06,87886,101831086.0,5.21,-5.31,-39.91,4.73
2011-04-25,600615,701.49,668.71,702.21,664.43,60338,66304864.0,5.3,-6.11,-43.48,3.24
2011-04-26,600615,664.43,680.83,691.52,659.45,46832,51502588.0,4.8,1.81,12.12,2.52
2011-04-27,600615,683.68,654.46,692.94,644.48,46910,50625561.0,7.12,-3.87,-26.37,2.52
2011-04-28,600615,655.88,631.65,662.3,614.54,44302,45965764.0,7.3,-3.49,-22.81,2.38
2011-04-29,600615,633.08,633.08,640.2,622.38,29704,30694559.0,2.82,0.23,1.43,1.6
2011-05-03,600615,635.93,639.49,640.2,610.98,28489,29147025.0,4.62,1.01,6.41,1.53
2011-05-04,600615,631.65,628.8,631.65,615.97,36101,36797977.0,2.45,-1.67,-10.69,1.94
2011-05-05,600615,628.09,648.75,655.17,623.81,42155,44233167.0,4.99,3.17,19.95,2.27
2011-05-06,600615,637.35,687.24,689.38,631.65,71023,77379157.0,8.9,5.93,38.49,3.82
2011-05-09,600615,683.68,693.65,700.07,677.26,44886,50058532.0,3.32,0.93,6.41,2.41
2011-05-10,600615,690.8,700.07,708.62,687.24,35901,40348868.0,3.08,0.93,6.42,1.93
2011-05-11,600615,702.92,727.15,728.58,688.67,50697,57912703.0,5.7,3.87,27.08,2.73
2011-05-12,600615,712.9,685.82,726.44,682.25,45410,51616603.0,6.08,-5.68,-41.33,2.44
2011-05-13,600615,677.26,696.51,697.93,676.55,38031,42351291.0,3.12,1.56,10.69,2.05
2011-05-16,600615,694.37,659.45,694.37,658.73,39151,42680709.0,5.12,-5.32,-37.06,2.11
2011-05-17,600615,658.73,662.3,672.27,644.48,25465,27164055.0,4.21,0.43,2.85,1.37
2011-05-18,600615,652.32,704.35,726.44,648.75,111168,126494716.0,11.73,6.35,42.05,5.98
2011-05-19,600615,687.24,673.7,703.63,667.28,70473,78054656.0,5.16,-4.35,-30.65,3.79
2011-05-20,600615,658.73,723.59,735.7,648.04,109071,122216345.0,13.01,7.41,49.89,5.87
2011-05-23,600615,710.76,741.41,748.53,692.23,174034,200362766.0,7.78,2.46,17.82,9.36
2011-05-24,600615,715.75,716.46,729.29,695.79,125539,143976433.0,4.52,-3.37,-24.95,6.75
2011-05-25,600615,713.61,731.43,783.46,690.09,262882,311323485.0,13.03,2.09,14.97,14.14
2011-05-26,600615,717.17,814.81,814.81,712.9,419154,528197555.0,13.93,11.4,83.38,22.54
2011-05-27,600615,790.58,722.88,821.94,722.88,285824,346534334.0,12.16,-11.28,-91.93,15.37
2011-05-30,600615,680.11,640.2,680.11,640.2,180736,190117282.0,5.52,-11.44,-82.68,9.72
2011-05-31,600615,615.97,635.21,650.18,581.05,161372,163544631.0,10.8,-0.78,-4.99,8.68
2011-06-01,600615,628.09,650.89,662.3,617.4,130149,135810875.0,7.07,2.47,15.68,7.0
2011-06-02,600615,628.09,600.29,648.04,589.6,125622,126306756.0,8.98,-7.77,-50.6,6.76
2011-06-03,600615,594.59,615.26,620.96,594.59,70903,70938991.0,4.39,2.49,14.97,3.81
2011-06-07,600615,610.98,617.4,630.22,610.27,55879,56548090.0,3.24,0.35,2.14,3.0
2011-06-08,600615,607.42,645.9,654.46,595.3,141529,146583369.0,9.58,4.62,28.5,7.61
2011-06-09,600615,630.94,623.1,649.47,617.4,95498,98452800.0,4.97,-3.53,-22.8,5.14
2011-06-10,600615,616.68,629.51,638.78,605.28,65273,66680718.0,5.38,1.03,6.41,3.51
2011-06-13,600615,623.1,609.56,623.1,600.29,43149,43192746.0,3.62,-3.17,-19.95,2.32
2011-06-14,600615,612.41,623.81,650.18,606.71,70547,72526448.0,7.13,2.34,14.25,3.79
2011-06-15,600615,617.4,623.1,635.93,616.68,57590,58866336.0,3.09,-0.11,-0.71,3.1
2011-06-16,600615,612.41,556.82,614.54,555.39,86527,83817390.0,9.49,-10.64,-66.28,4.65
2011-06-17,600615,551.11,538.29,568.22,536.15,43742,39988747.0,5.76,-3.33,-18.53,2.35
2011-06-20,600615,526.88,536.15,539.0,512.63,42772,37656430.0,4.9,-0.4,-2.14,2.3
2011-06-21,600615,532.58,537.57,540.42,524.03,27263,24398795.0,3.06,0.26,1.42,1.47
2011-06-22,600615,540.42,546.84,551.83,529.73,26858,24208990.0,4.11,1.72,9.27,1.44
2011-06-23,600615,546.13,559.67,566.08,534.72,38499,35572853.0,5.73,2.35,12.83,2.07
2011-06-24,600615,556.82,567.51,572.5,551.11,44847,42039130.0,3.82,1.4,7.84,2.41
2011-06-27,600615,582.47,579.62,593.88,573.21,64595,62082072.0,3.64,2.13,12.11,3.47
2011-06-28,600615,576.06,584.61,587.46,568.22,39930,38244408.0,3.32,0.86,4.99,2.15
2011-06-29,600615,577.48,583.9,588.89,574.63,39485,37934333.0,2.44,-0.12,-0.71,2.12
2011-06-30,600615,583.19,586.75,603.85,573.92,53913,52580799.0,5.13,0.49,2.85,2.9
2011-07-01,600615,591.03,616.68,630.22,591.03,103393,104650050.0,6.68,5.1,29.93,5.56
2011-07-04,600615,619.53,654.46,658.02,619.53,80323,84142033.0,6.24,6.13,37.78,4.32
2011-08-09,600615,578.91,578.91,578.91,578.91,4365,4181670.0,0.0,-11.54,-75.55,0.23
2011-08-10,600615,519.04,566.08,594.59,519.04,208313,188244480.0,13.05,-2.22,-12.83,11.2
2011-08-11,600615,531.16,542.56,548.98,531.16,108283,97932671.0,3.15,-4.15,-23.52,5.82
2011-08-12,600615,544.7,548.26,562.52,539.0,103976,95051940.0,4.34,1.05,5.7,5.59
2011-08-15,600615,545.41,561.09,562.52,534.01,101418,92683297.0,5.2,2.34,12.83,5.45
2011-08-16,600615,557.53,560.38,564.66,548.26,67894,63008241.0,2.92,-0.13,-0.71,3.65
2011-08-17,600615,556.82,577.48,593.16,551.83,96914,92459221.0,7.38,3.05,17.1,5.21
2011-08-18,600615,578.91,603.85,634.5,578.2,124782,124170745.0,9.75,4.57,26.37,6.71
2011-08-19,600615,591.03,599.58,619.53,578.91,84365,82817042.0,6.73,-0.71,-4.27,4.54
2011-08-22,600615,591.74,589.6,607.42,581.76,41053,40032834.0,4.28,-1.66,-9.98,2.21
2011-08-23,600615,594.59,598.15,603.85,587.46,29894,29328333.0,2.78,1.45,8.55,1.61
2011-08-24,600615,598.15,601.72,626.66,594.59,39145,39173226.0,5.36,0.6,3.57,2.11
2011-08-25,600615,601.72,610.27,615.97,596.73,46800,46715831.0,3.2,1.42,8.55,2.52
2011-08-26,600615,614.54,608.84,623.1,605.99,30715,30875298.0,2.8,-0.23,-1.43,1.65
2011-08-29,600615,608.84,612.41,622.38,603.14,27979,28103612.0,3.16,0.59,3.57,1.5
2011-08-30,600615,618.11,578.91,622.38,564.66,47374,46625795.0,9.43,-5.47,-33.5,2.55
2011-08-31,600615,578.91,647.33,647.33,578.91,120559,123102904.0,11.82,11.82,68.42,6.48
2011-09-01,600615,643.77,682.96,693.65,634.5,176507,190452497.0,9.14,5.5,35.63,9.49
2011-09-02,600615,669.42,660.87,692.94,659.45,105309,114721912.0,4.9,-3.23,-22.09,5.66
2011-09-05,600615,656.59,685.1,728.58,655.17,146544,164247029.0,11.11,3.67,24.23,7.88
2011-09-06,600615,669.42,707.91,719.31,661.58,96832,108705968.0,8.43,3.33,22.81,5.21
2011-09-07,600615,707.91,735.7,737.13,692.94,98787,113276647.0,6.24,3.93,27.79,5.31
2011-09-08,600615,724.3,707.2,734.99,699.36,65328,75320422.0,4.84,-3.87,-28.5,3.51
2011-09-09,600615,707.2,701.49,722.16,690.8,52290,59262011.0,4.43,-0.81,-5.71,2.81
2011-09-13,600615,690.8,722.88,726.44,682.25,54487,62010934.0,6.3,3.05,21.39,2.93
2011-09-14,600615,718.6,714.32,734.99,704.35,55341,63704485.0,4.24,-1.18,-8.56,2.98
2011-09-15,600615,714.32,701.49,714.32,680.11,61165,68773046.0,4.79,-1.8,-12.83,3.29
2011-09-16,600615,700.78,687.95,720.02,686.53,41639,46928697.0,4.77,-1.93,-13.54,2.24
2011-09-19,600615,679.4,699.36,715.75,662.3,46755,52143266.0,7.77,1.66,11.41,2.51
2011-09-20,600615,693.65,702.21,714.32,689.38,42779,48347816.0,3.57,0.41,2.85,2.3
2011-09-21,600615,697.93,731.43,747.82,685.82,85738,99653797.0,8.83,4.16,29.22,4.61
2011-09-22,600615,725.01,732.14,760.65,723.59,82386,97949885.0,5.07,0.1,0.71,4.43
2011-09-23,600615,710.76,787.73,815.53,703.63,127737,158855526.0,15.28,7.59,55.59,6.87
2011-09-26,600615,759.94,726.44,782.74,725.01,114676,137195813.0,7.33,-7.78,-61.29,6.17
2011-09-27,600615,725.01,666.57,725.01,653.03,86911,96183845.0,9.91,-8.24,-59.87,4.67
2011-09-28,600615,665.86,670.85,692.94,661.58,54101,59274527.0,4.7,0.64,4.28,2.91
2011-09-29,600615,664.43,645.19,691.52,634.5,71184,77061276.0,8.5,-3.82,-25.66,3.83
2011-09-30,600615,640.2,640.2,662.3,624.52,30306,31629449.0,5.86,-0.77,-4.99,1.63
2011-10-11,600615,661.58,670.85,680.11,638.78,49121,53034887.0,6.46,4.79,30.65,2.64
2011-10-12,600615,672.99,710.76,714.32,658.73,72227,81178484.0,8.29,5.95,39.91,3.88
2011-10-13,600615,707.91,716.46,722.16,696.51,48810,55745129.0,3.61,0.8,5.7,2.62
2011-10-14,600615,719.31,691.52,719.31,679.4,55988,62598483.0,5.57,-3.48,-24.94,3.01
2011-10-17,600615,691.52,700.07,702.21,667.28,41237,45568541.0,5.05,1.24,8.55,2.22
2011-10-18,600615,689.38,696.51,720.74,685.1,71485,81369405.0,5.09,-0.51,-3.56,3.84
2011-10-19,600615,693.65,669.42,719.31,653.03,59162,65492079.0,9.52,-3.89,-27.09,3.18
2011-10-20,600615,665.86,626.66,665.86,625.24,37540,39054940.0,6.07,-6.39,-42.76,2.02
2011-10-21,600615,623.1,553.96,633.79,553.96,40842,39929877.0,12.74,-11.6,-72.7,2.19
2011-10-24,600615,558.95,582.47,587.46,529.73,43762,40671855.0,10.42,5.15,28.51,2.35
2011-10-25,600615,580.33,603.14,605.99,570.36,26324,25517196.0,6.12,3.55,20.67,1.41
2011-10-26,600615,601.0,596.73,615.97,590.31,24492,24276616.0,4.25,-1.06,-6.41,1.31
2011-10-27,600615,596.01,584.61,605.28,576.77,23028,22330871.0,4.78,-2.03,-12.12,1.23
2011-10-28,600615,594.59,593.88,608.84,588.89,25358,24970375.0,3.41,1.59,9.27,1.36
2011-10-31,600615,601.0,608.84,622.38,601.0,28221,28282981.0,3.6,2.52,14.96,1.51
2011-11-01,600615,594.59,615.97,623.1,589.6,29036,29187443.0,5.5,1.17,7.13,1.56
2011-11-02,600615,615.97,611.69,615.97,588.17,26700,26509272.0,4.51,-0.69,-4.28,1.43
2011-11-03,600615,613.12,627.37,633.08,608.84,36547,37255613.0,3.96,2.56,15.68,1.96
2011-11-04,600615,625.95,628.09,633.79,619.53,26821,27474306.0,2.27,0.11,0.72,1.44
2011-11-07,600615,633.79,692.23,700.07,629.51,82301,88706660.0,11.23,10.21,64.14,4.41
2011-11-08,600615,680.11,665.86,686.53,662.3,48102,52389745.0,3.5,-3.81,-26.37,2.58
2011-11-09,600615,666.57,673.7,693.65,666.57,38543,42296226.0,4.07,1.18,7.84,2.07
2011-11-10,600615,668.0,681.54,695.79,645.9,44023,48394461.0,7.41,1.16,7.84,2.36
2011-11-11,600615,680.83,706.48,708.62,676.55,51149,57383040.0,4.71,3.66,24.94,2.74
2011-11-14,600615,707.91,693.65,722.88,685.82,76971,87011675.0,5.25,-1.82,-12.83,4.13
2011-11-15,600615,694.37,698.64,705.77,687.95,32831,36911854.0,2.57,0.72,4.99,1.76
2011-11-16,600615,695.79,701.49,721.45,666.57,62296,70056966.0,7.86,0.41,2.85,3.34
2011-11-18,600615,682.25,654.46,693.65,637.35,42765,46242572.0,8.03,-6.7,-47.03,2.29
2011-11-21,600615,650.89,663.72,665.15,628.8,20087,21083512.0,5.55,1.41,9.26,1.08
2011-11-22,600615,658.73,650.18,666.57,631.65,14535,15361008.0,5.26,-2.04,-13.54,0.78
2011-11-23,600615,648.75,651.61,665.15,643.05,15030,16003992.0,3.4,0.22,1.43,0.81
2011-11-24,600615,647.33,653.74,656.59,632.36,15244,16032251.0,3.72,0.33,2.13,0.82
2011-11-25,600615,655.88,683.68,701.49,655.88,37309,41124862.0,6.98,4.58,29.94,2.0
2011-11-28,600615,680.83,702.21,717.17,680.11,51678,58593283.0,5.42,2.71,18.53,2.77
2011-11-29,600615,711.47,707.91,715.75,694.37,42719,48551951.0,3.04,0.81,5.7,2.29
2011-11-30,600615,706.48,680.83,708.62,660.87,42928,47378972.0,6.75,-3.83,-27.08,2.3
2011-12-01,600615,696.51,705.06,742.12,696.51,65677,75388256.0,6.7,3.56,24.23,3.52
2011-12-02,600615,700.78,721.45,741.41,687.24,70417,80994029.0,7.68,2.32,16.39,3.78
2011-12-05,600615,721.45,695.08,767.06,692.23,100346,117948287.0,10.37,-3.66,-26.37,5.38
2011-12-06,600615,651.61,615.26,651.61,615.26,38580,39101211.0,5.23,-11.48,-79.82,2.07
2011-12-07,600615,574.63,586.75,599.58,561.8,61956,59799504.0,6.14,-4.63,-28.51,3.32
2011-12-08,600615,580.33,599.58,604.57,572.5,29043,28457797.0,5.47,2.19,12.83,1.56
2011-12-09,600615,601.0,600.29,605.28,587.46,16190,15972643.0,2.97,0.12,0.71,0.87
2011-12-12,600615,603.14,600.29,608.13,587.46,15712,15476313.0,3.44,0.0,0.0,0.84
2011-12-13,600615,589.6,570.36,597.44,562.52,16825,15939953.0,5.82,-4.99,-29.93,0.9
2011-12-14,600615,566.79,502.65,577.48,502.65,28267,25063844.0,13.12,-11.87,-67.71,1.52
2011-12-15,600615,502.65,461.31,502.65,444.92,41440,33012997.0,11.49,-8.22,-41.34,2.22
2011-12-16,600615,464.88,484.12,487.68,433.52,28344,22245160.0,11.74,4.94,22.81,1.52
2011-12-19,600615,474.14,475.57,479.13,437.79,29146,22994514.0,8.54,-1.77,-8.55,1.56
2011-12-20,600615,467.02,473.43,480.56,462.74,15463,12514034.0,3.75,-0.45,-2.14,0.83
2011-12-21,600615,479.84,457.04,482.69,446.35,15560,12452319.0,7.68,-3.46,-16.39,0.83
2011-12-22,600615,447.06,433.52,447.77,409.29,16595,12384887.0,8.42,-5.15,-23.52,0.89
2011-12-23,600615,428.53,423.54,442.78,422.11,14826,11192104.0,4.77,-2.3,-9.98,0.8
2011-12-26,600615,420.69,385.05,426.39,382.92,28725,20376679.0,10.26,-9.09,-38.49,1.54
2011-12-27,600615,382.92,357.26,382.92,352.27,26191,17261903.0,7.96,-7.22,-27.79,1.4
2011-12-28,600615,356.55,358.68,360.82,343.72,21176,13517018.0,4.79,0.4,1.42,1.14
2011-12-29,600615,363.67,363.67,376.5,354.41,23326,15403664.0,6.16,1.39,4.99,1.25
2011-12-30,600615,366.52,370.09,372.94,360.11,15630,10355265.0,3.53,1.77,6.42,0.84
2012-01-04,600615,375.79,349.42,376.5,347.99,12144,8007741.0,7.7,-5.59,-20.67,0.65
2012-01-05,600615,346.57,306.66,346.57,304.52,17666,10662264.0,12.03,-12.24,-42.76,0.95
2012-01-06,600615,310.93,325.19,332.31,301.67,16518,9723495.0,9.99,6.04,18.53,0.89
2012-01-09,600615,325.19,367.95,367.95,313.78,35987,23098918.0,16.66,13.15,42.76,1.93
2012-01-10,600615,359.4,400.02,403.58,359.4,35450,24314947.0,12.01,8.72,32.07,1.9
2012-01-11,600615,396.46,396.46,400.02,382.92,21080,14664032.0,4.27,-0.89,-3.56,1.13
2012-01-12,600615,393.61,412.85,427.1,391.47,42705,30601141.0,8.99,4.13,16.39,2.29
2012-01-13,600615,412.85,390.76,420.69,380.78,23038,16314307.0,9.67,-5.35,-22.09,1.24
2012-01-16,600615,387.19,385.77,408.57,369.37,10441,7281993.0,10.03,-1.28,-4.99,0.56
2012-01-17,600615,384.34,412.14,417.84,372.94,13980,9929007.0,11.64,6.84,26.37,0.75
2012-01-18,600615,412.85,403.58,426.39,398.6,12932,9342335.0,6.74,-2.08,-8.56,0.69
2012-01-19,600615,405.72,414.27,417.84,398.6,10832,7809681.0,4.77,2.65,10.69,0.58
2012-01-20,600615,414.27,412.85,419.98,407.15,8179,5908726.0,3.1,-0.34,-1.42,0.44
2012-01-30,600615,412.85,400.73,416.41,400.73,7307,5218894.0,3.8,-2.94,-12.12,0.39
2012-01-31,600615,400.02,403.58,408.57,396.46,6402,4537838.0,3.02,0.71,2.85,0.34
2012-02-01,600615,403.58,387.9,406.44,380.78,12487,8673928.0,6.36,-3.89,-15.68,0.67
2012-02-02,600615,393.61,397.88,400.73,387.19,7467,5216294.0,3.49,2.57,9.98,0.4
2012-02-03,600615,400.73,410.71,422.11,398.6,17987,13074728.0,5.91,3.22,12.83,0.96
2012-02-06,600615,407.86,427.1,441.36,407.86,23758,17709108.0,8.16,3.99,16.39,1.27
2012-02-07,600615,423.54,426.39,434.23,409.29,24812,18283916.0,5.84,-0.17,-0.71,1.33
2012-02-08,600615,423.54,437.08,439.22,419.98,19529,14762160.0,4.51,2.51,10.69,1.05
2012-02-09,600615,437.08,441.36,455.61,428.53,27613,21157616.0,6.2,0.98,4.28,1.48
2012-02-10,600615,439.93,433.52,454.9,430.67,21365,16375212.0,5.49,-1.78,-7.84,1.15
2012-02-13,600615,429.24,432.81,434.23,419.98,23871,17758097.0,3.29,-0.16,-0.71,1.28
2012-02-14,600615,432.81,422.83,432.81,419.26,21248,15722165.0,3.13,-2.31,-9.98,1.14
2012-02-15,600615,424.97,437.08,437.79,419.26,30989,23138907.0,4.38,3.37,14.25,1.66
2012-02-16,600615,434.23,478.42,486.26,430.67,70227,55465999.0,12.72,9.46,41.34,3.77
2012-02-17,600615,467.02,458.46,473.43,452.76,43497,34501250.0,4.32,-4.17,-19.96,2.33
2012-02-20,600615,464.16,454.19,467.73,448.48,32678,25644776.0,4.2,-0.93,-4.27,1.75
2012-02-21,600615,452.05,457.04,458.46,440.64,17900,13907554.0,3.92,0.63,2.85,0.96
2012-02-22,600615,458.46,463.45,478.42,454.19,46533,37019828.0,5.3,1.4,6.41,2.5
2012-02-23,600615,464.16,459.18,464.16,450.62,36391,28583579.0,2.92,-0.92,-4.27,1.95
2012-02-24,600615,461.31,474.14,484.12,452.05,59648,48066869.0,6.98,3.26,14.96,3.2
2012-02-27,600615,472.0,474.14,491.25,466.3,53250,43563419.0,5.26,0.0,0.0,2.86
2012-02-28,600615,474.14,496.95,498.37,462.03,74499,61488560.0,7.66,4.81,22.81,4.0
2012-02-29,600615,489.82,489.82,498.37,475.57,46902,38737459.0,4.59,-1.43,-7.13,2.52
2012-03-01,600615,484.12,504.08,523.32,481.27,64716,55239237.0,8.58,2.91,14.26,3.47
2012-03-02,600615,496.95,546.13,562.52,496.95,83083,74508677.0,13.01,8.34,42.05,4.46
2012-03-05,600615,546.13,576.06,583.9,534.72,100432,93479853.0,9.01,5.48,29.93,5.39
2012-03-06,600615,571.78,568.22,593.88,551.83,64361,61145588.0,7.3,-1.36,-7.84,3.45
2012-03-07,600615,558.95,543.27,575.35,536.86,66300,61363058.0,6.77,-4.39,-24.95,3.56
2012-03-08,600615,543.27,545.41,561.09,538.29,35870,32940274.0,4.2,0.39,2.14,1.92
2012-03-09,600615,545.41,558.95,564.66,545.41,26487,24495342.0,3.53,2.48,13.54,1.42
2012-03-12,600615,559.67,565.37,568.22,548.98,21655,20063261.0,3.44,1.15,6.42,1.16
2012-03-13,600615,565.37,566.79,571.78,551.83,27802,26016104.0,3.53,0.25,1.42,1.49
2012-03-15,600615,529.02,551.83,568.93,499.8,62271,56101875.0,12.2,-2.64,-14.96,3.34
2012-03-16,600615,563.23,553.96,605.28,544.7,99091,93313915.0,10.98,0.39,2.13,5.31
2012-03-19,600615,543.27,534.01,543.27,519.76,58829,52460000.0,4.24,-3.6,-19.95,3.15
2012-03-20,600615,529.73,540.42,549.69,521.89,43418,39106772.0,5.21,1.2,6.41,2.33
2012-03-21,600615,541.14,549.69,556.82,532.58,41123,37519696.0,4.49,1.72,9.27,2.21
2012-03-22,600615,564.66,565.37,588.17,558.24,60386,57271966.0,5.44,2.85,15.68,3.24
2012-03-23,600615,558.24,528.31,560.38,509.78,37129,33313670.0,8.95,-6.56,-37.06,1.99
2012-03-26,600615,520.47,501.94,529.02,490.53,25924,22314736.0,7.29,-4.99,-26.37,1.39
2012-03-27,600615,513.34,501.22,519.04,499.09,14420,12384466.0,3.97,-0.14,-0.72,0.77
2012-03-28,600615,501.22,441.36,502.65,440.64,31962,25498740.0,12.37,-11.94,-59.86,1.71
2012-03-29,600615,442.07,424.25,444.21,412.85,36471,27178055.0,7.11,-3.88,-17.11,1.96
2012-03-30,600615,424.25,427.1,435.66,416.41,15436,11498620.0,4.54,0.67,2.85,0.83
2012-04-05,600615,421.4,439.22,442.07,421.4,19270,14568729.0,4.84,2.84,12.12,1.03
2012-04-09,600615,439.93,436.37,444.92,427.82,17205,13062430.0,3.89,-0.65,-2.85,0.92
2012-04-10,600615,434.23,433.52,441.36,400.02,21916,16092681.0,9.47,-0.65,-2.85,1.18
2012-04-11,600615,423.54,447.06,454.9,416.41,23959,18302710.0,8.88,3.12,13.54,1.28
2012-04-12,600615,447.06,472.72,473.43,442.07,33141,26343258.0,7.01,5.74,25.66,1.78
2012-04-13,600615,478.42,479.13,499.8,463.45,41105,33794255.0,7.69,1.36,6.41,2.2
2012-04-16,600615,466.3,489.11,501.94,464.16,32931,27326397.0,7.89,2.08,9.98,1.77
2012-04-17,600615,484.12,463.45,497.66,462.74,49189,40129175.0,7.14,-5.25,-25.66,2.64
2012-04-18,600615,464.88,484.83,486.97,452.76,34076,27620451.0,7.38,4.61,21.38,1.83
2012-04-19,600615,483.41,485.55,493.39,473.43,27356,22655321.0,4.12,0.15,0.72,1.47
2012-04-20,600615,485.55,500.51,510.49,481.98,37980,32066121.0,5.87,3.08,14.96,2.04
2012-04-23,600615,500.51,491.25,507.64,484.83,29578,24856110.0,4.56,-1.85,-9.26,1.59
2012-04-24,600615,488.4,522.61,541.14,484.12,67107,58249012.0,11.61,6.38,31.36,3.6
2012-04-25,600615,513.34,544.7,566.08,509.06,87253,79294868.0,10.91,4.23,22.09,4.68
2012-04-26,600615,546.13,534.01,561.09,529.73,44701,40594946.0,5.76,-1.96,-10.69,2.4
2012-04-27,600615,536.86,521.89,546.84,516.19,27003,24079243.0,5.74,-2.27,-12.12,1.45
2012-05-02,600615,537.57,521.18,539.0,519.04,22801,20114439.0,3.82,-0.14,-0.71,1.22
2012-05-03,600615,522.61,512.63,525.46,504.08,25609,22129446.0,4.1,-1.64,-8.55,1.37
2012-05-04,600615,512.63,565.37,574.63,509.78,90867,84992256.0,12.65,10.29,52.74,4.87
2012-05-07,600615,545.41,557.53,573.21,538.29,42063,38915275.0,6.18,-1.39,-7.84,2.26
2012-05-08,600615,557.53,558.95,570.36,551.83,23536,21992048.0,3.32,0.25,1.42,1.26
2012-05-09,600615,554.68,570.36,601.72,550.4,63213,60956784.0,9.18,2.04,11.41,3.39
2012-05-10,600615,569.64,638.06,638.06,563.94,107015,109201025.0,13.0,11.87,67.7,5.74
2012-05-17,600615,563.94,589.6,619.53,563.94,106006,103071821.0,8.71,-7.59,-48.46,5.68
2012-05-18,600615,573.21,526.17,573.21,520.47,79277,72139435.0,8.95,-10.76,-63.43,4.25
2012-05-21,600615,519.76,522.61,537.57,516.19,39828,35205282.0,4.06,-0.68,-3.56,2.14
2012-05-22,600615,521.89,546.84,549.69,521.89,35924,32547928.0,5.32,4.64,24.23,1.93
2012-05-23,600615,541.85,587.46,608.84,541.85,50788,48606830.0,12.25,7.43,40.62,2.72
2012-05-24,600615,579.62,616.68,620.25,567.51,58725,57543782.0,8.98,4.97,29.22,3.15
2012-05-25,600615,615.97,605.28,635.93,602.43,79394,80668813.0,5.43,-1.85,-11.4,4.26
2012-05-28,600615,601.72,648.04,656.59,596.01,79377,82707902.0,10.01,7.06,42.76,4.26
2012-05-29,600615,644.48,642.34,655.17,628.09,63178,65740514.0,4.18,-0.88,-5.7,3.39
2012-05-30,600615,644.48,611.69,644.48,609.56,58162,59352529.0,5.44,-4.77,-30.65,3.12
2012-05-31,600615,613.12,677.98,682.96,608.84,103757,110944014.0,12.12,10.84,66.29,5.56
2012-06-01,600615,671.56,669.42,682.96,657.31,70589,76521896.0,3.78,-1.26,-8.56,3.79
2012-06-04,600615,658.73,650.18,685.82,644.48,58591,63243059.0,6.18,-2.87,-19.24,3.14
2012-06-05,600615,644.48,628.09,664.43,615.97,39815,41427289.0,7.45,-3.4,-22.09,2.14
2012-06-06,600615,635.93,645.9,653.03,629.51,30870,32335180.0,3.74,2.84,17.81,1.66
2012-06-07,600615,651.61,636.64,677.98,633.79,36450,38899483.0,6.84,-1.43,-9.26,1.95
2012-06-08,600615,656.59,628.09,658.73,623.1,26964,28187257.0,5.6,-1.34,-8.55,1.45
2012-06-11,600615,623.1,643.05,643.05,588.17,39346,39841009.0,8.74,2.38,14.96,2.11
2012-06-12,600615,630.22,653.74,668.0,630.22,41656,44177635.0,5.88,1.66,10.69,2.23
2012-06-13,600615,656.59,667.28,670.85,643.77,44528,47986033.0,4.14,2.07,13.54,2.39
2012-06-14,600615,665.86,686.53,701.49,662.3,63102,70112445.0,5.87,2.88,19.25,3.38
2012-06-15,600615,687.24,734.28,758.51,687.24,123050,144293238.0,10.38,6.96,47.75,6.6
2012-06-18,600615,715.75,722.16,739.27,700.07,68437,78784443.0,5.34,-1.65,-12.12,3.67
2012-06-19,600615,722.88,676.55,726.44,672.99,98203,109465361.0,7.4,-6.32,-45.61,5.27
2012-06-20,600615,679.4,663.01,685.1,657.31,45392,49064957.0,4.11,-2.0,-13.54,2.43
2012-06-21,600615,660.87,630.94,669.42,617.4,65211,67977158.0,7.85,-4.84,-32.07,3.5
2012-06-25,600615,631.65,634.5,661.58,610.98,44271,46526828.0,8.02,0.56,3.56,2.37
2012-06-26,600615,631.65,617.4,642.34,593.16,41387,41906020.0,7.75,-2.7,-17.1,2.22
2012-06-27,600615,610.98,649.47,665.86,610.98,48673,51203377.0,8.89,5.19,32.07,2.61
2012-06-28,600615,656.59,659.45,688.67,648.04,58749,63907802.0,6.26,1.54,9.98,3.15
2012-06-29,600615,651.61,637.35,658.02,623.81,38484,40084151.0,5.19,-3.35,-22.1,2.06
2012-07-02,600615,639.49,630.22,647.33,608.13,28175,28849750.0,6.15,-1.12,-7.13,1.51
2012-07-03,600615,623.81,635.93,642.34,623.81,20810,21579343.0,2.94,0.91,5.71,1.12
2012-07-04,600615,635.93,618.82,642.34,613.83,24299,24750027.0,4.48,-2.69,-17.11,1.3
2012-07-05,600615,620.25,598.15,620.25,586.04,30066,29531615.0,5.53,-3.34,-20.67,1.61
2012-07-06,600615,605.99,630.22,630.94,598.15,25580,25768266.0,5.48,5.36,32.07,1.37
2012-07-09,600615,620.96,602.43,627.37,601.72,22772,22898733.0,4.07,-4.41,-27.79,1.22
2012-07-10,600615,594.59,604.57,614.54,594.59,12907,12894957.0,3.31,0.36,2.14,0.69
2012-07-11,600615,604.57,608.13,613.12,591.03,15447,15301966.0,3.65,0.59,3.56,0.83
2012-07-12,600615,608.13,624.52,630.22,595.3,23658,23858431.0,5.74,2.7,16.39,1.27
2012-07-13,600615,624.52,615.97,630.22,612.41,15795,16082959.0,2.85,-1.37,-8.55,0.85
2012-07-16,600615,612.41,543.99,619.53,543.99,41275,38958248.0,12.26,-11.69,-71.98,2.21
2012-07-17,600615,544.7,524.74,551.11,495.52,28519,25016963.0,10.22,-3.54,-19.25,1.53
2012-07-18,600615,521.89,539.71,543.99,518.33,13830,12310101.0,4.89,2.85,14.97,0.74
2012-07-19,600615,536.15,564.66,576.06,535.43,22194,20739416.0,7.53,4.62,24.95,1.19
2012-07-20,600615,564.66,562.52,584.61,558.24,23010,21838439.0,4.67,-0.38,-2.14,1.23
2012-07-23,600615,562.52,538.29,562.52,533.3,14898,13494888.0,5.19,-4.31,-24.23,0.8
2012-07-24,600615,533.3,552.54,552.54,530.45,11004,10041089.0,4.1,2.65,14.25,0.59
2012-07-25,600615,552.54,541.85,553.25,531.16,13273,12005923.0,4.0,-1.93,-10.69,0.71
2012-07-26,600615,532.58,529.73,546.84,525.46,11322,10185010.0,3.95,-2.24,-12.12,0.61
2012-07-27,600615,533.3,541.14,543.27,517.62,10276,9171954.0,4.84,2.15,11.41,0.55
2012-07-30,600615,532.58,536.86,546.84,523.32,9815,8799024.0,4.35,-0.79,-4.28,0.53
2012-07-31,600615,534.01,526.17,539.71,521.89,7017,6266683.0,3.32,-1.99,-10.69,0.38
2012-08-01,600615,525.46,539.0,550.4,525.46,10446,9441755.0,4.74,2.44,12.83,0.56
2012-08-02,600615,539.0,566.08,577.48,539.0,30669,28675637.0,7.14,5.02,27.08,1.64
2012-08-03,600615,567.51,571.78,572.5,554.68,14211,13325308.0,3.15,1.01,5.7,0.76
2012-08-06,600615,563.94,587.46,591.74,563.94,19748,18919602.0,4.86,2.74,15.68,1.06
2012-08-07,600615,586.04,580.33,597.44,578.91,20538,19915531.0,3.15,-1.21,-7.13,1.1
2012-08-08,600615,583.9,576.77,597.44,573.92,13350,12847712.0,4.05,-0.61,-3.56,0.72
2012-08-09,600615,576.77,581.76,589.6,570.36,16305,15694967.0,3.34,0.87,4.99,0.87
2012-08-10,600615,580.33,584.61,588.17,571.78,13413,12865558.0,2.82,0.49,2.85,0.72
2012-08-13,600615,582.47,625.24,650.18,574.63,59360,60580627.0,12.92,6.95,40.63,3.18
2012-08-14,600615,622.38,619.53,625.24,596.73,26598,26739277.0,4.56,-0.91,-5.71,1.43
2012-08-15,600615,613.83,630.22,646.62,610.27,29179,30194904.0,5.87,1.73,10.69,1.56
2012-08-16,600615,630.94,640.2,644.48,617.4,23259,24112298.0,4.3,1.58,9.98,1.25
2012-08-17,600615,628.8,662.3,673.7,628.8,49849,53354958.0,7.01,3.45,22.1,2.67
2012-08-21,600615,739.27,699.36,739.27,670.85,136534,153801924.0,10.33,5.6,37.06,7.32
2012-08-22,600615,695.79,774.9,779.89,692.23,247930,301491760.0,12.53,10.8,75.54,13.3
2012-08-23,600615,738.56,736.42,762.07,694.37,126724,148917614.0,8.74,-4.97,-38.48,6.8
2012-08-24,600615,715.75,724.3,740.69,681.54,62437,71240813.0,8.03,-1.65,-12.12,3.35
2012-08-27,600615,713.61,717.17,754.95,705.06,35749,41770417.0,6.89,-0.98,-7.13,1.92
2012-08-28,600615,705.77,703.63,728.58,693.65,26477,30300554.0,4.87,-1.89,-13.54,1.42
2012-08-29,600615,697.93,623.1,707.2,623.1,71754,76050487.0,11.95,-11.44,-80.53,3.85
2012-08-30,600615,619.53,608.13,623.1,588.17,33723,33650501.0,5.61,-2.4,-14.97,1.81
2012-08-31,600615,604.57,659.45,676.55,598.15,48796,51551161.0,12.89,8.44,51.32,2.62
2012-09-03,600615,654.46,665.86,687.95,652.32,26190,28635641.0,5.4,0.97,6.41,1.4
2012-09-04,600615,671.56,661.58,671.56,647.33,16400,17517091.0,3.64,-0.64,-4.28,0.88
2012-09-05,600615,660.87,656.59,676.55,653.74,12614,13610012.0,3.45,-0.75,-4.99,0.68
2012-09-06,600615,653.74,655.17,662.3,635.21,20702,21859135.0,4.13,-0.22,-1.42,1.11
2012-09-07,600615,661.58,685.82,720.02,654.46,40508,45107735.0,10.01,4.68,30.65,2.17
2012-09-10,600615,682.96,687.24,707.91,682.96,24279,27147321.0,3.64,0.21,1.42,1.3
2012-09-11,600615,681.54,682.96,688.67,665.86,13137,14375426.0,3.32,-0.62,-4.28,0.7
2012-09-12,600615,705.06,705.77,727.15,688.67,31435,36031364.0,5.63,3.34,22.81,1.69
2012-09-13,600615,706.48,728.58,746.4,695.08,47952,56170808.0,7.27,3.23,22.81,2.57
2012-09-14,600615,729.29,727.86,740.69,708.62,22766,26555660.0,4.4,-0.1,-0.72,1.22
2012-09-17,600615,722.88,673.7,736.42,672.27,31145,35267880.0,8.81,-7.44,-54.16,1.67
2012-09-18,600615,644.48,660.87,680.83,644.48,19440,21054954.0,5.4,-1.9,-12.83,1.04
2012-09-19,600615,667.28,658.73,676.55,651.61,14390,15432461.0,3.77,-0.32,-2.14,0.77
2012-09-20,600615,657.31,643.05,670.85,633.08,18425,19405856.0,5.73,-2.38,-15.68,0.99
2012-09-21,600615,649.47,650.18,674.41,637.35,12593,13434492.0,5.76,1.11,7.13,0.68
2012-09-24,600615,644.48,661.58,665.86,634.5,9869,10537941.0,4.82,1.75,11.4,0.53
2012-09-25,600615,665.15,649.47,665.15,644.48,7886,8373345.0,3.12,-1.83,-12.11,0.42
2012-09-26,600615,647.33,645.19,658.73,637.35,8057,8503153.0,3.29,-0.66,-4.28,0.43
2012-09-27,600615,643.05,663.01,671.56,643.05,12972,13899321.0,4.42,2.76,17.82,0.7
2012-09-28,600615,663.72,675.12,681.54,658.73,15092,16448177.0,3.44,1.83,12.11,0.81
2012-10-08,600615,680.11,700.07,713.61,676.55,20024,22615826.0,5.49,3.7,24.95,1.07
2012-10-09,600615,694.37,709.33,712.19,694.37,19813,22531165.0,2.55,1.32,9.26,1.06
2012-10-10,600615,702.92,709.33,712.9,701.49,19334,21995827.0,1.61,0.0,0.0,1.04
2012-10-11,600615,708.62,678.69,708.62,677.26,23905,26597352.0,4.42,-4.32,-30.64,1.28
2012-10-12,600615,686.53,694.37,696.51,680.11,15898,17722097.0,2.42,2.31,15.68,0.85
2012-10-15,600615,692.94,678.69,707.2,672.27,13196,14546142.0,5.03,-2.26,-15.68,0.71
2012-10-16,600615,675.84,679.4,685.1,665.86,11463,12566971.0,2.83,0.1,0.71,0.61
2012-10-17,600615,684.39,687.95,690.09,672.99,8298,9177349.0,2.52,1.26,8.55,0.44
2012-10-18,600615,686.53,707.91,717.17,680.83,25278,28739165.0,5.28,2.9,19.96,1.36
2012-10-19,600615,705.06,697.22,714.32,694.37,11286,12734861.0,2.82,-1.51,-10.69,0.61
2012-10-22,600615,695.08,710.05,710.76,692.94,14665,16590053.0,2.56,1.84,12.83,0.79
2012-10-23,600615,710.76,690.8,710.76,685.82,12684,14235181.0,3.51,-2.71,-19.25,0.68
2012-10-24,600615,687.24,679.4,697.22,668.71,14933,16401195.0,4.13,-1.65,-11.4,0.8
2012-10-25,600615,683.68,663.72,689.38,662.3,13651,14839265.0,3.99,-2.31,-15.68,0.73
2012-10-26,600615,658.73,677.98,679.4,658.73,9545,10370402.0,3.11,2.15,14.26,0.51
2012-10-29,600615,672.99,668.71,675.12,659.45,8003,8681532.0,2.31,-1.37,-9.27,0.43
2012-10-30,600615,663.72,680.11,684.39,663.72,11964,13070221.0,3.09,1.7,11.4,0.64
2012-10-31,600615,683.68,674.41,683.68,673.7,7064,7734097.0,1.47,-0.84,-5.7,0.38
2012-11-01,600615,673.7,678.69,693.65,667.28,25612,28133384.0,3.91,0.63,4.28,1.37
2012-11-02,600615,677.26,690.09,691.52,671.56,26696,29490852.0,2.94,1.68,11.4,1.43
2012-11-05,600615,689.38,706.48,713.61,683.68,29837,33683815.0,4.34,2.38,16.39,1.6
2012-11-06,600615,703.63,663.01,707.2,639.49,39921,43275918.0,9.58,-6.15,-43.47,2.14
2012-11-07,600615,657.31,648.75,663.72,644.48,16106,17074122.0,2.9,-2.15,-14.26,0.86
2012-11-08,600615,644.48,643.05,658.73,637.35,11834,12485916.0,3.3,-0.88,-5.7,0.63
2012-11-09,600615,644.48,629.51,648.04,625.24,13214,13638601.0,3.55,-2.11,-13.54,0.71
2012-11-12,600615,630.22,636.64,639.49,625.24,5483,5665730.0,2.26,1.13,7.13,0.29
2012-11-13,600615,639.49,625.24,639.49,613.12,8133,8298371.0,4.14,-1.79,-11.4,0.44
2012-11-14,600615,618.82,622.38,630.22,615.97,5332,5432205.0,2.28,-0.46,-2.86,0.29
2012-11-15,600615,622.38,603.85,630.22,601.0,11611,11736719.0,4.69,-2.98,-18.53,0.62
2012-11-16,600615,594.59,601.0,608.13,593.16,7480,7397234.0,2.48,-0.47,-2.85,0.4
2012-11-19,600615,601.0,608.84,611.69,590.31,5173,5145790.0,3.56,1.3,7.84,0.28
2012-11-20,600615,615.97,603.14,617.4,597.44,6573,6535821.0,3.28,-0.94,-5.7,0.35
2012-11-21,600615,605.28,615.97,623.1,588.89,16373,16336793.0,5.67,2.13,12.83,0.88
2012-11-22,600615,610.98,593.16,612.41,591.03,9532,9400772.0,3.47,-3.7,-22.81,0.51
2012-11-23,600615,599.58,587.46,601.0,583.9,8059,7857261.0,2.88,-0.96,-5.7,0.43
2012-11-26,600615,587.46,556.82,587.46,548.26,9891,9341986.0,6.67,-5.22,-30.64,0.53
2012-11-27,600615,544.7,541.85,553.96,527.59,9958,9078187.0,4.74,-2.69,-14.97,0.53
2012-11-28,600615,543.99,505.5,545.41,489.82,8681,7688783.0,10.26,-6.71,-36.35,0.46
2012-11-29,600615,502.65,493.39,522.61,490.53,7908,6796845.0,6.35,-2.4,-12.11,0.42
2012-11-30,600615,494.1,511.2,515.48,474.85,16101,13713017.0,8.23,3.61,17.81,0.86
2012-12-03,600615,509.06,494.1,513.34,493.39,7300,6197380.0,3.9,-3.35,-17.1,0.39
2012-12-04,600615,494.1,501.94,507.64,482.69,5409,4546991.0,5.05,1.59,7.84,0.29
2012-12-05,600615,503.36,523.32,530.45,501.94,11969,10509485.0,5.68,4.26,21.38,0.64
2012-12-06,600615,526.17,537.57,572.5,519.76,9720,8890876.0,10.08,2.72,14.25,0.52
2012-12-07,600615,538.29,546.13,557.53,538.29,11789,10785600.0,3.58,1.59,8.56,0.63
2012-12-10,600615,560.38,546.84,560.38,537.57,19802,18026815.0,4.18,0.13,0.71,1.06
2012-12-11,600615,546.13,549.69,556.1,539.0,11370,10397747.0,3.13,0.52,2.85,0.61
2012-12-12,600615,548.26,543.99,552.54,538.29,6155,5602059.0,2.59,-1.04,-5.7,0.33
2012-12-13,600615,541.14,543.27,550.4,538.29,5937,5405736.0,2.23,-0.13,-0.72,0.32
2012-12-14,600615,543.27,566.08,568.93,543.27,18345,17060767.0,4.72,4.2,22.81,0.98
2012-12-17,600615,568.22,559.67,580.33,557.53,18888,17768964.0,4.03,-1.13,-6.41,1.01
2012-12-18,600615,559.67,543.99,562.52,537.57,23428,21450943.0,4.46,-2.8,-15.68,1.25
2012-12-19,600615,541.85,541.85,547.55,534.72,15980,14404669.0,2.36,-0.39,-2.14,0.86
2012-12-20,600615,543.99,525.46,543.99,524.03,16952,15096867.0,3.68,-3.02,-16.39,0.91
2012-12-21,600615,525.46,531.16,543.99,517.62,23689,21108149.0,5.02,1.08,5.7,1.27
2012-12-24,600615,525.46,530.45,540.42,525.46,17686,15787117.0,2.82,-0.13,-0.71,0.95
2012-12-25,600615,532.58,543.27,550.4,523.32,34368,31156728.0,5.11,2.42,12.82,1.84
2012-12-26,600615,541.14,557.53,572.5,541.14,44148,40946564.0,5.77,2.62,14.26,2.36
2012-12-27,600615,555.39,576.77,578.91,549.69,76041,71174558.0,5.24,3.45,19.24,4.07
2012-12-28,600615,569.64,568.93,585.32,566.08,50678,48282048.0,3.34,-1.36,-7.84,2.71
2012-12-31,600615,571.07,566.08,576.06,561.09,30439,28713723.0,2.63,-0.5,-2.85,1.63
2013-01-04,600615,571.78,568.93,575.35,563.23,24099,22815722.0,2.14,0.5,2.85,1.29
2013-01-07,600615,572.5,579.62,595.3,566.08,34001,32722338.0,5.14,1.88,10.69,1.82
2013-01-08,600615,579.62,572.5,583.9,569.64,26861,25588206.0,2.46,-1.23,-7.12,1.44
2013-01-09,600615,573.21,585.32,588.17,572.5,27860,26747468.0,2.74,2.24,12.82,1.49
2013-01-10,600615,585.32,583.19,593.16,577.48,25894,24925643.0,2.68,-0.36,-2.13,1.39
2013-01-11,600615,580.33,558.95,586.04,557.53,24557,23432428.0,4.89,-4.16,-24.24,1.31
2013-01-14,600615,556.1,579.62,584.61,549.69,31667,29990901.0,6.25,3.7,20.67,1.7
2013-01-15,600615,581.05,593.16,597.44,575.35,38957,37817071.0,3.81,2.34,13.54,2.09
2013-01-16,600615,592.45,607.42,614.54,585.32,39625,39164124.0,4.93,2.4,14.26,2.12
2013-01-17,600615,603.14,596.73,606.71,587.46,25948,25470339.0,3.17,-1.76,-10.69,1.39
2013-01-18,600615,596.01,605.28,606.71,591.74,17816,17603220.0,2.51,1.43,8.55,0.95
2013-01-21,600615,605.28,618.82,633.79,602.43,40058,40879068.0,5.18,2.24,13.54,2.14
2013-01-22,600615,618.11,625.24,634.5,613.12,33383,34119284.0,3.45,1.04,6.42,1.79
2013-01-23,600615,625.24,628.8,641.63,613.83,34563,35555317.0,4.45,0.57,3.56,1.85
2013-01-24,600615,635.93,605.28,638.06,586.04,35337,35616845.0,8.27,-3.74,-23.52,1.89
2013-01-25,600615,603.85,605.28,612.41,589.6,15365,15215873.0,3.77,0.0,0.0,0.82
2013-01-28,600615,605.28,620.25,625.24,603.85,15802,15947143.0,3.53,2.47,14.97,0.85
2013-01-29,600615,619.53,627.37,635.93,617.4,21403,21991906.0,2.99,1.15,7.12,1.15
2013-01-30,600615,623.1,625.24,633.79,615.26,18615,18994516.0,2.95,-0.34,-2.13,1.0
2013-01-31,600615,622.38,616.68,625.95,608.13,20592,20773459.0,2.85,-1.37,-8.56,1.1
2013-02-01,600615,610.98,628.8,632.36,603.14,21087,21620019.0,4.74,1.97,12.12,1.13
2013-02-04,600615,628.8,610.27,635.93,601.72,22922,23064534.0,5.44,-2.95,-18.53,1.23
2013-02-05,600615,608.13,612.41,617.4,598.15,13956,13978708.0,3.15,0.35,2.14,0.75
2013-02-06,600615,609.56,612.41,616.68,606.71,10487,10526782.0,1.63,0.0,0.0,0.56
2013-02-07,600615,610.27,591.74,610.27,581.76,36137,35530917.0,4.66,-3.38,-20.67,1.93
2013-02-08,600615,588.89,599.58,601.72,583.9,24319,23769257.0,3.01,1.32,7.84,1.3
2013-02-18,600615,598.15,595.3,601.72,591.03,17609,17277732.0,1.78,-0.71,-4.28,0.94
2013-02-19,600615,596.01,588.17,596.01,587.46,12514,12209312.0,1.44,-1.2,-7.13,0.67
2013-02-20,600615,590.31,605.28,615.26,582.47,23164,22879589.0,5.57,2.91,17.11,1.24
2013-02-21,600615,601.72,630.22,631.65,596.01,34284,34479443.0,5.89,4.12,24.94,1.84
2013-02-22,600615,626.66,618.82,633.08,615.26,33145,33710319.0,2.83,-1.81,-11.4,1.77
2013-02-25,600615,615.97,613.83,621.67,605.99,20666,20767727.0,2.53,-0.81,-4.99,1.11
2013-02-26,600615,613.83,597.44,615.26,596.73,13887,13835825.0,3.02,-2.67,-16.39,0.74
2013-02-27,600615,596.01,603.14,604.57,589.6,12156,11949113.0,2.51,0.95,5.7,0.65
2013-02-28,600615,602.43,608.84,613.12,596.73,18742,18701196.0,2.72,0.95,5.7,1.0
2013-03-01,600615,607.42,615.26,618.11,603.14,23762,23809636.0,2.46,1.05,6.42,1.27
2013-03-04,600615,612.41,578.91,613.83,573.21,37583,36403667.0,6.6,-5.91,-36.35,2.01
2013-03-05,600615,581.05,568.22,583.19,550.4,39716,37122038.0,5.66,-1.85,-10.69,2.13
2013-03-06,600615,564.66,566.79,569.64,561.09,18413,17285851.0,1.5,-0.25,-1.43,0.99
2013-03-07,600615,566.79,561.8,566.79,555.39,20006,18616386.0,2.01,-0.88,-4.99,1.07
2013-03-08,600615,566.08,578.91,591.74,558.95,28073,26482360.0,5.84,3.05,17.11,1.5
2013-03-11,600615,575.35,570.36,591.03,568.93,25983,24714803.0,3.82,-1.48,-8.55,1.39
2013-03-12,600615,569.64,571.78,586.04,550.4,18838,17598253.0,6.25,0.25,1.42,1.01
2013-03-13,600615,564.66,561.8,571.07,553.25,7043,6559733.0,3.12,-1.75,-9.98,0.38
2013-03-14,600615,558.95,569.64,581.05,556.82,12179,11490227.0,4.31,1.4,7.84,0.65
2013-03-15,600615,565.37,582.47,608.13,561.09,36460,35260949.0,8.26,2.25,12.83,1.95
2013-03-18,600615,580.33,568.93,589.6,563.23,18161,17225465.0,4.53,-2.32,-13.54,0.97
2013-03-19,600615,562.52,556.82,571.78,551.83,15783,14694425.0,3.51,-2.13,-12.11,0.84
2013-03-20,600615,556.82,567.51,568.22,551.83,11244,10508709.0,2.94,1.92,10.69,0.6
2013-03-21,600615,565.37,570.36,574.63,561.09,12830,12119069.0,2.39,0.5,2.85,0.69
2013-03-22,600615,568.93,566.79,575.35,562.52,14240,13452679.0,2.25,-0.63,-3.57,0.76
2013-03-25,600615,566.08,558.95,568.22,551.83,16433,15314553.0,2.89,-1.38,-7.84,0.88
2013-03-26,600615,553.96,557.53,566.08,553.25,10241,9509360.0,2.3,-0.25,-1.42,0.55
2013-03-27,600615,559.67,556.82,563.94,553.25,9661,8961647.0,1.92,-0.13,-0.71,0.52
2013-03-28,600615,554.68,521.89,554.68,521.18,18729,16710680.0,6.02,-6.27,-34.93,1.0
2013-03-29,600615,529.73,531.16,535.43,516.19,5908,5260043.0,3.69,1.78,9.27,0.32
2013-04-01,600615,530.45,538.29,546.13,530.45,9194,8304138.0,2.95,1.34,7.13,0.49
2013-04-02,600615,538.29,529.73,546.13,528.31,6910,6227560.0,3.31,-1.59,-8.56,0.37
2013-04-03,600615,529.02,536.15,541.14,529.02,5553,4981913.0,2.29,1.21,6.42,0.3
2013-04-08,600615,530.45,543.99,544.7,521.89,6726,6028305.0,4.25,1.46,7.84,0.36
2013-04-09,600615,543.27,541.14,548.26,536.15,10592,9606681.0,2.23,-0.52,-2.85,0.57
2013-04-10,600615,541.85,540.42,548.26,530.45,5047,4552907.0,3.29,-0.13,-0.72,0.27
2013-04-11,600615,533.3,533.3,543.27,532.58,5206,4675718.0,1.98,-1.32,-7.12,0.28
2013-04-12,600615,531.87,523.32,538.29,521.89,7683,6823728.0,3.08,-1.87,-9.98,0.41
2013-04-15,600615,522.61,519.76,527.59,517.62,3390,2976140.0,1.91,-0.68,-3.56,0.18
2013-04-16,600615,507.64,522.61,525.46,507.64,5786,5055425.0,3.43,0.55,2.85,0.31
2013-04-17,600615,516.19,519.76,525.46,513.34,8139,7116384.0,2.32,-0.55,-2.85,0.44
2013-04-18,600615,496.24,517.62,525.46,496.24,5577,4847587.0,5.62,-0.41,-2.14,0.3
2013-04-19,600615,513.34,524.74,530.45,509.78,11186,9829272.0,3.99,1.38,7.12,0.6
2013-04-22,600615,520.47,526.88,532.58,520.47,11218,9938822.0,2.31,0.41,2.14,0.6
2013-04-23,600615,525.46,529.73,532.58,509.06,14448,12777271.0,4.46,0.54,2.85,0.77
2013-04-24,600615,530.45,543.99,546.13,524.03,16015,14392906.0,4.17,2.69,14.26,0.86
2013-04-25,600615,546.13,561.09,581.05,536.15,47433,44606639.0,8.25,3.14,17.1,2.54
2013-04-26,600615,558.95,576.77,581.76,557.53,29892,28332156.0,4.32,2.79,15.68,1.6
2013-05-02,600615,573.21,570.36,577.48,564.66,15513,14654008.0,2.22,-1.11,-6.41,0.83
2013-05-03,600615,567.51,582.47,588.89,566.79,14170,13648161.0,3.87,2.12,12.11,0.76
2013-05-06,600615,573.21,576.77,596.73,573.21,17761,17222466.0,4.04,-0.98,-5.7,0.95
2013-05-07,600615,576.77,584.61,593.88,570.36,15195,14680176.0,4.08,1.36,7.84,0.81
2013-05-08,600615,590.31,578.2,590.31,573.21,9604,9212221.0,2.93,-1.1,-6.41,0.51
2013-05-09,600615,579.62,578.91,588.17,573.92,12310,11784702.0,2.46,0.12,0.71,0.66
2013-05-10,600615,578.91,583.9,591.03,578.91,17158,16578636.0,2.09,0.86,4.99,0.92
2013-05-13,600615,586.04,586.04,591.74,577.48,14634,14092819.0,2.44,0.37,2.14,0.78
2013-05-14,600615,595.3,571.07,595.3,568.93,12910,12347151.0,4.5,-2.55,-14.97,0.69
2013-05-15,600615,563.23,579.62,581.05,563.23,10047,9545370.0,3.12,1.5,8.55,0.54
2013-05-16,600615,578.91,576.06,586.04,571.78,9743,9335519.0,2.46,-0.61,-3.56,0.52
2013-05-17,600615,578.2,583.19,587.46,568.93,18297,17518167.0,3.22,1.24,7.13,0.98
2013-05-20,600615,581.05,585.32,587.46,576.06,23713,22810509.0,1.95,0.37,2.13,1.27
2013-05-21,600615,590.31,628.8,630.22,578.2,58626,58761457.0,8.89,7.43,43.48,3.14
2013-05-22,600615,623.81,618.82,637.35,617.4,24910,25454505.0,3.17,-1.59,-9.98,1.33
2013-05-23,600615,608.84,614.54,630.22,608.84,23720,24091816.0,3.45,-0.69,-4.28,1.27
2013-05-24,600615,614.54,616.68,619.53,608.84,14019,14140819.0,1.74,0.35,2.14,0.75
2013-05-27,600615,615.97,615.97,616.68,609.56,11989,12057828.0,1.15,-0.12,-0.71,0.64
2013-05-28,600615,615.26,622.38,628.8,610.98,20679,21088816.0,2.89,1.04,6.41,1.11
2013-05-29,600615,626.66,615.97,626.66,611.69,16384,16563646.0,2.41,-1.03,-6.41,0.88
2013-05-30,600615,615.97,605.99,615.97,601.72,14120,14065006.0,2.31,-1.62,-9.98,0.76
2013-05-31,600615,605.99,596.01,610.98,594.59,14609,14526539.0,2.7,-1.65,-9.98,0.78
2013-06-03,600615,600.29,588.89,603.85,587.46,15104,14781332.0,2.75,-1.19,-7.12,0.81
2013-06-04,600615,589.6,592.45,595.3,582.47,10478,10187881.0,2.18,0.6,3.56,0.56
2013-06-05,600615,592.45,591.03,594.59,585.32,9189,8951947.0,1.56,-0.24,-1.42,0.49
2013-06-06,600615,591.03,592.45,598.87,583.9,13346,13017516.0,2.53,0.24,1.42,0.71
2013-06-07,600615,598.15,618.82,628.8,588.89,30761,30906406.0,6.74,4.45,26.37,1.65
2013-06-13,600615,608.84,633.08,637.35,606.71,59719,61276779.0,4.95,2.3,14.26,3.2
2013-06-14,600615,635.93,623.1,635.93,615.26,32253,32864292.0,3.26,-1.58,-9.98,1.73
2013-06-17,600615,624.52,640.2,643.05,618.11,43445,45012011.0,4.0,2.74,17.1,2.33
2013-06-18,600615,641.63,615.26,641.63,610.98,26713,27210169.0,4.79,-3.9,-24.94,1.43
2013-06-19,600615,614.54,588.17,614.54,584.61,28297,27626320.0,4.86,-4.4,-27.09,1.51
2013-06-20,600615,586.04,580.33,593.16,568.93,18863,18130249.0,4.12,-1.33,-7.84,1.01
2013-06-21,600615,571.78,554.68,573.21,551.83,16620,15463770.0,3.68,-4.42,-25.65,0.89
2013-06-24,600615,551.83,520.47,558.95,512.63,20575,18368283.0,8.35,-6.17,-34.21,1.1
2013-06-25,600615,519.04,529.02,536.15,481.27,18364,15920824.0,10.54,1.64,8.55,0.98
2013-06-26,600615,529.02,537.57,539.0,516.19,11517,10223795.0,4.31,1.62,8.55,0.62
2013-06-27,600615,535.43,497.66,543.27,494.81,19113,16653857.0,9.01,-7.42,-39.91,1.02
2013-06-28,600615,495.52,488.4,511.2,484.83,12610,10554707.0,5.3,-1.86,-9.26,0.68
2013-07-01,600615,488.4,509.06,515.48,488.4,9312,7878023.0,5.54,4.23,20.66,0.5
2013-07-02,600615,510.49,519.04,522.61,498.37,7305,6294608.0,4.76,1.96,9.98,0.39
2013-07-03,600615,516.19,505.5,516.19,497.66,7016,5997321.0,3.57,-2.61,-13.54,0.38
2013-07-04,600615,501.94,516.19,517.62,494.81,9176,7883893.0,4.51,2.11,10.69,0.49
2013-07-05,600615,504.08,527.59,537.57,504.08,11423,10152222.0,6.49,2.21,11.4,0.61
2013-07-08,600615,519.04,493.39,520.47,487.68,7735,6549513.0,6.22,-6.48,-34.2,0.41
2013-07-09,600615,489.11,494.1,505.5,489.11,4657,3901067.0,3.32,0.14,0.71,0.25
2013-07-10,600615,505.5,505.5,507.64,489.11,5993,5076682.0,3.75,2.31,11.4,0.32
2013-07-11,600615,505.5,524.74,529.73,500.51,10942,9560727.0,5.78,3.81,19.24,0.59
2013-07-12,600615,521.89,539.71,543.27,514.77,13965,12354294.0,5.43,2.85,14.97,0.75
2013-07-15,600615,534.72,534.01,543.99,524.74,10768,9644913.0,3.57,-1.06,-5.7,0.58
2013-07-16,600615,548.98,552.54,566.08,546.84,17278,15990089.0,3.6,3.47,18.53,0.92
2013-07-17,600615,539.71,536.15,551.11,526.88,11433,10316229.0,4.39,-2.97,-16.39,0.61
2013-07-18,600615,536.86,523.32,536.86,519.76,8165,7197542.0,3.19,-2.39,-12.83,0.44
2013-07-19,600615,524.74,499.09,527.59,495.52,12658,10901383.0,6.13,-4.63,-24.23,0.68
2013-07-22,600615,499.8,511.2,512.63,495.52,4656,3988610.0,3.43,2.43,12.11,0.25
2013-07-23,600615,506.93,529.02,530.45,505.5,13343,11708416.0,4.88,3.49,17.82,0.71
2013-07-24,600615,527.59,520.47,528.31,513.34,6970,6093966.0,2.83,-1.62,-8.55,0.37
2013-07-25,600615,514.77,519.04,526.17,512.63,6411,5588090.0,2.6,-0.27,-1.43,0.34
2013-07-26,600615,519.04,512.63,521.18,504.08,13576,11685290.0,3.29,-1.23,-6.41,0.73
2013-07-29,600615,504.79,498.37,514.77,496.24,10209,8658161.0,3.61,-2.78,-14.26,0.55
2013-07-30,600615,501.94,489.82,501.94,486.97,10095,8439143.0,3.0,-1.72,-8.55,0.54
2013-07-31,600615,492.67,494.81,499.09,489.82,8969,7502737.0,1.89,1.02,4.99,0.48
2013-08-01,600615,494.81,511.2,516.19,493.39,16240,13820148.0,4.61,3.31,16.39,0.87
2013-08-02,600615,510.49,529.73,529.73,504.79,23984,20905016.0,4.88,3.62,18.53,1.28
2013-08-05,600615,531.16,532.58,541.14,516.9,18642,16651464.0,4.58,0.54,2.85,1.0
2013-08-06,600615,553.96,561.8,596.01,546.84,94942,89453836.0,9.23,5.49,29.22,5.08
2013-08-07,600615,551.83,593.88,620.25,551.11,85625,82350710.0,12.31,5.71,32.08,4.58
2013-08-08,600615,586.75,582.47,607.42,580.33,47237,46177917.0,4.56,-1.92,-11.41,2.53
2013-08-09,600615,589.6,643.77,650.89,589.6,108942,111410345.0,10.52,10.52,61.3,5.83
2013-08-12,600615,635.93,650.18,679.4,621.67,113609,119417092.0,8.97,1.0,6.41,6.08
2013-08-13,600615,637.35,640.91,647.33,622.38,64660,66813257.0,3.84,-1.43,-9.27,3.46
2013-08-14,600615,630.22,635.21,665.15,630.22,62337,65045340.0,5.45,-0.89,-5.7,3.34
2013-08-15,600615,623.1,615.97,632.36,613.83,49908,50685495.0,2.92,-3.03,-19.24,2.67
2013-08-16,600615,609.56,601.0,629.51,598.87,41064,41345841.0,4.97,-2.43,-14.97,2.2
2013-08-19,600615,593.16,625.24,628.8,588.89,38166,38587036.0,6.64,4.03,24.24,2.04
2013-08-20,600615,620.25,613.83,640.2,610.98,48185,49409858.0,4.67,-1.82,-11.41,2.58
2013-08-21,600615,615.97,618.11,633.08,613.12,28924,29485984.0,3.25,0.7,4.28,1.55
2013-08-22,600615,616.68,626.66,630.22,608.13,37557,38153941.0,3.57,1.38,8.55,2.01
2013-08-23,600615,632.36,608.13,633.79,593.88,43764,43770308.0,6.37,-2.96,-18.53,2.34
2013-08-26,600615,596.73,649.47,662.3,596.73,88667,91609070.0,10.78,6.8,41.34,4.75
2013-08-27,600615,637.35,672.99,700.07,631.65,136709,148662497.0,10.53,3.62,23.52,7.32
2013-08-28,600615,658.73,666.57,701.49,636.64,127331,137820886.0,9.64,-0.95,-6.42,6.82
2013-08-29,600615,659.45,651.61,664.43,639.49,59571,63000268.0,3.74,-2.24,-14.96,3.19
2013-08-30,600615,655.17,658.02,686.53,650.18,85856,93089072.0,5.58,0.98,6.41,4.6
2013-09-02,600615,658.02,636.64,675.12,623.1,52227,54405788.0,7.91,-3.25,-21.38,2.8
2013-09-03,600615,636.64,638.06,648.75,625.24,34328,35688497.0,3.69,0.22,1.42,1.84
2013-09-04,600615,635.93,631.65,642.34,617.4,33926,34921622.0,3.91,-1.0,-6.41,1.82
2013-09-05,600615,630.94,625.24,633.08,608.13,44859,45461670.0,3.95,-1.01,-6.41,2.4
2013-09-06,600615,625.95,655.17,664.43,624.52,66527,70373871.0,6.38,4.79,29.93,3.56
2013-09-09,600615,644.48,663.72,669.42,640.2,50616,53526179.0,4.46,1.31,8.55,2.71
2013-09-10,600615,655.88,677.26,700.07,650.89,92480,102006104.0,7.41,2.04,13.54,4.95
2013-09-11,600615,686.53,661.58,686.53,657.31,48023,51985759.0,4.31,-2.32,-15.68,2.57
2013-09-12,600615,657.31,695.79,719.31,650.18,97918,109411876.0,10.45,5.17,34.21,5.24
2013-09-13,600615,685.82,679.4,696.51,662.3,51375,56091796.0,4.92,-2.36,-16.39,2.75
2013-09-16,600615,677.98,665.86,697.93,661.58,38601,42259666.0,5.35,-1.99,-13.54,2.07
2013-09-17,600615,665.86,653.03,671.56,645.19,29762,31778002.0,3.96,-1.93,-12.83,1.59
2013-09-18,600615,658.73,667.28,670.85,648.75,22477,24092226.0,3.38,2.18,14.25,1.2
2013-09-23,600615,665.15,671.56,686.53,662.3,40638,44184319.0,3.63,0.64,4.28,2.18
2013-09-24,600615,667.28,665.86,675.12,643.77,44292,47396073.0,4.67,-0.85,-5.7,2.37
2013-09-25,600615,663.01,652.32,671.56,648.75,35218,37606290.0,3.43,-2.03,-13.54,1.89
2013-09-26,600615,652.32,608.13,653.74,605.99,42515,43353409.0,7.32,-6.77,-44.19,2.28
2013-09-27,600615,606.71,599.58,618.11,592.45,29568,29322512.0,4.22,-1.41,-8.55,1.58
2013-09-30,600615,599.58,615.97,616.68,599.58,16242,16315051.0,2.85,2.73,16.39,0.87
2013-10-08,600615,618.11,623.1,626.66,601.72,17603,17841319.0,4.05,1.16,7.13,0.94
2013-10-09,600615,621.67,623.81,625.95,613.83,17213,17493155.0,1.95,0.11,0.71,0.92
2013-10-10,600615,623.81,623.81,629.51,617.4,19829,20258339.0,1.94,0.0,0.0,1.06
2013-10-11,600615,623.81,646.62,655.17,623.81,34680,36340310.0,5.03,3.66,22.81,1.86
2013-10-14,600615,646.62,649.47,663.72,639.49,36047,38207074.0,3.75,0.44,2.85,1.93
2013-10-15,600615,649.47,663.01,664.43,638.06,35886,37974498.0,4.06,2.08,13.54,1.92
2013-10-16,600615,662.3,620.96,662.3,610.27,26514,27583409.0,7.85,-6.34,-42.05,1.42
2013-10-17,600615,628.8,620.25,637.35,615.97,21011,21499007.0,3.44,-0.11,-0.71,1.12
2013-10-18,600615,621.67,629.51,634.5,618.11,12102,12389285.0,2.64,1.49,9.26,0.65
2013-10-21,600615,630.94,648.75,660.87,618.82,34389,36335552.0,6.68,3.06,19.24,1.84
2013-10-22,600615,650.89,658.02,672.27,641.63,37460,40241549.0,4.72,1.43,9.27,2.01
2013-10-23,600615,658.02,685.1,689.38,642.34,72129,78503584.0,7.15,4.12,27.08,3.86
2013-10-24,600615,679.4,680.83,707.2,666.57,62849,69650555.0,5.93,-0.62,-4.27,3.36
2013-10-25,600615,679.4,669.42,685.82,660.16,52112,56692331.0,3.77,-1.68,-11.41,2.79
2013-10-28,600615,665.15,632.36,670.14,623.81,34215,35673181.0,6.92,-5.54,-37.06,1.83
2013-10-29,600615,633.79,591.74,638.78,578.91,36582,36222004.0,9.47,-6.42,-40.62,1.96
2013-10-30,600615,597.44,606.71,607.42,573.21,32133,31208702.0,5.78,2.53,14.97,1.72
2013-10-31,600615,603.85,593.88,603.85,581.05,16523,16127514.0,3.76,-2.11,-12.83,0.88
2013-11-01,600615,623.81,663.72,663.72,623.81,41150,44150123.0,6.72,11.76,69.84,2.2
2013-11-04,600615,687.24,740.69,740.69,680.11,111640,130149925.0,9.13,11.6,76.97,5.98
2013-11-05,600615,787.02,762.79,806.26,715.75,295964,355929936.0,12.22,2.98,22.1,15.84
2013-11-06,600615,733.57,756.37,784.88,724.3,244584,292335504.0,7.94,-0.84,-6.42,13.09
2013-11-07,600615,734.99,722.16,755.66,705.06,129761,151640714.0,6.69,-4.52,-34.21,6.95
2013-11-08,600615,708.62,725.73,750.67,707.2,127279,149415054.0,6.02,0.49,3.57,6.81
2013-11-11,600615,712.9,749.25,751.38,695.08,99474,115641502.0,7.76,3.24,23.52,5.32
2013-11-12,600615,740.69,719.31,742.83,705.77,103371,119757597.0,4.95,-4.0,-29.94,5.53
2013-11-13,600615,712.19,670.14,717.17,669.42,89748,99423017.0,6.64,-6.84,-49.17,4.8
2013-11-14,600615,670.14,670.14,672.99,646.62,68031,73053425.0,3.93,0.0,0.0,3.64
2013-11-15,600615,663.01,682.25,697.22,658.73,86775,95794549.0,5.74,1.81,12.11,4.65
2013-11-18,600615,674.41,692.94,697.22,668.71,87179,96418047.0,4.18,1.57,10.69,4.67
2013-11-19,600615,682.25,686.53,703.63,675.12,78671,87553471.0,4.11,-0.93,-6.41,4.21
2013-11-20,600615,690.09,715.75,724.3,687.24,105924,121234713.0,5.4,4.26,29.22,5.67
2013-11-21,600615,707.2,688.67,708.62,680.11,77068,85938123.0,3.98,-3.78,-27.08,4.13
2013-11-22,600615,682.96,672.99,692.94,665.86,47139,51574840.0,3.93,-2.28,-15.68,2.52
2013-11-25,600615,660.16,692.23,695.08,645.9,59336,64755564.0,7.31,2.86,19.24,3.18
2013-11-26,600615,686.53,690.8,699.36,680.83,31035,34653470.0,2.68,-0.21,-1.43,1.66
2013-11-27,600615,690.09,680.83,695.79,675.84,43820,48427080.0,2.89,-1.44,-9.97,2.35
2013-11-28,600615,684.39,687.24,692.23,676.55,36643,40643139.0,2.3,0.94,6.41,1.96
2013-11-29,600615,689.38,670.14,696.51,665.86,55618,60783554.0,4.46,-2.49,-17.1,2.98
2013-12-02,600615,641.63,592.45,644.48,592.45,102652,103013235.0,7.76,-11.59,-77.69,5.5
2013-12-03,600615,589.6,588.17,590.31,558.95,50116,48099369.0,5.29,-0.72,-4.28,2.68
2013-12-04,600615,587.46,605.28,613.83,580.33,54209,53821309.0,5.7,2.91,17.11,2.9
2013-12-05,600615,603.85,601.0,612.41,596.73,30288,30050551.0,2.59,-0.71,-4.28,1.62
2013-12-06,600615,598.15,605.28,610.27,597.44,25727,25523753.0,2.13,0.71,4.28,1.38
2013-12-09,600615,601.72,607.42,614.54,601.72,21685,21665747.0,2.12,0.35,2.14,1.16
2013-12-10,600615,608.13,618.82,635.93,606.71,50567,51761682.0,4.81,1.88,11.4,2.71
2013-12-11,600615,614.54,598.87,615.97,593.16,29613,29291818.0,3.69,-3.22,-19.95,1.59
2013-12-12,600615,601.72,606.71,615.97,598.87,23181,23078818.0,2.86,1.31,7.84,1.24
2013-12-13,600615,607.42,608.84,613.12,600.29,18772,18743704.0,2.11,0.35,2.13,1.0
2013-12-16,600615,608.84,598.87,622.38,598.15,28861,28922804.0,3.98,-1.64,-9.97,1.54
2013-12-17,600615,600.29,598.15,605.28,581.76,19619,19173896.0,3.93,-0.12,-0.72,1.05
2013-12-18,600615,605.28,601.72,605.99,595.3,13499,13324050.0,1.79,0.6,3.57,0.72
2013-12-19,600615,624.52,596.01,624.52,591.03,21300,21111752.0,5.57,-0.95,-5.71,1.14
2013-12-20,600615,593.16,583.9,606.71,573.92,20603,19904825.0,5.5,-2.03,-12.11,1.1
2013-12-23,600615,583.9,568.22,590.31,567.51,12846,12229678.0,3.9,-2.69,-15.68,0.69
2013-12-24,600615,566.79,568.22,579.62,558.24,13385,12650114.0,3.76,0.0,0.0,0.72
2013-12-25,600615,570.36,577.48,578.91,565.37,14904,14114307.0,2.38,1.63,9.26,0.8
2013-12-26,600615,578.2,581.05,590.31,567.51,22717,21721196.0,3.95,0.62,3.57,1.22
2013-12-27,600615,574.63,588.89,591.74,574.63,10971,10638961.0,2.94,1.35,7.84,0.59
2013-12-30,600615,587.46,589.6,596.73,587.46,12208,11906443.0,1.57,0.12,0.71,0.65
2013-12-31,600615,586.04,594.59,597.44,580.33,13325,12989089.0,2.9,0.85,4.99,0.71
2014-01-02,600615,593.16,598.15,598.15,588.17,10100,9905835.0,1.68,0.6,3.56,0.54
2014-01-03,600615,594.59,575.35,595.3,570.36,20598,19747204.0,4.17,-3.81,-22.8,1.1
2014-01-06,600615,573.92,548.26,573.92,546.13,21128,19519081.0,4.83,-4.71,-27.09,1.13
2014-01-07,600615,547.55,552.54,554.68,543.27,11238,10307828.0,2.08,0.78,4.28,0.6
2014-01-08,600615,556.82,540.42,556.82,539.0,11292,10279336.0,3.23,-2.19,-12.12,0.6
2014-01-09,600615,544.7,536.86,550.4,535.43,14741,13421692.0,2.77,-0.66,-3.56,0.79
2014-01-10,600615,531.87,529.02,542.56,524.74,11351,10111230.0,3.32,-1.46,-7.84,0.61
2014-01-13,600615,528.31,505.5,534.01,501.94,15603,13627720.0,6.06,-4.45,-23.52,0.84
2014-01-14,600615,509.06,527.59,531.16,506.21,13489,11740151.0,4.94,4.37,22.09,0.72
2014-01-15,600615,529.73,536.86,537.57,523.32,13409,11964405.0,2.7,1.76,9.27,0.72
2014-01-16,600615,536.15,531.87,544.7,530.45,12591,11318083.0,2.65,-0.93,-4.99,0.67
2014-01-17,600615,533.3,526.17,536.15,519.04,9297,8215472.0,3.22,-1.07,-5.7,0.5
2014-01-20,600615,521.89,517.62,529.73,509.06,16306,14301390.0,3.93,-1.62,-8.55,0.87
2014-01-21,600615,523.32,524.74,529.73,517.62,12074,10645589.0,2.34,1.38,7.12,0.65
2014-01-22,600615,523.32,543.99,544.7,523.32,26349,23748856.0,4.07,3.67,19.25,1.41
2014-01-23,600615,539.0,543.27,548.98,537.57,18025,16345625.0,2.1,-0.13,-0.72,0.96
2014-01-24,600615,557.53,569.64,578.2,544.7,45154,42493203.0,6.17,4.85,26.37,2.42
2014-01-27,600615,558.95,559.67,565.37,551.83,20239,18798308.0,2.38,-1.75,-9.97,1.08
2014-01-28,600615,558.95,550.4,563.23,550.4,13573,12559027.0,2.29,-1.66,-9.27,0.73
2014-01-29,600615,550.4,566.08,567.51,550.4,16235,15177508.0,3.11,2.85,15.68,0.87
2014-01-30,600615,564.66,558.24,570.36,551.83,10861,10126010.0,3.27,-1.38,-7.84,0.58
2014-02-07,600615,555.39,560.38,561.09,543.99,14209,13073621.0,3.06,0.38,2.14,0.76
2014-02-10,600615,560.38,574.63,575.35,557.53,25326,23963170.0,3.18,2.54,14.25,1.36
2014-02-11,600615,573.92,583.19,585.32,566.79,27181,25977890.0,3.22,1.49,8.56,1.45
2014-02-12,600615,583.19,581.76,592.45,573.92,18606,17860566.0,3.18,-0.25,-1.43,1.0
2014-02-13,600615,578.2,591.74,599.58,575.35,44268,43065468.0,4.16,1.72,9.98,2.37
2014-02-14,600615,591.74,599.58,610.98,591.74,35408,35052548.0,3.25,1.32,7.84,1.9
2014-02-17,600615,599.58,606.71,611.69,594.59,33190,33049735.0,2.85,1.19,7.13,1.78
2014-02-18,600615,606.71,608.84,611.69,595.3,32543,32275489.0,2.7,0.35,2.13,1.74
2014-02-19,600615,605.99,623.81,647.33,605.99,71114,73197409.0,6.79,2.46,14.97,3.81
2014-02-20,600615,628.09,601.72,628.8,600.29,35416,35469206.0,4.57,-3.54,-22.09,1.9
2014-02-21,600615,603.14,595.3,607.42,587.46,19308,19039100.0,3.32,-1.07,-6.42,1.03
2014-02-24,600615,600.29,607.42,608.13,583.9,22839,22484712.0,4.07,2.04,12.12,1.22
2014-02-25,600615,607.42,597.44,627.37,594.59,57723,57987341.0,5.4,-1.64,-9.98,3.09
2014-02-26,600615,598.15,596.73,602.43,569.64,26379,25670794.0,5.49,-0.12,-0.71,1.41
2014-02-27,600615,594.59,591.74,615.26,586.75,28690,28362337.0,4.78,-0.84,-4.99,1.54
2014-02-28,600615,587.46,605.28,606.71,577.48,24232,23711993.0,4.94,2.29,13.54,1.3
2014-03-03,600615,601.72,619.53,628.09,601.72,46136,46686104.0,4.36,2.35,14.25,2.47
2014-03-04,600615,613.83,613.83,620.96,605.99,26072,26219056.0,2.42,-0.92,-5.7,1.4
2014-03-05,600615,615.26,610.27,625.95,608.84,25838,26169551.0,2.79,-0.58,-3.56,1.38
2014-03-06,600615,610.98,628.8,635.21,599.58,50271,51138684.0,5.84,3.04,18.53,2.69
2014-03-07,600615,627.37,612.41,635.93,608.84,32700,33248068.0,4.31,-2.61,-16.39,1.75
2014-03-10,600615,613.12,573.92,614.54,572.5,40894,39884265.0,6.86,-6.29,-38.49,2.19
2014-03-11,600615,576.77,575.35,585.32,561.09,17389,16601229.0,4.22,0.25,1.43,0.93
2014-03-12,600615,573.21,583.19,585.32,567.51,17608,16849458.0,3.1,1.36,7.84,0.94
2014-03-13,600615,579.62,583.19,593.16,579.62,15227,14761423.0,2.32,0.0,0.0,0.82
2014-03-14,600615,584.61,598.15,598.87,581.76,19984,19521866.0,2.93,2.57,14.96,1.07
2014-03-17,600615,590.31,615.26,616.68,590.31,21435,21365867.0,4.41,2.86,17.11,1.15
2014-03-18,600615,609.56,619.53,640.2,609.56,47452,48579311.0,4.98,0.69,4.27,2.54
2014-03-19,600615,615.97,618.82,624.52,602.43,31450,31640979.0,3.57,-0.11,-0.71,1.68
2014-03-20,600615,618.82,604.57,628.09,601.72,33146,33589320.0,4.26,-2.3,-14.25,1.77
2014-03-21,600615,604.57,625.95,625.95,587.46,32512,32572301.0,6.37,3.54,21.38,1.74
2014-03-24,600615,626.66,635.21,643.05,623.1,46468,48015183.0,3.19,1.48,9.26,2.49
2014-03-25,600615,636.64,640.91,657.31,625.24,61447,64597367.0,5.05,0.9,5.7,3.29
2014-03-26,600615,640.91,630.22,645.19,622.38,26164,26956518.0,3.56,-1.67,-10.69,1.4
2014-03-27,600615,625.95,638.06,648.04,621.67,34445,35888494.0,4.18,1.24,7.84,1.84
2014-03-28,600615,632.36,603.85,638.78,602.43,45764,46554486.0,5.7,-5.36,-34.21,2.45
2014-03-31,600615,605.28,591.74,614.54,589.6,26679,26337468.0,4.13,-2.01,-12.11,1.43
2014-04-01,600615,593.88,604.57,604.57,588.89,13994,13795624.0,2.65,2.17,12.83,0.75
2014-04-02,600615,603.14,628.8,629.51,603.14,35334,35873656.0,4.36,4.01,24.23,1.89
2014-04-03,600615,630.22,618.82,630.94,614.54,25254,25776388.0,2.61,-1.59,-9.98,1.35
2014-04-04,600615,619.53,646.62,650.89,618.82,49818,52149713.0,5.18,4.49,27.8,2.67
2014-04-08,600615,643.77,650.18,655.17,635.93,35265,37066533.0,2.98,0.55,3.56,1.89
2014-04-09,600615,648.04,650.89,657.31,638.06,32097,33798697.0,2.96,0.11,0.71,1.72
2014-04-10,600615,648.04,647.33,670.85,644.48,55141,59007593.0,4.05,-0.55,-3.56,2.95
2014-04-11,600615,640.91,680.11,695.08,631.65,85818,93155907.0,9.8,5.06,32.78,4.59
2014-04-14,600615,665.86,695.79,705.77,664.43,66791,74489987.0,6.08,2.31,15.68,3.58
2014-04-15,600615,692.94,682.96,701.49,674.41,35992,39833249.0,3.89,-1.84,-12.83,1.93
2014-04-16,600615,682.96,682.25,686.53,669.42,28322,31067517.0,2.51,-0.1,-0.71,1.52
2014-04-17,600615,680.11,671.56,682.96,663.01,32263,35192555.0,2.92,-1.57,-10.69,1.73
2014-04-18,600615,671.56,680.11,687.24,664.43,23420,25676901.0,3.4,1.27,8.55,1.25
2014-04-21,600615,675.84,639.49,678.69,638.78,39381,42152363.0,5.87,-5.97,-40.62,2.11
2014-04-22,600615,640.2,650.89,653.03,629.51,24081,25192315.0,3.68,1.78,11.4,1.29
2014-04-23,600615,652.32,640.2,662.3,634.5,22838,24168428.0,4.27,-1.64,-10.69,1.22
2014-04-24,600615,638.78,625.95,643.05,620.25,21513,22161767.0,3.56,-2.23,-14.25,1.15
2014-04-25,600615,623.1,609.56,636.64,608.84,21998,22364415.0,4.44,-2.62,-16.39,1.18
2014-04-28,600615,601.72,578.2,608.13,571.78,23008,22411817.0,5.96,-5.14,-31.36,1.23
2014-04-29,600615,577.48,599.58,600.29,575.35,12568,12247295.0,4.31,3.7,21.38,0.67
2014-04-30,600615,601.72,610.98,615.97,600.29,14575,14566058.0,2.62,1.9,11.4,0.78
2014-05-05,600615,608.84,613.12,617.4,594.59,19105,18976327.0,3.73,0.35,2.14,1.02
2014-05-06,600615,611.69,614.54,622.38,608.84,21815,22062894.0,2.21,0.23,1.42,1.17
2014-05-07,600615,614.54,614.54,626.66,610.98,18950,19165055.0,2.55,0.0,0.0,1.01
2014-09-05,600615,686.53,686.53,686.53,686.53,29075,32244563.0,0.0,11.71,71.99,1.56
2014-09-09,600615,715.75,735.7,765.64,687.95,312556,363897264.0,11.32,7.16,49.17,16.73
2014-09-10,600615,712.9,724.3,732.85,709.33,128595,148869626.0,3.2,-1.55,-11.4,6.88
2014-09-11,600615,720.74,754.95,790.58,720.74,166971,202185930.0,9.64,4.23,30.65,8.94
2014-09-12,600615,742.83,753.52,757.09,737.84,67682,80906757.0,2.55,-0.19,-1.43,3.62
2014-09-15,600615,747.82,757.09,767.78,742.83,75149,90453996.0,3.31,0.47,3.57,4.02
2014-09-16,600615,758.51,725.01,762.07,713.61,115990,136310596.0,6.4,-4.24,-32.08,6.21
2014-09-17,600615,724.3,764.93,777.04,716.46,137239,165227728.0,8.36,5.51,39.92,7.35
2014-09-18,600615,758.51,754.95,771.34,742.83,72873,88055570.0,3.73,-1.3,-9.98,3.9
2014-09-19,600615,758.51,782.74,829.78,752.81,140991,177631553.0,10.2,3.68,27.79,7.55
2014-09-22,600615,777.04,794.86,799.14,759.94,85398,106019934.0,5.01,1.55,12.12,4.57
2014-09-23,600615,797.0,799.14,816.95,779.89,88551,111912453.0,4.66,0.54,4.28,4.74
2014-09-24,600615,797.0,792.72,797.71,782.03,68172,85501061.0,1.96,-0.8,-6.42,3.65
2014-09-25,600615,790.58,768.49,796.28,755.66,99194,122411237.0,5.12,-3.06,-24.23,5.31
2014-09-26,600615,764.93,764.93,781.32,758.51,46112,56363492.0,2.97,-0.46,-3.56,2.47
2014-09-29,600615,765.64,777.75,787.02,765.64,63417,78258201.0,2.8,1.68,12.82,3.38
2014-09-30,600615,777.75,783.46,794.15,773.48,56309,70266440.0,2.66,0.73,5.71,3.0
2014-10-08,600615,785.59,872.54,872.54,778.47,153764,202418749.0,12.01,11.37,89.08,8.2
2014-10-09,600615,864.7,867.55,877.53,849.74,100483,136006554.0,3.18,-0.57,-4.99,5.36
2014-10-10,600615,858.29,849.02,867.55,837.62,67859,91022889.0,3.45,-2.14,-18.53,3.62
2014-10-13,600615,835.48,855.44,856.15,824.79,52792,69685484.0,3.69,0.76,6.42,2.81
2014-10-14,600615,856.15,841.18,860.43,837.62,55327,74049265.0,2.67,-1.67,-14.26,2.95
2014-10-15,600615,840.47,858.29,868.98,836.91,72985,98382726.0,3.81,2.03,17.11,3.89
2014-10-16,600615,858.29,848.31,919.58,847.6,103145,142932695.0,8.39,-1.16,-9.98,5.5
2014-10-17,600615,837.62,809.11,849.74,773.48,84741,108840557.0,8.99,-4.62,-39.2,4.52
2014-10-20,600615,809.11,834.06,836.2,808.4,45506,59123037.0,3.44,3.08,24.95,2.43
2014-10-21,600615,834.06,809.11,834.06,808.4,29343,37973133.0,3.08,-2.99,-24.95,1.56
2014-10-22,600615,804.84,782.03,817.67,777.75,33086,41913573.0,4.93,-3.35,-27.08,1.76
2014-10-23,600615,777.04,781.32,792.01,770.63,33700,41862207.0,2.73,-0.09,-0.71,1.8
2014-10-24,600615,782.74,806.97,809.11,779.89,32332,40921279.0,3.74,3.28,25.65,1.72
2014-10-27,600615,811.25,826.22,831.21,792.72,33252,42958382.0,4.77,2.39,19.25,1.77
2014-10-28,600615,825.51,844.04,849.02,819.8,44703,58922374.0,3.54,2.16,17.82,2.38
2014-10-29,600615,843.32,844.04,865.42,835.48,55088,73796576.0,3.55,0.0,0.0,2.94
2014-10-30,600615,833.34,841.9,861.85,833.34,49380,65994902.0,3.38,-0.25,-2.14,2.63
2014-10-31,600615,844.04,858.29,876.11,841.18,70578,95097104.0,4.15,1.95,16.39,3.76
2014-11-03,600615,855.44,866.84,886.09,850.45,54970,75116937.0,4.15,1.0,8.55,2.93
2014-11-04,600615,864.7,848.31,870.41,834.77,51531,68844104.0,4.11,-2.14,-18.53,2.75
2014-11-05,600615,848.31,842.61,852.59,835.48,30124,40004458.0,2.02,-0.67,-5.7,1.61
2014-11-06,600615,846.89,858.29,865.42,839.76,37830,50888295.0,3.05,1.86,15.68,2.02
2014-11-07,600615,857.58,818.38,860.43,816.95,55093,72748467.0,5.07,-4.65,-39.91,2.94
2014-11-10,600615,819.09,831.21,833.34,817.67,36921,48241260.0,1.91,1.57,12.83,1.97
2014-11-11,600615,833.34,795.57,834.06,779.18,44384,56457625.0,6.6,-4.29,-35.64,2.37
2014-11-12,600615,788.44,813.39,826.93,785.59,34237,43939733.0,5.2,2.24,17.82,1.82
2014-11-13,600615,814.81,792.01,824.08,782.74,40285,51127884.0,5.08,-2.63,-21.38,2.15
2014-11-14,600615,787.02,800.56,820.52,777.75,28337,35986286.0,5.4,1.08,8.55,1.51
2014-11-17,600615,794.15,853.3,856.86,790.58,67935,89336808.0,8.28,6.59,52.74,3.62
2014-11-18,600615,846.89,882.52,901.05,845.46,97151,133619438.0,6.51,3.42,29.22,5.18
2014-11-19,600615,883.95,907.47,921.72,868.98,100975,142112872.0,5.98,2.83,24.95,5.38
2014-11-20,600615,893.21,898.2,903.19,881.1,56172,78668457.0,2.43,-1.02,-9.27,2.99
2014-11-21,600615,898.2,916.73,934.55,898.2,95823,137033769.0,4.05,2.06,18.53,5.11
2014-11-24,600615,927.42,908.89,928.13,899.63,81797,115875666.0,3.11,-0.86,-7.84,4.36
2014-11-25,600615,905.33,909.6,913.17,883.95,78212,109337869.0,3.21,0.08,0.71,4.17
2014-11-26,600615,904.62,899.63,906.75,886.8,48473,67846599.0,2.19,-1.1,-9.97,2.58
2014-11-27,600615,896.06,968.76,986.58,888.22,107440,159746195.0,10.93,7.68,69.13,5.73
2014-11-28,600615,965.2,971.61,1020.79,961.63,89686,137324106.0,6.11,0.29,2.85,4.78
2014-12-01,600615,965.91,933.12,985.86,929.56,63440,93975406.0,5.79,-3.96,-38.49,3.38
2014-12-02,600615,930.99,951.65,963.77,926.0,35926,52943542.0,4.05,1.99,18.53,1.91
2014-12-03,600615,948.8,925.28,954.5,903.19,74297,106848532.0,5.39,-2.77,-26.37,3.96
2014-12-04,600615,919.58,912.46,920.29,901.05,88827,126245512.0,2.08,-1.39,-12.82,4.73
2014-12-05,600615,916.73,873.97,916.73,862.57,77785,107594539.0,5.94,-4.22,-38.49,4.15
2014-12-08,600615,858.29,882.52,888.22,838.33,47796,65002189.0,5.71,0.98,8.55,2.55
2014-12-09,600615,879.67,808.4,879.67,805.55,85959,114346133.0,8.4,-8.4,-74.12,4.58
2014-12-10,600615,816.24,839.05,840.47,797.0,42787,55846553.0,5.38,3.79,30.65,2.28
2014-12-11,600615,842.61,871.83,879.67,838.33,44419,59703348.0,4.93,3.91,32.78,2.37
2014-12-12,600615,872.54,866.13,876.11,855.44,25696,34940380.0,2.37,-0.65,-5.7,1.37
2014-12-15,600615,851.16,880.38,885.37,849.74,33588,46112988.0,4.11,1.65,14.25,1.79
2014-12-16,600615,876.82,861.85,879.67,858.29,28857,39159886.0,2.43,-2.1,-18.53,1.54
2014-12-17,600615,856.86,829.07,856.86,822.65,46578,61265722.0,3.97,-3.8,-32.78,2.48
2014-12-18,600615,824.79,821.23,845.46,815.53,29812,39062767.0,3.61,-0.95,-7.84,1.59
2014-12-19,600615,824.08,804.84,826.22,792.72,38520,49131197.0,4.08,-2.0,-16.39,2.05
2014-12-22,600615,801.27,717.17,801.27,714.32,66803,78889621.0,10.8,-10.89,-87.67,3.56
2014-12-23,600615,716.46,722.16,741.41,700.07,30448,35235901.0,5.76,0.7,4.99,1.62
2014-12-24,600615,726.44,749.96,762.07,726.44,32740,39197409.0,4.93,3.85,27.8,1.74
2014-12-25,600615,747.82,750.67,756.37,741.41,19656,23502443.0,1.99,0.09,0.71,1.05
2014-12-26,600615,750.67,751.38,767.78,746.4,26938,32476461.0,2.85,0.09,0.71,1.44
2014-12-29,600615,754.95,724.3,754.95,715.75,27853,32511635.0,5.22,-3.6,-27.08,1.48
2014-12-30,600615,727.15,718.6,742.83,714.32,17904,20807388.0,3.94,-0.79,-5.7,0.95
2014-12-31,600615,721.45,733.57,737.13,707.2,22874,26541045.0,4.17,2.08,14.97,1.22
2015-01-05,600615,735.7,764.21,777.75,722.88,48872,58531217.0,7.48,4.18,30.64,2.6
2015-01-06,600615,754.23,766.35,767.78,747.11,25686,30979910.0,2.7,0.28,2.14,1.37
2015-01-07,600615,762.07,761.36,773.48,751.38,19716,23955229.0,2.88,-0.65,-4.99,1.05
2015-01-08,600615,758.51,766.35,773.48,754.95,24098,29431944.0,2.43,0.66,4.99,1.28
2015-01-09,600615,771.34,752.81,771.34,752.1,17961,21870688.0,2.51,-1.77,-13.54,0.96
2015-01-12,600615,746.4,727.15,746.4,726.44,22337,26249492.0,2.65,-3.41,-25.66,1.19
2015-01-13,600615,722.88,739.98,740.69,712.19,14399,16887540.0,3.92,1.76,12.83,0.77
2015-01-14,600615,738.56,764.93,774.9,732.85,28293,34198784.0,5.68,3.37,24.95,1.51
2015-01-15,600615,768.49,764.21,772.77,751.38,20977,25541797.0,2.8,-0.09,-0.72,1.12
2015-01-16,600615,769.91,768.49,774.9,758.51,18183,22215054.0,2.14,0.56,4.28,0.97
2015-01-19,600615,758.51,743.54,778.47,730.0,38060,46170509.0,6.31,-3.25,-24.95,2.03
2015-01-20,600615,747.82,779.18,779.89,745.68,29430,36057857.0,4.6,4.79,35.64,1.57
2015-01-21,600615,777.04,802.7,811.25,777.04,35002,44395486.0,4.39,3.02,23.52,1.87
2015-01-22,600615,801.99,838.33,847.6,801.27,57064,74996452.0,5.77,4.44,35.63,3.04
2015-01-23,600615,839.05,833.34,859.72,822.65,37456,49406142.0,4.42,-0.6,-4.99,2.0
2015-01-26,600615,836.91,859.0,870.41,824.08,51497,69185265.0,5.56,3.08,25.66,2.74
2015-01-27,600615,861.85,873.97,881.1,844.04,58989,80448143.0,4.31,1.74,14.97,3.14
2015-01-28,600615,872.54,850.45,876.82,850.45,33935,45804930.0,3.02,-2.69,-23.52,1.81
2015-01-29,600615,841.18,836.2,844.04,825.51,28614,37723140.0,2.18,-1.68,-14.25,1.53
2015-01-30,600615,836.91,836.2,844.04,827.64,17357,22887703.0,1.96,0.0,0.0,0.93
2015-02-02,600615,824.08,845.46,849.02,823.37,20187,26734655.0,3.07,1.11,9.26,1.08
2015-02-03,600615,848.31,855.44,859.0,842.61,24606,33061849.0,1.94,1.18,9.98,1.31
2015-02-04,600615,858.29,841.9,860.43,838.33,16853,22589493.0,2.58,-1.58,-13.54,0.9
2015-02-05,600615,847.6,831.92,856.15,828.36,22943,30383429.0,3.3,-1.19,-9.98,1.22
2015-02-06,600615,831.21,834.06,835.48,824.08,20492,26865648.0,1.37,0.26,2.14,1.09
2015-02-09,600615,833.34,878.96,890.36,827.64,50372,68975935.0,7.52,5.38,44.9,2.68
2015-02-10,600615,881.1,870.41,885.37,858.29,28100,38441649.0,3.08,-0.97,-8.55,1.5
2015-02-11,600615,866.84,899.63,918.87,864.7,68257,96489464.0,6.22,3.36,29.22,3.64
2015-02-12,600615,895.35,900.34,914.59,888.22,46396,65617710.0,2.93,0.08,0.71,2.47
2015-02-13,600615,908.18,927.42,943.1,900.34,66898,96504496.0,4.75,3.01,27.08,3.57
2015-02-16,600615,927.42,947.38,962.34,922.43,40206,59332112.0,4.3,2.15,19.96,2.14
2015-02-17,600615,945.24,953.79,960.21,938.83,39312,58259044.0,2.26,0.68,6.41,2.1
2015-02-25,600615,953.79,971.61,990.14,953.79,62616,95007999.0,3.81,1.87,17.82,3.34
2015-02-26,600615,970.9,959.49,986.58,938.11,44049,65542875.0,4.99,-1.25,-12.12,2.35
2015-02-27,600615,953.08,970.18,978.74,938.83,33744,50369482.0,4.16,1.11,10.69,1.8
2015-03-02,600615,990.14,1077.8,1077.8,970.18,89318,144876092.0,11.09,11.09,107.62,4.76
2015-03-03,600615,1072.1,1126.98,1195.4,1057.85,108681,185897529.0,12.76,4.56,49.18,5.79
2015-03-04,600615,1118.43,1129.12,1129.12,1097.05,42295,72165061.0,2.85,0.19,2.14,2.25
2015-03-05,600615,1126.27,1121.99,1175.44,1108.45,50817,88312889.0,5.93,-0.63,-7.13,2.71
2015-03-06,600615,1121.99,1077.09,1136.24,1050.72,60705,100869719.0,7.62,-4.0,-44.9,3.24
2015-03-09,600615,1064.26,1073.53,1107.02,1054.28,41136,68395928.0,4.9,-0.33,-3.56,2.19
2015-03-10,600615,1078.52,1079.94,1099.18,1073.53,27637,46137696.0,2.39,0.6,6.41,1.47
2015-03-11,600615,1089.92,1084.22,1105.6,1072.1,32299,54020802.0,3.1,0.4,4.28,1.72
2015-03-12,600615,1083.5,1176.16,1194.69,1083.5,70180,121612458.0,10.26,8.48,91.94,3.74
2015-03-13,600615,1163.33,1161.9,1182.57,1134.82,42605,75363523.0,4.06,-1.21,-14.26,2.27
2015-03-16,600615,1146.22,1168.32,1170.45,1129.12,53066,93391303.0,3.56,0.55,6.42,2.83
2015-03-17,600615,1167.6,1165.47,1209.65,1151.21,50580,90389480.0,5.0,-0.24,-2.85,2.7
2015-03-18,600615,1151.92,1251.7,1275.22,1151.21,103280,195755155.0,10.64,7.4,86.23,5.5
2015-03-19,600615,1243.15,1241.72,1264.53,1232.46,56088,106059456.0,2.56,-0.8,-9.98,2.99
2015-03-20,600615,1236.74,1268.09,1272.37,1231.03,62456,119739559.0,3.33,2.12,26.37,3.33
2015-03-23,600615,1272.37,1315.13,1350.06,1272.37,80410,160367314.0,6.13,3.71,47.04,4.29
2015-03-24,600615,1315.13,1320.83,1335.8,1268.81,76987,152505428.0,5.09,0.43,5.7,4.1
2015-03-25,600615,1322.26,1303.02,1322.97,1295.18,39486,78129582.0,2.1,-1.35,-17.81,2.1
2015-03-26,600615,1289.48,1284.49,1321.55,1266.67,47147,92476798.0,4.21,-1.42,-18.53,2.51
2015-03-27,600615,1280.21,1287.34,1312.28,1268.09,36545,71328727.0,3.44,0.22,2.85,1.95
2015-03-30,600615,1282.35,1296.6,1311.57,1277.36,40783,79976485.0,2.66,0.72,9.26,2.17
2015-03-31,600615,1298.03,1306.58,1315.85,1290.19,40217,79594097.0,1.98,0.77,9.98,2.14
2015-04-01,600615,1305.87,1325.11,1355.04,1305.87,55123,110909167.0,3.76,1.42,18.53,2.94
2015-04-02,600615,1314.42,1302.3,1330.81,1288.05,61293,120777248.0,3.23,-1.72,-22.81,3.27
2015-04-03,600615,1288.05,1310.14,1318.7,1287.34,49892,98547039.0,2.41,0.6,7.84,2.66
2015-04-07,600615,1307.29,1291.61,1314.42,1278.79,67543,132240578.0,2.72,-1.41,-18.53,3.6
2015-04-08,600615,1291.61,1248.85,1293.04,1240.3,81964,156495246.0,4.08,-3.31,-42.76,4.37
2015-04-09,600615,1248.85,1384.27,1384.27,1221.77,109132,215651109.0,13.01,10.84,135.42,5.82
2015-04-10,600615,1398.52,1411.35,1478.34,1386.4,96938,206624059.0,6.64,1.96,27.08,5.17
2015-04-13,600615,1397.09,1440.57,1459.81,1372.15,62716,133650234.0,6.21,2.07,29.22,3.34
2015-04-14,600615,1427.03,1389.97,1427.03,1380.7,50226,105821312.0,3.22,-3.51,-50.6,2.68
2015-04-15,600615,1360.75,1332.24,1389.25,1278.79,63959,128031940.0,7.95,-4.15,-57.73,3.41
2015-04-16,600615,1321.55,1350.77,1359.32,1285.91,48650,97709913.0,5.51,1.39,18.53,2.59
2015-04-17,600615,1348.63,1371.44,1406.36,1332.95,52426,109029531.0,5.43,1.53,20.67,2.79
2015-04-20,600615,1357.18,1327.25,1382.13,1307.29,47588,96993204.0,5.46,-3.22,-44.19,2.54
2015-04-21,600615,1342.93,1375.71,1383.55,1325.82,37473,76834477.0,4.35,3.65,48.46,2.0
2015-04-22,600615,1392.82,1398.52,1406.36,1375.0,49960,105053595.0,2.28,1.66,22.81,2.66
2015-04-23,600615,1399.23,1464.8,1471.22,1360.03,85536,184083879.0,7.95,4.74,66.28,4.56
2015-04-24,600615,1444.85,1621.6,1621.6,1392.82,105301,249121604.0,15.62,10.7,156.8,5.61
2015-04-27,600615,1663.65,1615.18,1702.84,1576.7,105244,255721412.0,7.78,-0.4,-6.42,5.61
2015-04-28,600615,1603.07,1546.76,1603.07,1516.83,63743,148832179.0,5.34,-4.24,-68.42,3.4
2015-04-29,600615,1546.76,1625.16,1644.4,1499.72,48937,115597624.0,9.35,5.07,78.4,2.61
2015-04-30,600615,1618.03,1722.09,1769.84,1610.19,71568,181813538.0,9.82,5.96,96.93,3.81
2015-05-04,600615,1704.27,1703.56,1713.53,1650.1,42189,105375046.0,3.68,-1.08,-18.53,2.25
2015-05-05,600615,1692.15,1593.8,1692.15,1576.7,64234,154908131.0,6.78,-6.44,-109.76,3.42
2015-05-06,600615,1598.79,1568.86,1626.58,1499.72,35506,83957207.0,7.96,-1.56,-24.94,1.89
2015-05-07,600615,1556.03,1508.28,1568.86,1486.18,30441,69106584.0,5.27,-3.86,-60.58,1.62
2015-05-08,600615,1528.23,1551.75,1555.31,1511.13,25394,58483747.0,2.93,2.88,43.47,1.35
2015-05-11,600615,1603.78,1593.09,1603.78,1535.36,36684,86721748.0,4.41,2.66,41.34,1.96
2015-05-12,600615,1593.09,1605.92,1635.14,1570.99,36332,87234487.0,4.03,0.81,12.83,1.94
2015-05-13,600615,1602.35,1633.0,1642.26,1592.37,46667,113445026.0,3.11,1.69,27.08,2.49
2015-05-14,600615,1628.01,1656.52,1663.65,1628.01,39860,97853058.0,2.18,1.44,23.52,2.12
2015-05-15,600615,1656.52,1607.34,1662.22,1572.42,43903,105148858.0,5.42,-2.97,-49.18,2.34
2015-05-18,600615,1603.07,1710.68,1713.53,1549.61,42230,101558360.0,10.2,6.43,103.34,2.25
2015-05-19,600615,1710.68,1777.68,1796.21,1679.32,68786,178851441.0,6.83,3.92,67.0,3.67
2015-05-20,600615,1788.37,1861.06,1962.98,1749.88,75658,206274371.0,11.99,4.69,83.38,4.03
2015-05-21,600615,1841.82,1891.71,1938.75,1821.15,43476,121014967.0,6.32,1.65,30.65,2.32
2015-05-22,600615,1891.71,1827.57,1933.76,1778.39,65164,178484283.0,8.21,-3.39,-64.14,3.47
2015-05-25,600615,1813.31,1924.49,1934.47,1772.69,79288,217977065.0,8.85,5.3,96.92,4.23
2015-05-26,600615,1920.22,1967.26,2012.87,1870.33,82476,237604483.0,7.41,2.22,42.77,4.4
2015-05-27,600615,1936.61,1905.25,1961.56,1881.02,53387,151637278.0,4.09,-3.15,-62.01,2.85
2015-05-28,600615,1920.22,1855.36,2047.08,1811.89,86768,249754499.0,12.34,-2.62,-49.89,4.62
2015-05-29,600615,1839.68,1810.46,1891.71,1662.22,55095,147271864.0,12.37,-2.42,-44.9,2.94
2015-06-01,600615,1798.35,1891.0,1917.37,1795.5,52003,143484126.0,6.73,4.45,80.54,2.77
2015-06-02,600615,1888.86,1960.13,1990.06,1878.17,67777,193774905.0,5.92,3.66,69.13,3.61
2015-06-03,600615,1936.61,1962.98,2010.02,1909.53,78183,225974233.0,5.13,0.15,2.85,4.17
2015-06-04,600615,1962.98,2164.68,2169.67,1930.91,152402,462589408.0,12.16,10.28,201.7,8.12
2015-06-05,600615,2155.41,2160.4,2261.6,2144.72,110761,357341024.0,5.4,-0.2,-4.28,5.9
2015-06-08,600615,2158.97,2198.89,2247.35,2114.79,73925,237827172.0,6.14,1.78,38.49,3.94
2015-06-09,600615,2196.04,2181.78,2211.71,2144.72,53306,169568672.0,3.05,-0.78,-17.11,2.84
2015-06-10,600615,2176.79,2236.66,2308.64,2141.16,54368,177530932.0,7.68,2.52,54.88,2.9
2015-06-11,600615,2233.81,2288.69,2304.37,2198.17,44319,147373087.0,4.75,2.33,52.03,2.36
2015-06-12,600615,2276.57,2367.8,2387.75,2248.06,55608,188795964.0,6.1,3.46,79.11,2.96
2015-06-15,600615,2415.55,2346.42,2458.31,2328.6,52827,185236113.0,5.48,-0.9,-21.38,2.82
2015-06-16,600615,2297.95,2115.5,2297.95,2101.96,78049,248900752.0,8.35,-9.84,-230.92,4.16
2015-06-17,600615,2101.25,2202.45,2209.58,2041.38,46969,147307431.0,7.95,4.11,86.95,2.5
2015-06-18,600615,2203.87,2191.05,2302.23,2158.26,51664,168966225.0,6.54,-0.52,-11.4,2.75
2015-06-19,600615,2116.21,2129.04,2176.79,1961.56,55545,168769688.0,9.82,-2.83,-62.01,2.96
2015-06-23,600615,2119.78,2075.59,2119.78,1905.96,39951,117726205.0,10.04,-2.51,-53.45,2.13
2015-06-24,600615,2076.3,2052.07,2126.9,1987.93,37590,113682596.0,6.7,-1.13,-23.52,2.0
2015-06-25,600615,2084.14,1929.48,2084.14,1927.35,31476,93767449.0,7.64,-5.97,-122.59,1.68
2015-06-26,600615,1863.2,1726.36,1863.2,1726.36,50001,130771886.0,7.09,-10.53,-203.12,2.66
2015-06-29,600615,1762.71,1543.2,1765.56,1543.2,44523,104096104.0,12.88,-10.61,-183.16,2.37
2015-06-30,600615,1378.56,1534.65,1617.32,1378.56,92214,201483504.0,15.47,-0.55,-8.55,4.91
2015-07-01,600615,1521.1,1370.72,1543.2,1370.72,41194,90601963.0,11.24,-10.68,-163.93,2.2
2015-07-02,600615,1321.55,1223.19,1321.55,1223.19,68691,128822154.0,7.18,-10.76,-147.53,3.66
2015-07-03,600615,1090.63,1090.63,1170.45,1090.63,135206,228950034.0,6.53,-10.84,-132.56,7.21
2015-07-06,600615,1210.37,970.9,1210.37,970.9,68618,110602734.0,21.96,-10.98,-119.73,3.66
2015-07-07,600615,863.99,863.28,964.48,863.28,19089,25922869.0,10.42,-11.08,-107.62,1.02
2015-07-08,600615,766.35,766.35,766.35,766.35,24554,29980434.0,0.0,-11.23,-96.93,1.31
2015-07-09,600615,679.4,853.3,853.3,679.4,126385,151796591.0,22.69,11.35,86.95,6.74
2015-07-10,600615,879.67,948.8,948.8,879.67,69266,100958879.0,8.1,11.19,95.5,3.69
2015-07-13,600615,1000.83,1054.28,1054.28,979.45,112074,177887719.0,7.89,11.12,105.48,5.97
2015-07-14,600615,1077.8,1081.37,1164.75,1015.8,157197,263748028.0,14.13,2.57,27.09,8.38
2015-07-15,600615,1037.18,963.06,1055.71,963.06,118404,181455556.0,8.57,-10.94,-118.31,6.31
2015-07-16,600615,908.89,1069.96,1069.96,867.55,91227,142134077.0,21.02,11.1,106.9,4.86
2015-07-17,600615,1079.94,1185.42,1187.56,1079.23,70814,125342839.0,10.12,10.79,115.46,3.77
2015-07-20,600615,1186.13,1208.94,1261.68,1165.47,86706,160773059.0,8.12,1.98,23.52,4.62
2015-07-21,600615,1179.01,1249.56,1285.91,1158.34,77606,145772872.0,10.55,3.36,40.62,4.14
2015-07-22,600615,1243.15,1308.72,1320.83,1226.04,67307,129319989.0,7.59,4.73,59.16,3.59
2015-07-23,600615,1289.48,1322.97,1342.22,1285.2,51971,103503169.0,4.36,1.09,14.25,2.77
2015-07-24,600615,1326.54,1258.12,1352.19,1236.74,65857,130682767.0,8.73,-4.9,-64.85,3.51
2015-07-27,600615,1236.02,1121.99,1292.33,1121.99,68277,125254187.0,13.54,-10.82,-136.13,3.64
2015-07-28,600615,1038.6,1025.06,1125.55,1013.66,70505,114811680.0,9.97,-8.64,-96.93,3.76
2015-07-29,600615,1036.47,1118.43,1125.55,990.85,65648,105978418.0,13.14,9.11,93.37,3.5
2015-07-30,600615,1107.74,1066.4,1149.79,1047.87,62815,107198407.0,9.11,-4.65,-52.03,3.35
2015-07-31,600615,1037.89,1018.65,1081.37,1002.26,36385,58424688.0,7.42,-4.48,-47.75,1.94
2015-08-03,600615,993.7,918.16,1000.83,906.75,38128,56502418.0,9.24,-9.87,-100.49,2.03
2015-08-04,600615,929.56,1020.07,1020.07,929.56,52193,79550423.0,9.86,11.1,101.91,2.78
2015-08-05,600615,1027.91,1020.79,1076.38,1005.11,57451,91965380.0,6.99,0.07,0.72,3.06
2015-08-06,600615,985.86,1042.17,1055.71,975.89,39175,62371134.0,7.82,2.09,21.38,2.09
2015-08-07,600615,1068.54,1129.83,1139.81,1057.13,64166,107537607.0,7.93,8.41,87.66,3.42
2015-08-10,600615,1112.01,1192.55,1224.62,1112.01,63164,113073524.0,9.97,5.55,62.72,3.37
2015-08-11,600615,1184.71,1173.3,1208.23,1159.76,59471,107649551.0,4.06,-1.61,-19.25,3.17
2015-08-12,600615,1171.88,1178.29,1218.21,1144.8,51068,92379183.0,6.26,0.43,4.99,2.72
2015-08-13,600615,1170.45,1264.53,1266.67,1160.48,105359,197248808.0,9.01,7.32,86.24,5.62
2015-08-14,600615,1299.45,1231.75,1300.17,1226.04,85428,162889246.0,5.86,-2.59,-32.78,4.55
2015-08-17,600615,1221.06,1267.38,1268.81,1151.21,58590,109186711.0,9.55,2.89,35.63,3.12
2015-08-18,600615,1278.79,1130.54,1283.06,1130.54,58295,106914729.0,12.03,-10.8,-136.84,3.11
2015-08-19,600615,1093.48,1176.16,1193.26,1042.17,59677,102035673.0,13.36,4.04,45.62,3.18
2015-08-20,600615,1157.63,1132.68,1205.38,1126.27,43427,77051517.0,6.73,-3.7,-43.48,2.31
2015-08-21,600615,1086.35,1035.75,1124.84,1029.34,40272,66263660.0,8.43,-8.56,-96.93,2.15
2015-08-24,600615,978.02,921.72,979.45,921.72,42844,62562225.0,5.57,-11.01,-114.03,2.28
2015-08-25,600615,829.07,819.09,893.92,819.09,41525,54668347.0,8.12,-11.13,-102.63,2.21
2015-08-26,600615,826.22,760.65,864.7,738.56,57750,73861532.0,15.4,-7.13,-58.44,3.08
2015-08-27,600615,792.72,810.54,815.53,758.51,53658,67316331.0,7.5,6.56,49.89,2.86
2015-08-28,600615,828.36,901.76,901.76,824.79,60003,81370672.0,9.5,11.25,91.22,3.2
2015-08-31,600615,883.23,860.43,899.63,849.74,37063,50645523.0,5.53,-4.58,-41.33,1.98
2015-09-01,600615,847.6,879.67,927.42,830.49,82470,114402385.0,11.27,2.24,19.24,4.4
2015-09-02,600615,809.83,828.36,892.5,781.32,55600,72718241.0,12.64,-5.83,-51.31,2.96
2015-09-07,600615,846.89,836.91,890.36,822.65,28021,38028081.0,8.17,1.03,8.55,1.49
2015-09-08,600615,837.62,923.86,929.56,822.65,39031,53562628.0,12.77,10.39,86.95,2.08
2015-09-09,600615,926.71,984.44,990.14,899.63,74459,110748498.0,9.8,6.56,60.58,3.97
2015-09-10,600615,958.07,943.1,968.76,936.69,33672,49958729.0,3.26,-4.2,-41.34,1.79
2015-09-11,600615,940.96,967.33,980.87,919.58,29067,42968055.0,6.5,2.57,24.23,1.55
2015-09-14,600615,969.47,886.8,986.58,868.98,58705,85428225.0,12.16,-8.32,-80.53,3.13
2015-09-15,600615,865.42,868.98,906.75,840.47,33759,46164029.0,7.47,-2.01,-17.82,1.8
2015-09-16,600615,861.85,965.2,966.62,861.85,44034,63540278.0,12.06,11.07,96.22,2.35
2015-09-17,600615,954.5,927.42,1017.22,908.18,54714,82358556.0,11.3,-3.91,-37.78,2.92
2015-09-18,600615,928.13,940.25,963.06,913.88,24914,36363046.0,5.3,1.38,12.83,1.33
2015-09-21,600615,938.83,976.6,980.87,929.56,24842,37239012.0,5.46,3.87,36.35,1.32
2015-09-22,600615,979.45,968.76,992.99,958.07,32828,49789959.0,3.58,-0.8,-7.84,1.75
2015-09-23,600615,963.06,957.36,983.01,948.09,29955,44904904.0,3.6,-1.18,-11.4,1.6
2015-09-24,600615,961.63,965.91,982.3,952.37,22630,33928072.0,3.13,0.89,8.55,1.21
2015-09-25,600615,958.07,928.13,975.89,920.29,24141,35442981.0,5.76,-3.91,-37.78,1.29
2015-09-28,600615,929.56,965.2,972.32,913.88,20023,29660975.0,6.3,3.99,37.07,1.07
2015-09-29,600615,954.5,940.25,962.34,929.56,13146,19342148.0,3.4,-2.58,-24.95,0.7
2015-09-30,600615,957.36,950.94,963.06,943.81,12303,18257764.0,2.05,1.14,10.69,0.66
2015-10-08,600615,979.45,998.69,1007.24,966.62,36089,55424645.0,4.27,5.02,47.75,1.92
2015-10-09,600615,997.98,1014.37,1020.07,992.99,23705,36935315.0,2.71,1.57,15.68,1.26
2015-10-12,600615,1025.78,1085.64,1097.76,1013.66,52230,85676280.0,8.29,7.03,71.27,2.78
2015-10-13,600615,1074.24,1089.21,1103.46,1062.12,30632,50949147.0,3.81,0.33,3.57,1.63
2015-10-14,600615,1077.09,1101.32,1119.85,1062.84,34698,58064989.0,5.23,1.11,12.11,1.85
2015-10-15,600615,1099.18,1124.13,1128.4,1081.37,34714,59127488.0,4.27,2.07,22.81,1.85
2015-10-16,600615,1129.12,1137.67,1149.07,1102.75,48086,82947037.0,4.12,1.2,13.54,2.56
2015-10-19,600615,1125.55,1125.55,1143.37,1106.31,40345,69404931.0,3.26,-1.07,-12.12,2.15
2015-10-20,600615,1125.55,1131.97,1136.24,1100.61,31680,54521207.0,3.17,0.57,6.42,1.69
2015-10-21,600615,1131.97,1049.29,1175.44,1015.8,55803,95869620.0,14.1,-7.3,-82.68,2.97
2015-10-22,600615,1045.73,1120.56,1125.55,1045.73,37936,63579453.0,7.61,6.79,71.27,2.02
2015-10-23,600615,1121.99,1184.0,1223.91,1112.01,76491,137138267.0,9.99,5.66,63.44,4.08
2015-10-26,600615,1187.56,1181.14,1200.39,1143.37,49174,87709237.0,4.82,-0.24,-2.86,2.62
2015-10-27,600615,1166.89,1198.96,1234.6,1119.85,47977,86212261.0,9.72,1.51,17.82,2.56
2015-10-28,600615,1181.86,1156.2,1213.93,1143.37,36492,65931744.0,5.89,-3.57,-42.76,1.94
2015-10-29,600615,1158.34,1155.49,1184.71,1145.51,33589,59704009.0,3.39,-0.06,-0.71,1.79
2015-10-30,600615,1150.5,1156.91,1175.44,1134.11,24010,42522116.0,3.58,0.12,1.42,1.28
2015-11-02,600615,1125.55,1127.69,1170.45,1099.9,23203,40445584.0,6.1,-2.53,-29.22,1.24
2015-11-03,600615,1141.95,1134.11,1150.5,1119.14,25412,44105748.0,2.78,0.57,6.42,1.35
2015-11-04,600615,1135.53,1202.53,1203.95,1135.53,36556,65765000.0,6.03,6.03,68.42,1.95
2015-11-05,600615,1197.54,1181.86,1207.51,1171.88,49546,89849874.0,2.96,-1.72,-20.67,2.64
2015-11-06,600615,1186.13,1236.02,1250.28,1179.01,59620,110595265.0,6.03,4.58,54.16,3.18
2015-11-09,600615,1227.47,1253.13,1260.25,1201.1,57661,108521895.0,4.79,1.38,17.11,3.07
2015-11-10,600615,1236.02,1269.52,1294.46,1228.9,45403,87327444.0,5.23,1.31,16.39,2.42
2015-11-11,600615,1283.06,1270.95,1283.06,1241.72,30299,58074224.0,3.26,0.11,1.43,1.61
2015-11-12,600615,1270.95,1274.51,1300.17,1254.55,31335,60571073.0,3.59,0.28,3.56,1.67
2015-11-13,600615,1268.09,1238.16,1268.09,1228.18,27812,52566913.0,3.13,-2.85,-36.35,1.48
2015-11-16,600615,1192.55,1287.34,1290.19,1192.55,33994,65084568.0,7.89,3.97,49.18,1.81
2015-11-17,600615,1283.06,1335.8,1352.19,1283.06,61097,121290597.0,5.37,3.76,48.46,3.26
2015-11-18,600615,1344.35,1370.01,1449.12,1322.26,77811,162537189.0,9.5,2.56,34.21,4.15
2015-11-19,600615,1350.77,1466.94,1478.34,1350.77,65976,141164084.0,9.31,7.08,96.93,3.52
2015-11-20,600615,1467.65,1535.36,1573.84,1435.58,75164,170266055.0,9.43,4.66,68.42,4.01
2015-11-23,600615,1524.67,1485.47,1603.07,1466.23,70006,161934611.0,8.91,-3.25,-49.89,3.73
2015-11-24,600615,1505.42,1528.94,1539.63,1466.23,36425,82072801.0,4.94,2.93,43.47,1.94
2015-11-25,600615,1510.41,1494.02,1530.37,1476.2,37411,84161347.0,3.54,-2.28,-34.92,1.99
2015-11-26,600615,1499.72,1469.08,1528.94,1457.67,33890,75881336.0,4.77,-1.67,-24.94,1.81
2015-11-27,600615,1445.56,1311.57,1463.38,1311.57,79236,164594191.0,10.33,-10.72,-157.51,4.22
2015-11-30,600615,1311.57,1327.25,1346.49,1248.85,50787,100057564.0,7.44,1.2,15.68,2.71
2015-12-01,600615,1326.54,1326.54,1375.71,1305.87,31489,63782886.0,5.26,-0.05,-0.71,1.68
2015-12-02,600615,1334.38,1303.02,1341.5,1186.13,25828,50347241.0,11.71,-1.77,-23.52,1.38
2015-12-03,600615,1302.3,1330.81,1341.5,1301.59,23528,47046104.0,3.06,2.13,27.79,1.25
2015-12-04,600615,1317.98,1335.09,1382.13,1316.56,44276,90306999.0,4.93,0.32,4.28,2.36
2015-12-07,600615,1321.55,1449.83,1454.11,1321.55,53005,112339412.0,9.93,8.59,114.74,2.83
2015-12-08,600615,1420.61,1391.39,1449.83,1372.86,41002,86616371.0,5.31,-4.03,-58.44,2.19
2015-12-09,600615,1362.88,1362.88,1399.94,1337.94,21502,44408217.0,4.46,-2.05,-28.51,1.15
2015-12-10,600615,1360.75,1362.88,1392.82,1345.07,24382,50416377.0,3.5,0.0,0.0,1.3
2015-12-11,600615,1330.1,1325.82,1364.31,1316.56,28139,56748843.0,3.5,-2.72,-37.06,1.5
2015-12-14,600615,1307.29,1333.66,1335.09,1258.83,33280,65392207.0,5.75,0.59,7.84,1.77
2015-12-15,600615,1326.54,1340.79,1352.19,1303.73,21073,42572136.0,3.63,0.53,7.13,1.12
2015-12-16,600615,1352.19,1370.72,1392.82,1340.08,32849,67863915.0,3.93,2.23,29.93,1.75
2015-12-17,600615,1384.27,1437.72,1442.71,1364.31,47524,100334990.0,5.72,4.89,67.0,2.53
2015-12-18,600615,1428.45,1433.44,1463.38,1385.69,64780,139403179.0,5.4,-0.3,-4.28,3.45
2015-12-21,600615,1421.33,1587.39,1587.39,1421.33,77004,172044277.0,11.58,10.74,153.95,4.1
2015-12-22,600615,1570.99,1548.19,1577.41,1521.1,67658,156691227.0,3.55,-2.47,-39.2,3.61
2015-12-23,600615,1542.49,1528.94,1570.99,1507.56,49467,114359178.0,4.1,-1.24,-19.25,2.64
2015-12-24,600615,1508.28,1523.96,1535.36,1464.09,28287,63836422.0,4.66,-0.33,-4.98,1.51
2015-12-25,600615,1519.68,1558.88,1569.57,1504.71,38575,89515493.0,4.26,2.29,34.92,2.06
2015-12-28,600615,1556.03,1446.27,1566.0,1442.71,54911,124055576.0,7.91,-7.22,-112.61,2.93
2015-12-29,600615,1447.7,1492.6,1496.16,1439.14,30591,67261453.0,3.94,3.2,46.33,1.63
2015-12-30,600615,1499.72,1539.63,1563.87,1476.2,37754,86213614.0,5.87,3.15,47.03,2.01
2015-12-31,600615,1530.37,1502.57,1553.18,1484.04,20197,46017147.0,4.49,-2.41,-37.06,1.08
2016-01-04,600615,1503.29,1342.22,1510.41,1342.22,29841,63131247.0,11.19,-10.67,-160.35,1.59
2016-01-05,600615,1293.04,1296.6,1370.72,1214.64,51047,101002198.0,11.63,-3.4,-45.62,2.72
2016-01-06,600615,1296.6,1334.38,1352.91,1279.5,29372,58749193.0,5.66,2.91,37.78,1.57
2016-01-07,600615,1315.13,1190.41,1315.13,1190.41,9481,17667483.0,9.35,-10.79,-143.97,0.51
2016-01-08,600615,1228.9,1174.02,1248.14,1087.07,29762,54155222.0,13.53,-1.38,-16.39,1.59
2016-01-11,600615,1140.52,1057.85,1169.03,1046.44,39378,65721372.0,10.44,-9.9,-116.17,2.1
2016-01-12,600615,1062.12,1045.73,1084.22,973.03,23480,37962378.0,10.51,-1.15,-12.12,1.25
2016-01-13,600615,1060.7,956.64,1064.97,954.5,19951,31466687.0,10.56,-8.52,-89.09,1.06
2016-01-14,600615,912.46,981.59,999.41,886.8,36106,52649523.0,11.77,2.61,24.95,1.92
2016-01-15,600615,968.76,988.0,1041.45,965.2,39126,60656531.0,7.77,0.65,6.41,2.09
2016-01-18,600615,965.2,1038.6,1061.41,954.5,36147,57131888.0,10.82,5.12,50.6,1.93
2016-01-19,600615,1038.6,1091.34,1102.03,1025.78,26223,43340565.0,7.34,5.08,52.74,1.4
2016-01-20,600615,1079.23,1103.46,1132.68,1079.23,41614,70888551.0,4.9,1.11,12.12,2.22
2016-01-21,600615,1072.1,1030.05,1119.85,1023.64,22618,37649148.0,8.72,-6.65,-73.41,1.21
2016-01-22,600615,1047.16,1121.99,1124.84,1030.05,33549,55545627.0,9.2,8.93,91.94,1.79
2016-01-25,600615,1114.86,1130.54,1150.5,1107.74,20780,35943091.0,3.81,0.76,8.55,1.11
2016-01-26,600615,1117.0,1045.02,1124.13,1038.6,26484,44299943.0,7.57,-7.56,-85.52,1.41
2016-01-27,600615,1044.31,1070.68,1085.64,973.03,31832,51382078.0,10.78,2.46,25.66,1.7
2016-01-28,600615,1045.73,1022.21,1080.65,1008.67,18077,29287063.0,6.72,-4.53,-48.47,0.96
2016-01-29,600615,1005.82,1109.16,1128.4,1005.82,33013,54840079.0,11.99,8.51,86.95,1.76
2016-02-01,600615,1100.61,1111.3,1135.53,1082.79,25214,43014772.0,4.75,0.19,2.14,1.34
2016-02-02,600615,1112.01,1176.87,1184.71,1101.32,20861,36752968.0,7.5,5.9,65.57,1.11
2016-02-03,600615,1169.03,1191.12,1199.67,1137.67,18641,33326156.0,5.27,1.21,14.25,0.99
2016-02-04,600615,1191.12,1202.53,1232.46,1181.86,20731,38076926.0,4.25,0.96,11.41,1.1
2016-02-05,600615,1200.39,1158.34,1213.93,1146.93,18663,33447739.0,5.57,-3.67,-44.19,0.99
2016-02-15,600615,1129.12,1190.41,1213.93,1079.94,22678,40486235.0,11.57,2.77,32.07,1.21
2016-02-16,600615,1190.41,1215.35,1225.33,1181.86,27157,49975236.0,3.65,2.1,24.94,1.45
2016-02-17,600615,1203.95,1231.03,1250.28,1194.69,21042,39307679.0,4.57,1.29,15.68,1.12
2016-02-18,600615,1235.31,1193.26,1254.55,1181.14,33494,62279521.0,5.96,-3.07,-37.77,1.79
2016-02-19,600615,1196.82,1178.29,1204.66,1159.76,22229,40115143.0,3.76,-1.25,-14.97,1.18
2016-02-22,600615,1196.82,1216.07,1217.49,1179.72,23718,43598733.0,3.21,3.21,37.78,1.26
2016-02-23,600615,1216.07,1238.87,1247.43,1171.88,35979,66556821.0,6.21,1.87,22.8,1.92
2016-02-24,600615,1234.6,1269.52,1285.91,1214.64,52227,99346503.0,5.75,2.47,30.65,2.78
2016-02-25,600615,1273.8,1192.55,1305.87,1143.37,60014,112193737.0,12.8,-6.06,-76.97,3.2
2016-02-26,600615,1190.41,1240.3,1257.4,1180.43,54189,101284663.0,6.45,4.0,47.75,2.89
2016-02-29,600615,1236.02,1192.55,1236.02,1105.6,61308,107854676.0,10.52,-3.85,-47.75,3.27
2016-03-01,600615,1186.13,1174.73,1214.64,1104.17,57517,102604133.0,9.26,-1.49,-17.82,3.07
2016-03-02,600615,1164.75,1222.48,1232.46,1131.97,86317,156054180.0,8.55,4.06,47.75,4.6
2016-03-03,600615,1221.77,1283.77,1297.32,1200.39,106673,202322973.0,7.93,5.01,61.29,5.69
2016-03-04,600615,1258.83,1218.92,1298.03,1207.51,57771,109365643.0,7.05,-5.05,-64.85,3.08
2016-03-07,600615,1236.02,1246.71,1264.53,1222.48,38540,72806892.0,3.45,2.28,27.79,2.05
2016-03-08,600615,1252.41,1247.43,1265.96,1171.17,49531,92129034.0,7.6,0.06,0.72,2.64
2016-03-09,600615,1215.35,1225.33,1255.27,1186.85,32513,60816327.0,5.48,-1.77,-22.1,1.73
2016-03-10,600615,1221.06,1206.8,1263.11,1181.14,32892,60858283.0,6.69,-1.51,-18.53,1.75
2016-03-11,600615,1193.97,1167.6,1208.23,1129.12,39157,70116685.0,6.56,-3.25,-39.2,2.09
2016-03-14,600615,1176.87,1211.79,1228.9,1176.87,52954,97198380.0,4.46,3.78,44.19,2.82
2016-03-15,600615,1193.26,1180.43,1210.37,1173.3,17728,32155917.0,3.06,-2.59,-31.36,0.94
2016-03-16,600615,1195.4,1184.0,1242.44,1180.43,45121,83483183.0,5.25,0.3,3.57,2.4
2016-03-17,600615,1186.13,1211.08,1221.06,1171.17,37931,69441452.0,4.21,2.29,27.08,2.02
2016-03-18,600615,1215.35,1282.35,1285.2,1207.51,69583,131944168.0,6.41,5.88,71.27,3.71
2016-03-21,600615,1285.91,1294.46,1298.74,1270.23,55360,107759603.0,2.22,0.94,12.11,2.95
2016-03-22,600615,1289.48,1270.23,1289.48,1264.53,36912,71426799.0,1.93,-1.87,-24.23,1.97
2016-03-23,600615,1265.24,1268.81,1312.99,1261.68,45257,87792328.0,4.04,-0.11,-1.42,2.41
2016-03-24,600615,1246.71,1248.85,1268.81,1231.03,45815,87040381.0,2.98,-1.57,-19.96,2.44
2016-03-25,600615,1255.98,1278.79,1282.35,1250.28,34073,65654877.0,2.57,2.4,29.94,1.82
2016-03-28,600615,1283.77,1282.35,1319.41,1275.22,38062,74718954.0,3.46,0.28,3.56,2.03
2016-03-29,600615,1282.35,1293.75,1295.89,1258.12,35161,68280211.0,2.95,0.89,11.4,1.87
2016-03-30,600615,1305.87,1356.47,1370.01,1293.04,59624,121051110.0,5.95,4.85,62.72,3.18
2016-03-31,600615,1356.47,1347.2,1372.15,1337.23,33556,68616398.0,2.57,-0.68,-9.27,1.79
2016-04-01,600615,1328.67,1340.79,1351.48,1297.32,40035,80364634.0,4.02,-0.48,-6.41,2.13
2016-04-05,600615,1370.01,1402.08,1412.06,1347.2,55228,115549621.0,4.84,4.57,61.29,2.94
2016-04-06,600615,1382.13,1432.73,1461.24,1382.13,63232,136758473.0,5.64,2.19,30.65,3.37
2016-04-07,600615,1436.29,1385.69,1460.52,1384.98,39196,83194133.0,5.27,-3.28,-47.04,2.09
2016-04-08,600615,1357.18,1417.76,1438.43,1347.92,43884,92322236.0,6.53,2.31,32.07,2.34
2016-04-11,600615,1429.17,1429.17,1435.58,1397.81,35350,75571560.0,2.66,0.8,11.41,1.88
2016-04-12,600615,1424.89,1382.13,1431.3,1370.72,32089,67258274.0,4.24,-3.29,-47.04,1.71
2016-04-13,600615,1391.39,1412.77,1421.33,1382.84,31171,66046099.0,2.78,2.22,30.64,1.66
2016-04-14,600615,1409.92,1459.81,1471.22,1409.92,49273,106853265.0,4.34,3.33,47.04,2.63
2016-04-15,600615,1455.54,1494.73,1521.1,1453.4,39301,87770284.0,4.64,2.39,34.92,2.09
2016-04-18,600615,1470.5,1479.77,1485.47,1433.44,37406,81897765.0,3.48,-1.0,-14.96,1.99
2016-04-19,600615,1479.77,1460.52,1489.03,1448.41,18907,41592783.0,2.75,-1.3,-19.25,1.01
2016-04-20,600615,1460.52,1318.7,1463.38,1311.57,48937,101016928.0,10.39,-9.71,-141.82,2.61
2016-04-21,600615,1315.85,1269.52,1341.5,1263.82,39135,77403114.0,5.89,-3.73,-49.18,2.09
2016-04-22,600615,1283.77,1293.75,1301.59,1265.24,31367,60981185.0,2.86,1.91,24.23,1.67
2016-04-25,600615,1289.48,1305.87,1314.42,1257.4,22010,43056685.0,4.41,0.94,12.12,1.17
2016-04-26,600615,1291.61,1334.38,1337.94,1286.62,21166,42242620.0,3.93,2.18,28.51,1.13
2016-04-27,600615,1332.24,1370.01,1388.54,1332.24,36165,74585080.0,4.22,2.67,35.63,1.93
2016-04-28,600615,1353.62,1356.47,1368.59,1318.7,26071,53005622.0,3.64,-0.99,-13.54,1.39
2016-04-29,600615,1353.62,1357.18,1384.27,1336.51,35917,73644838.0,3.52,0.05,0.71,1.91
2016-05-03,600615,1357.18,1389.97,1391.39,1347.2,28659,59266395.0,3.26,2.42,32.79,1.53
2016-05-04,600615,1378.56,1394.96,1409.92,1372.86,29048,61149866.0,2.67,0.36,4.99,1.55
2016-05-05,600615,1398.52,1396.38,1404.22,1378.56,21915,46010541.0,1.84,0.1,1.42,1.17
2016-05-06,600615,1392.82,1315.85,1417.76,1300.17,41856,85981267.0,8.42,-5.77,-80.53,2.23
2016-05-09,600615,1246.71,1174.02,1307.29,1174.02,48741,90511671.0,10.13,-10.78,-141.83,2.6
2016-05-10,600615,1175.44,1164.75,1186.13,1139.81,27585,49029485.0,3.95,-0.79,-9.27,1.47
2016-05-11,600615,1168.32,1138.38,1179.01,1129.12,18861,33322444.0,4.28,-2.26,-26.37,1.01
2016-05-12,600615,1121.99,1103.46,1134.11,1079.23,16398,27812176.0,4.82,-3.07,-34.92,0.87
2016-05-13,600615,1108.45,1125.55,1132.68,1108.45,13771,23704216.0,2.2,2.0,22.09,0.73
2016-05-16,600615,1135.53,1211.08,1213.93,1118.43,27931,50429610.0,8.48,7.6,85.53,1.49
2016-05-17,600615,1203.95,1181.14,1221.77,1171.17,16465,30002495.0,4.18,-2.47,-29.94,0.88
2016-05-18,600615,1139.81,1118.43,1170.45,1101.32,17429,30069898.0,5.85,-5.31,-62.71,0.93
2016-05-19,600615,1122.7,1110.59,1164.04,1108.45,17280,30055037.0,4.97,-0.7,-7.84,0.92
2016-05-20,600615,1108.45,1138.38,1139.81,1059.27,14384,24495039.0,7.25,2.5,27.79,0.77
2016-05-23,600615,1143.37,1146.22,1154.77,1131.26,15093,26342107.0,2.07,0.69,7.84,0.8
2016-05-24,600615,1145.51,1118.43,1149.07,1110.59,13292,22978189.0,3.36,-2.42,-27.79,0.71
2016-05-25,600615,1129.12,1139.81,1152.64,1115.58,17900,31142834.0,3.31,1.91,21.38,0.95
2016-05-26,600615,1138.38,1152.64,1156.2,1111.3,14710,25521073.0,3.94,1.13,12.83,0.78
2016-05-27,600615,1154.06,1155.49,1162.61,1141.95,12892,22743172.0,1.79,0.25,2.85,0.69
2016-05-30,600615,1143.37,1137.67,1157.63,1121.99,12804,22366454.0,3.08,-1.54,-17.82,0.68
2016-05-31,600615,1130.54,1189.7,1191.84,1130.54,23445,42107230.0,5.39,4.57,52.03,1.25
2016-06-01,600615,1191.84,1206.8,1221.77,1181.14,29845,55049700.0,3.42,1.44,17.1,1.59
2016-06-02,600615,1206.09,1211.79,1219.63,1193.26,18020,33117189.0,2.19,0.41,4.99,0.96
2016-06-03,600615,1220.34,1219.63,1234.6,1203.95,26836,49913145.0,2.53,0.65,7.84,1.43
2016-06-06,600615,1225.33,1228.9,1233.17,1209.65,19007,35361968.0,1.93,0.76,9.27,1.01
2016-06-07,600615,1239.59,1214.64,1239.59,1206.09,14623,27072123.0,2.73,-1.16,-14.26,0.78
2016-06-08,600615,1214.64,1228.18,1235.31,1193.97,12452,23128066.0,3.4,1.11,13.54,0.66
2016-06-13,600615,1213.22,1131.26,1213.22,1128.4,18935,34111267.0,6.91,-7.89,-96.92,1.01
2016-06-14,600615,1134.82,1152.64,1155.49,1134.82,20084,35186387.0,1.83,1.89,21.38,1.07
2016-06-15,600615,1148.36,1193.97,1207.51,1136.24,18228,32864393.0,6.18,3.59,41.33,0.97
2016-06-16,600615,1196.82,1196.11,1211.08,1193.26,18057,33076983.0,1.49,0.18,2.14,0.96
2016-06-17,600615,1189.7,1181.14,1208.23,1146.93,29687,53197140.0,5.12,-1.25,-14.97,1.58
2016-06-20,600615,1144.08,1144.08,1161.19,1130.54,21755,38099631.0,2.59,-3.14,-37.06,1.16
2016-06-21,600615,1151.21,1143.37,1171.88,1138.38,17937,31567164.0,2.93,-0.06,-0.71,0.96
2016-06-22,600615,1144.08,1167.6,1171.88,1136.24,19136,33980358.0,3.12,2.12,24.23,1.02
2016-06-23,600615,1166.89,1166.18,1176.87,1157.63,14498,25808385.0,1.65,-0.12,-1.42,0.77
2016-06-24,600615,1169.03,1141.23,1177.58,1109.87,15998,27911275.0,5.81,-2.14,-24.95,0.85
2016-06-27,600615,1134.82,1159.05,1159.05,1119.85,17795,31214504.0,3.43,1.56,17.82,0.95
2016-06-28,600615,1146.93,1171.88,1173.3,1143.37,22087,39010845.0,2.58,1.11,12.83,1.18
2016-06-29,600615,1171.88,1174.73,1177.58,1161.19,22850,40810398.0,1.4,0.24,2.85,1.22
2016-06-30,600615,1175.44,1171.17,1176.87,1158.34,12061,21563811.0,1.58,-0.3,-3.56,0.64
2016-07-01,600615,1164.75,1184.0,1195.4,1164.75,15973,28817466.0,2.62,1.1,12.83,0.85
2016-07-04,600615,1176.16,1207.51,1217.49,1164.04,32895,60197461.0,4.51,1.99,23.51,1.75
2016-07-05,600615,1200.39,1211.79,1227.47,1192.55,23579,43398365.0,2.89,0.35,4.28,1.26
2016-07-06,600615,1209.65,1214.64,1219.63,1201.1,19711,36350663.0,1.53,0.24,2.85,1.05
2016-07-07,600615,1211.08,1244.58,1268.09,1204.66,36367,68549436.0,5.22,2.46,29.94,1.94
2016-07-08,600615,1241.72,1226.76,1241.72,1214.64,14642,27360444.0,2.18,-1.43,-17.82,0.78
2016-07-11,600615,1226.04,1218.92,1248.85,1218.21,17893,33578357.0,2.5,-0.64,-7.84,0.95
2016-07-12,600615,1213.22,1228.18,1241.72,1201.1,16562,30779165.0,3.33,0.76,9.26,0.88
2016-07-13,600615,1221.06,1228.9,1248.14,1221.06,15607,29347931.0,2.2,0.06,0.72,0.83
2016-07-14,600615,1228.9,1278.79,1280.92,1223.19,28148,53619581.0,4.7,4.06,49.89,1.5
2016-07-15,600615,1266.67,1255.27,1274.51,1245.29,17655,33669793.0,2.28,-1.84,-23.52,0.94
2016-07-18,600615,1255.27,1229.61,1255.27,1214.64,14414,26980370.0,3.24,-2.04,-25.66,0.77
2016-07-19,600615,1278.79,1254.55,1278.79,1215.35,20978,39834333.0,5.16,2.03,24.94,1.12
2016-07-20,600615,1250.99,1250.28,1256.69,1236.74,13968,26478751.0,1.59,-0.34,-4.27,0.74
2016-07-21,600615,1250.99,1283.06,1285.91,1233.17,33628,64750959.0,4.22,2.62,32.78,1.79
2016-07-22,600615,1277.36,1300.88,1304.44,1264.53,33395,65121120.0,3.11,1.39,17.82,1.78
2016-07-25,600615,1296.6,1280.21,1299.45,1236.74,35905,69170958.0,4.82,-1.59,-20.67,1.91
2016-07-26,600615,1264.53,1318.7,1330.81,1257.4,43388,85368598.0,5.73,3.01,38.49,2.31
2016-07-27,600615,1322.97,1302.3,1325.82,1242.44,56576,110817407.0,6.32,-1.24,-16.4,3.02
2016-07-28,600615,1286.62,1283.77,1295.89,1255.98,39386,76216384.0,3.06,-1.42,-18.53,2.1
2016-07-29,600615,1276.65,1256.69,1282.35,1221.77,26435,50432680.0,4.72,-2.11,-27.08,1.41
2016-08-01,600615,1258.83,1224.62,1258.83,1201.81,34496,63948394.0,4.54,-2.55,-32.07,1.84
2016-08-02,600615,1215.35,1241.72,1252.41,1215.35,20963,39255141.0,3.03,1.4,17.1,1.12
2016-08-03,600615,1236.02,1253.13,1260.97,1230.32,28367,53876459.0,2.47,0.92,11.41,1.51
2016-08-04,600615,1253.13,1253.84,1264.53,1228.9,32842,62445738.0,2.84,0.06,0.71,1.75
2016-08-05,600615,1265.96,1233.88,1265.96,1233.17,34440,65516053.0,2.62,-1.59,-19.96,1.84
2016-08-08,600615,1217.49,1227.47,1230.32,1200.39,19792,36601367.0,2.43,-0.52,-6.41,1.05
2016-08-09,600615,1239.59,1258.83,1266.67,1220.34,22709,42686086.0,3.77,2.55,31.36,1.21
2016-08-10,600615,1250.28,1258.12,1266.67,1246.71,29136,55629693.0,1.59,-0.06,-0.71,1.55
2016-08-11,600615,1250.28,1238.16,1253.13,1224.62,18878,35470690.0,2.27,-1.59,-19.96,1.01
2016-08-12,600615,1235.31,1260.97,1265.24,1230.32,30477,58019144.0,2.82,1.84,22.81,1.62
2016-08-15,600615,1260.97,1298.74,1310.86,1250.99,85305,166242555.0,4.75,3.0,37.77,4.55
2016-08-16,600615,1287.34,1288.05,1296.6,1282.35,37261,72830807.0,1.1,-0.82,-10.69,1.99
2016-08-17,600615,1285.91,1294.46,1317.98,1270.23,53552,105190873.0,3.71,0.5,6.41,2.85
2016-08-18,600615,1296.6,1284.49,1298.03,1277.36,24852,48511093.0,1.6,-0.77,-9.97,1.32
2016-08-19,600615,1284.49,1292.33,1300.88,1272.37,28009,54708632.0,2.22,0.61,7.84,1.49
2016-08-22,600615,1289.48,1243.86,1289.48,1243.15,31746,60826717.0,3.58,-3.75,-48.47,1.69
2016-08-23,600615,1242.44,1233.88,1250.28,1215.35,27145,50970396.0,2.81,-0.8,-9.98,1.45
2016-08-24,600615,1235.31,1248.14,1257.4,1233.17,16328,30863362.0,1.96,1.16,14.26,0.87
2016-08-25,600615,1238.16,1238.87,1247.43,1216.78,17422,32719770.0,2.46,-0.74,-9.27,0.93
2016-08-26,600615,1246.0,1243.86,1261.68,1238.16,14005,26599656.0,1.9,0.4,4.99,0.75
2016-08-29,600615,1239.59,1249.56,1257.4,1238.87,13145,24949955.0,1.49,0.46,5.7,0.7
2016-08-30,600615,1249.56,1254.55,1258.83,1246.71,11494,21903302.0,0.97,0.4,4.99,0.61
2016-08-31,600615,1251.7,1260.97,1268.09,1247.43,11414,21844391.0,1.65,0.51,6.42,0.61
2016-09-01,600615,1271.66,1265.96,1295.89,1264.53,33155,64255524.0,2.49,0.4,4.99,1.77
2016-09-02,600615,1267.38,1253.84,1273.8,1243.15,16095,30713864.0,2.42,-0.96,-12.12,0.86
2016-09-05,600615,1250.28,1266.67,1274.51,1246.71,17933,34341785.0,2.22,1.02,12.83,0.96
2016-09-06,600615,1258.12,1278.07,1282.35,1250.99,20045,38629139.0,2.48,0.9,11.4,1.07
2016-09-07,600615,1284.49,1287.34,1303.73,1275.22,35765,70131703.0,2.23,0.73,9.27,1.91
2016-09-08,600615,1289.48,1290.19,1296.6,1278.79,19852,38755538.0,1.38,0.22,2.85,1.06
2016-09-09,600615,1284.49,1303.02,1314.42,1281.64,37034,73121205.0,2.54,0.99,12.83,1.97
2016-09-12,600615,1283.06,1232.46,1284.49,1229.61,30988,59440628.0,4.21,-5.42,-70.56,1.65
2016-09-13,600615,1236.02,1247.43,1254.55,1236.02,13644,25800076.0,1.5,1.21,14.97,0.73
2016-09-14,600615,1244.58,1274.51,1298.03,1238.87,35002,67567840.0,4.74,2.17,27.08,1.87
2016-09-19,600615,1268.81,1278.07,1281.64,1268.81,14639,28341444.0,1.01,0.28,3.56,0.78
2016-09-20,600615,1278.07,1297.32,1300.17,1265.96,23064,44902119.0,2.68,1.51,19.25,1.23
2016-09-21,600615,1297.32,1300.17,1307.29,1285.91,17581,34527132.0,1.65,0.22,2.85,0.94
2016-09-22,600615,1298.74,1291.61,1312.28,1283.06,25970,50946949.0,2.25,-0.66,-8.56,1.38
2016-09-23,600615,1292.33,1342.22,1350.06,1283.06,70738,141302035.0,5.19,3.92,50.61,3.77
2016-09-26,600615,1328.67,1283.77,1332.24,1278.79,48589,96338895.0,3.98,-4.35,-58.45,2.59
2016-09-27,600615,1274.51,1292.33,1295.89,1265.96,33560,65300761.0,2.33,0.67,8.56,1.79
2016-09-28,600615,1288.76,1280.21,1298.74,1273.8,19572,38153609.0,1.93,-0.94,-12.12,1.04
2016-09-29,600615,1266.67,1294.46,1295.89,1266.67,18540,36232520.0,2.28,1.11,14.25,0.99
2016-09-30,600615,1294.46,1308.72,1335.8,1287.34,37608,74921310.0,3.74,1.1,14.26,2.0
2016-10-10,600615,1314.42,1332.24,1342.22,1302.3,40612,81276761.0,3.05,1.8,23.52,2.16
2016-10-11,600615,1332.24,1344.35,1354.33,1318.7,50479,102114801.0,2.67,0.91,12.11,2.69
2016-10-12,600615,1335.8,1375.0,1399.23,1330.1,58536,120400969.0,5.14,2.28,30.65,3.12
2016-10-13,600615,1367.16,1369.3,1379.99,1351.48,36412,75007278.0,2.07,-0.41,-5.7,1.94
2016-10-14,600615,1360.75,1347.92,1369.3,1329.39,27148,55288100.0,2.91,-1.56,-21.38,1.45
2016-10-17,600615,1344.35,1312.28,1351.48,1310.86,34909,70411990.0,3.01,-2.64,-35.64,1.86
2016-10-18,600615,1312.28,1335.8,1341.5,1300.17,27860,55716412.0,3.15,1.79,23.52,1.48
2016-10-19,600615,1330.81,1326.54,1339.36,1315.85,29513,59122181.0,1.76,-0.69,-9.26,1.57
2016-10-20,600615,1318.7,1321.55,1339.36,1314.42,35089,70464662.0,1.88,-0.38,-4.99,1.87
2016-10-21,600615,1321.55,1303.73,1333.66,1284.49,42757,84518903.0,3.72,-1.35,-17.82,2.28
2016-10-24,600615,1304.44,1318.7,1320.12,1297.32,27538,54713628.0,1.75,1.15,14.97,1.47
2016-10-25,600615,1327.96,1331.53,1332.24,1311.57,24621,49306379.0,1.57,0.97,12.83,1.31
2016-10-26,600615,1342.93,1347.2,1355.04,1330.1,38273,77844840.0,1.87,1.18,15.67,2.04
2016-10-27,600615,1350.06,1333.66,1351.48,1321.55,24396,49232889.0,2.22,-1.01,-13.54,1.3
2016-10-28,600615,1322.97,1335.09,1336.51,1312.28,23991,48063144.0,1.82,0.11,1.43,1.28
2016-10-31,600615,1326.54,1315.13,1334.38,1298.74,18981,37736063.0,2.67,-1.5,-19.96,1.01
2016-11-01,600615,1307.29,1332.95,1335.09,1307.29,26037,52133670.0,2.11,1.36,17.82,1.39
2016-11-02,600615,1325.82,1321.55,1332.24,1315.13,16424,32891245.0,1.28,-0.86,-11.4,0.88
2016-11-03,600615,1314.42,1333.66,1335.09,1305.87,30114,60250729.0,2.21,0.92,12.11,1.61
2016-11-04,600615,1332.24,1336.51,1349.34,1327.25,30868,62436668.0,1.66,0.21,2.85,1.65
2016-11-07,600615,1336.51,1321.55,1342.93,1320.12,19706,39708491.0,1.71,-1.12,-14.96,1.05
2016-11-08,600615,1322.26,1348.63,1352.19,1322.26,37627,76240120.0,2.26,2.05,27.08,2.01
2016-11-09,600615,1350.77,1325.82,1360.75,1303.73,35069,70819921.0,4.23,-1.69,-22.81,1.87
2016-11-10,600615,1360.75,1366.45,1407.78,1349.34,74654,154660066.0,4.41,3.06,40.63,3.98
2016-11-11,600615,1357.18,1417.76,1446.27,1349.34,121904,258431632.0,7.09,3.75,51.31,6.5
2016-11-14,600615,1402.8,1398.52,1407.07,1382.84,58667,123306268.0,1.71,-1.36,-19.24,3.13
2016-11-15,600615,1389.25,1396.38,1404.93,1386.4,31338,65837724.0,1.32,-0.15,-2.14,1.67
2016-11-16,600615,1399.94,1386.4,1406.36,1378.56,30019,63077879.0,1.99,-0.71,-9.98,1.6
2016-11-17,600615,1382.13,1386.4,1399.94,1373.57,27411,57334748.0,1.9,0.0,0.0,1.46
2016-11-18,600615,1378.56,1458.39,1483.33,1375.71,92121,198662343.0,7.76,5.19,71.99,4.91
2016-11-21,600615,1457.67,1432.02,1457.67,1420.61,52820,114080978.0,2.54,-1.81,-26.37,2.82
2016-11-22,600615,1428.45,1477.63,1479.05,1422.04,58966,129376731.0,3.98,3.19,45.61,3.14
2016-11-23,600615,1490.46,1462.66,1526.81,1451.97,83131,185785813.0,5.06,-1.01,-14.97,4.43
2016-11-24,600615,1456.96,1425.6,1464.09,1394.96,44208,95750593.0,4.73,-2.53,-37.06,2.36
2016-11-25,600615,1433.44,1413.49,1439.14,1379.99,37305,78796521.0,4.15,-0.85,-12.11,1.99
2016-11-28,600615,1405.65,1419.9,1421.33,1391.39,25607,54162097.0,2.12,0.45,6.41,1.36
2016-11-29,600615,1412.77,1361.46,1422.04,1342.93,35712,74750518.0,5.57,-4.12,-58.44,1.9
2016-11-30,600615,1357.18,1367.87,1374.29,1322.26,26759,54721758.0,3.82,0.47,6.41,1.43
2016-12-01,600615,1375.0,1380.7,1386.4,1359.32,27005,55985966.0,1.98,0.94,12.83,1.44
2016-12-02,600615,1382.13,1337.23,1384.98,1325.11,38182,77596861.0,4.34,-3.15,-43.47,2.04
2016-12-05,600615,1322.97,1341.5,1359.32,1314.42,19039,38703197.0,3.36,0.32,4.27,1.01
2016-12-06,600615,1338.65,1362.88,1370.72,1338.65,16486,33976162.0,2.39,1.59,21.38,0.88
2016-12-07,600615,1364.31,1376.43,1381.41,1355.76,18420,38177426.0,1.88,0.99,13.55,0.98
2016-12-08,600615,1379.28,1409.92,1424.89,1369.3,35699,75150699.0,4.04,2.43,33.49,1.9
2016-12-09,600615,1414.2,1400.66,1417.76,1392.82,21228,44939149.0,1.77,-0.66,-9.26,1.13
2016-12-12,600615,1396.38,1326.54,1397.09,1322.26,30036,61415448.0,5.34,-5.29,-74.12,1.6
2016-12-13,600615,1320.83,1349.34,1370.01,1320.83,17348,35177821.0,3.71,1.72,22.8,0.92
2016-12-14,600615,1350.06,1372.86,1382.84,1335.8,26534,54467197.0,3.49,1.74,23.52,1.41
2016-12-15,600615,1361.46,1414.2,1430.59,1357.18,42209,89462164.0,5.35,3.01,41.34,2.25
2016-12-16,600615,1419.19,1428.45,1461.24,1408.5,43287,93699891.0,3.73,1.01,14.25,2.31
2016-12-19,600615,1424.89,1444.13,1444.85,1404.93,28889,62075237.0,2.79,1.1,15.68,1.54
2016-12-20,600615,1439.14,1417.05,1439.14,1399.94,27953,59650860.0,2.71,-1.88,-27.08,1.49
2016-12-21,600615,1430.59,1432.02,1452.68,1410.64,28682,61926502.0,2.97,1.06,14.97,1.53
2016-12-22,600615,1422.75,1466.94,1469.08,1421.33,46794,102189787.0,3.33,2.44,34.92,2.49
2016-12-23,600615,1466.94,1402.8,1466.94,1394.24,40752,87250698.0,4.96,-4.37,-64.14,2.17
2016-12-26,600615,1382.13,1382.84,1396.38,1343.64,30285,62355843.0,3.76,-1.42,-19.96,1.61
2016-12-27,600615,1377.85,1403.51,1409.21,1372.15,20592,43377697.0,2.68,1.49,20.67,1.1
2016-12-28,600615,1391.39,1407.07,1427.03,1389.25,23540,49870335.0,2.69,0.25,3.56,1.25
2016-12-29,600615,1399.23,1399.23,1417.76,1381.41,17848,37718745.0,2.58,-0.56,-7.84,0.95
2016-12-30,600615,1395.67,1395.67,1417.05,1387.12,15831,33465633.0,2.14,-0.25,-3.56,0.84
2017-01-03,600615,1409.92,1446.98,1453.4,1403.51,33608,72679013.0,3.57,3.68,51.31,1.79
2017-01-04,600615,1446.27,1461.95,1465.51,1432.73,34703,75892427.0,2.27,1.03,14.97,1.85
2017-01-05,600615,1464.09,1456.25,1466.94,1443.42,34475,75628348.0,1.61,-0.39,-5.7,1.84
2017-01-06,600615,1456.25,1462.66,1476.92,1437.72,32291,70895855.0,2.69,0.44,6.41,1.72
2017-01-09,600615,1460.52,1435.58,1499.72,1427.03,36556,79940212.0,4.97,-1.85,-27.08,1.95
2017-01-10,600615,1440.57,1494.02,1520.39,1435.58,59484,132230949.0,5.91,4.07,58.44,3.17
2017-01-11,600615,1470.5,1445.56,1485.47,1441.99,35671,78294099.0,2.91,-3.24,-48.46,1.9
2017-01-12,600615,1434.87,1409.92,1458.39,1401.37,29713,63927007.0,3.94,-2.47,-35.64,1.58
2017-01-13,600615,1403.51,1386.4,1421.33,1372.86,23924,50490741.0,3.44,-1.67,-23.52,1.28
2017-01-16,600615,1402.08,1300.88,1402.08,1250.28,42772,86413991.0,10.95,-6.17,-85.52,2.28
2017-01-17,600615,1289.48,1322.26,1325.82,1264.53,17736,35012556.0,4.71,1.64,21.38,0.95
2017-01-18,600615,1317.98,1293.04,1325.11,1290.9,15349,30349230.0,2.59,-2.21,-29.22,0.82
2017-01-19,600615,1310.86,1255.27,1310.86,1250.28,18478,35673419.0,4.69,-2.92,-37.77,0.98
2017-01-20,600615,1255.27,1270.95,1278.79,1246.71,25147,48240171.0,2.56,1.25,15.68,1.34
2017-01-23,600615,1269.52,1243.86,1269.52,1228.9,51187,96726645.0,3.2,-2.13,-27.09,2.73
2017-01-24,600615,1239.59,1240.3,1248.14,1236.02,26822,50673022.0,0.97,-0.29,-3.56,1.43
2017-01-25,600615,1241.72,1248.85,1268.81,1241.72,20659,39395323.0,2.18,0.69,8.55,1.1
2017-01-26,600615,1254.55,1265.24,1275.93,1254.55,16108,30952176.0,1.71,1.31,16.39,0.86
2017-02-03,600615,1268.09,1319.41,1332.24,1265.24,59430,117791938.0,5.3,4.28,54.17,3.17
2017-02-06,600615,1293.04,1312.99,1314.42,1283.77,31400,61784304.0,2.32,-0.49,-6.42,1.67
2017-02-07,600615,1328.67,1316.56,1342.93,1300.88,28107,56269346.0,3.2,0.27,3.57,1.5
2017-02-08,600615,1303.73,1315.85,1320.12,1293.75,16285,32262117.0,2.0,-0.05,-0.71,0.87
2017-02-09,600615,1315.13,1314.42,1320.12,1304.44,14138,28090066.0,1.19,-0.11,-1.43,0.75
2017-02-10,600615,1312.28,1295.18,1315.85,1289.48,20739,40900155.0,2.01,-1.46,-19.24,1.11
2017-02-13,600615,1282.35,1290.9,1305.87,1278.79,18220,35702623.0,2.09,-0.33,-4.28,0.97
2017-02-14,600615,1293.04,1322.97,1329.39,1290.9,25656,50987665.0,2.98,2.48,32.07,1.37
2017-02-15,600615,1327.96,1298.74,1327.96,1293.75,17421,34587972.0,2.59,-1.83,-24.23,0.93
2017-02-16,600615,1307.29,1311.57,1321.55,1298.74,14470,28742807.0,1.76,0.99,12.83,0.77
2017-02-17,600615,1303.73,1289.48,1315.85,1288.76,18454,36364382.0,2.07,-1.68,-22.09,0.98
2017-02-20,600615,1275.22,1283.77,1296.6,1260.97,21200,41134633.0,2.76,-0.44,-5.71,1.13
2017-02-21,600615,1287.34,1288.76,1290.9,1276.65,17032,33184853.0,1.11,0.39,4.99,0.91
2017-02-22,600615,1292.33,1283.06,1296.6,1272.37,17971,35036766.0,1.88,-0.44,-5.7,0.96
2017-02-23,600615,1284.49,1278.07,1287.34,1265.96,18247,35312141.0,1.67,-0.39,-4.99,0.97
2017-02-24,600615,1273.08,1280.92,1288.76,1272.37,15552,30151816.0,1.28,0.22,2.85,0.83
2017-02-27,600615,1284.49,1295.89,1296.6,1271.66,17058,33322317.0,1.95,1.17,14.97,0.91
2017-02-28,600615,1295.89,1289.48,1298.74,1280.21,11370,22212686.0,1.43,-0.49,-6.41,0.61
2017-03-01,600615,1289.48,1307.29,1312.99,1280.21,22753,44801602.0,2.54,1.38,17.81,1.21
2017-03-02,600615,1310.86,1295.89,1311.57,1290.9,18257,35985797.0,1.58,-0.87,-11.4,0.97
2017-03-03,600615,1293.04,1281.64,1298.03,1266.67,15380,29845251.0,2.42,-1.1,-14.25,0.82
2017-03-06,600615,1280.92,1324.4,1384.27,1271.66,51451,103250931.0,8.79,3.34,42.76,2.74
2017-03-07,600615,1319.41,1302.3,1320.83,1300.17,27498,54534705.0,1.56,-1.67,-22.1,1.47
2017-03-08,600615,1301.59,1305.16,1317.27,1297.32,17037,33685965.0,1.53,0.22,2.86,0.91
2017-03-09,600615,1304.44,1303.02,1312.99,1298.74,15466,30618791.0,1.09,-0.16,-2.14,0.82
2017-03-10,600615,1303.02,1304.44,1320.12,1297.32,16834,33381239.0,1.75,0.11,1.42,0.9
2017-03-13,600615,1304.44,1298.74,1310.86,1278.79,13729,26905964.0,2.46,-0.44,-5.7,0.73
2017-03-14,600615,1306.58,1298.74,1306.58,1288.76,10965,21527646.0,1.37,0.0,0.0,0.58
2017-03-15,600615,1299.45,1288.76,1301.59,1278.79,15549,30353986.0,1.76,-0.77,-9.98,0.83
2017-03-16,600615,1295.18,1300.17,1303.73,1283.06,17813,35035439.0,1.6,0.89,11.41,0.95
2017-03-17,600615,1301.59,1298.03,1310.14,1293.04,13053,25774344.0,1.32,-0.16,-2.14,0.7
2017-03-20,600615,1298.03,1315.85,1321.55,1295.18,22490,44745826.0,2.03,1.37,17.82,1.2
2017-03-21,600615,1315.85,1310.86,1325.82,1301.59,14037,27922156.0,1.84,-0.38,-4.99,0.75
2017-03-22,600615,1307.29,1284.49,1307.29,1277.36,16834,32844138.0,2.28,-2.01,-26.37,0.9
2017-03-23,600615,1284.49,1268.09,1291.61,1235.31,19547,37544727.0,4.38,-1.28,-16.4,1.04
2017-03-24,600615,1270.95,1279.5,1287.34,1270.95,12551,24358620.0,1.29,0.9,11.41,0.67
2017-03-27,600615,1279.5,1258.12,1289.48,1255.27,14329,27574762.0,2.67,-1.67,-21.38,0.76
2017-03-28,600615,1258.83,1263.82,1282.35,1255.27,14749,28376836.0,2.15,0.45,5.7,0.79
2017-03-29,600615,1271.66,1234.6,1274.51,1232.46,13646,25925471.0,3.33,-2.31,-29.22,0.73
2017-03-30,600615,1243.15,1156.91,1243.15,1146.93,37926,68051234.0,7.79,-6.29,-77.69,2.02
2017-03-31,600615,1145.51,1156.91,1175.44,1145.51,16779,29714599.0,2.59,0.0,0.0,0.89
2017-04-05,600615,1191.84,1205.38,1213.22,1168.32,26686,48665404.0,3.88,4.19,48.47,1.42
2017-04-06,600615,1206.09,1208.23,1226.76,1193.97,24425,45197239.0,2.72,0.24,2.85,1.3
2017-04-07,600615,1208.23,1213.93,1221.77,1203.95,13001,24081149.0,1.47,0.47,5.7,0.69
2017-04-10,600615,1213.22,1198.25,1213.22,1172.59,26849,48596820.0,3.35,-1.29,-15.68,1.43
2017-04-11,600615,1205.38,1242.44,1250.28,1185.42,31860,58698001.0,5.41,3.69,44.19,1.7
2017-04-12,600615,1237.45,1221.06,1237.45,1201.1,19962,37157661.0,2.93,-1.72,-21.38,1.06
2017-04-13,600615,1220.34,1219.63,1234.6,1207.51,15245,28388888.0,2.22,-0.12,-1.43,0.81
2017-04-14,600615,1212.5,1175.44,1217.49,1165.47,20777,37399984.0,4.27,-3.62,-44.19,1.11
2017-04-17,600615,1162.61,1191.84,1199.67,1130.54,22208,39583139.0,5.88,1.4,16.4,1.18
2017-04-18,600615,1184.71,1151.21,1191.12,1150.5,25467,45592891.0,3.41,-3.41,-40.63,1.36
2017-04-19,600615,1143.37,1059.27,1143.37,1030.05,33124,54529311.0,9.84,-7.99,-91.94,1.77
2017-04-20,600615,1059.27,1038.6,1067.11,967.33,49145,76934144.0,9.42,-1.95,-20.67,2.62
2017-04-21,600615,1015.08,996.55,1032.19,990.14,19581,30537712.0,4.05,-4.05,-42.05,1.04
2017-04-24,600615,994.42,971.61,1003.68,929.56,20689,31192876.0,7.44,-2.5,-24.94,1.1
2017-04-25,600615,964.48,961.63,975.89,959.49,13616,20488198.0,1.69,-1.03,-9.98,0.73
2017-04-26,600615,963.06,964.48,972.32,961.63,9841,14787103.0,1.11,0.3,2.85,0.52
2017-04-27,600615,964.48,980.87,986.58,942.39,15769,23667207.0,4.58,1.7,16.39,0.84
2017-04-28,600615,978.74,995.13,997.27,969.47,12152,18555167.0,2.83,1.45,14.26,0.65
2017-05-02,600615,1003.68,996.55,1007.96,986.58,15299,23622193.0,2.15,0.14,1.42,0.82
2017-05-03,600615,1000.12,978.74,1005.11,972.32,12860,19641628.0,3.29,-1.79,-17.81,0.69
2017-05-04,600615,978.02,983.73,1002.26,970.9,13661,20953796.0,3.2,0.51,4.99,0.73
2017-05-05,600615,987.29,988.71,998.69,968.76,17305,26443939.0,3.04,0.51,4.98,0.92
2017-05-08,600615,988.71,972.32,994.42,947.38,13913,21003057.0,4.76,-1.66,-16.39,0.74
2017-05-09,600615,963.06,1012.23,1038.6,954.5,52917,83032495.0,8.65,4.1,39.91,2.82
2017-05-10,600615,1015.8,1010.1,1034.33,995.84,44927,70638057.0,3.8,-0.21,-2.13,2.39
2017-05-11,600615,1000.83,976.6,1000.83,958.07,25722,38919278.0,4.23,-3.32,-33.5,1.37
2017-05-12,600615,970.9,985.86,992.99,970.9,15402,23509071.0,2.26,0.95,9.26,0.82
2017-05-15,600615,979.45,990.85,995.13,979.45,12097,18545059.0,1.59,0.51,4.99,0.64
2017-05-16,600615,991.57,1010.81,1013.66,983.73,18166,28203975.0,3.02,2.01,19.96,0.97
2017-05-17,600615,1004.39,1010.81,1016.51,1002.26,15597,24350290.0,1.41,0.0,0.0,0.83
2017-05-18,600615,1007.96,978.74,1007.96,978.02,17352,26622290.0,2.96,-3.17,-32.07,0.92
2017-05-19,600615,973.03,990.14,992.28,973.03,11062,16863334.0,1.97,1.16,11.4,0.59
2017-05-22,600615,993.7,950.94,993.7,943.81,17916,26983643.0,5.04,-3.96,-39.2,0.95
2017-05-23,600615,943.81,886.09,966.62,885.37,18488,26830847.0,8.54,-6.82,-64.85,0.99
2017-05-24,600615,884.66,871.83,884.66,844.04,17831,24198690.0,4.58,-1.61,-14.26,0.95
2017-05-25,600615,870.41,872.54,880.38,830.49,16836,22768052.0,5.72,0.08,0.71,0.9
2017-05-26,600615,873.97,884.66,887.51,870.41,14269,19730195.0,1.96,1.39,12.12,0.76
2017-05-31,600615,908.18,911.74,928.85,893.92,25125,35929725.0,3.95,3.06,27.08,1.34
2017-06-01,600615,908.18,923.86,930.99,897.49,38113,55035859.0,3.67,1.33,12.12,2.03
2017-06-02,600615,898.2,919.58,926.71,897.49,16979,24182035.0,3.16,-0.46,-4.28,0.9
2017-06-05,600615,911.74,923.15,940.25,911.74,8205,11842300.0,3.1,0.39,3.57,0.44
2017-06-06,600615,919.58,926.71,932.41,915.31,6517,9387221.0,1.85,0.39,3.56,0.35
2017-06-07,600615,926.71,948.09,949.52,916.73,17628,25668520.0,3.54,2.31,21.38,0.94
2017-06-08,600615,943.81,939.54,947.38,933.84,11851,17344476.0,1.43,-0.9,-8.55,0.63
2017-06-09,600615,940.25,950.94,957.36,930.27,14534,21438162.0,2.88,1.21,11.4,0.77
2017-06-12,600615,952.37,982.3,990.14,931.7,25569,38326097.0,6.15,3.3,31.36,1.36
2017-06-13,600615,978.02,981.59,992.28,969.47,14523,22110405.0,2.32,-0.07,-0.71,0.77
2017-06-14,600615,981.59,964.48,989.43,958.07,15778,23743624.0,3.19,-1.74,-17.11,0.84
2017-06-15,600615,957.36,969.47,975.17,957.36,10008,15078449.0,1.85,0.52,4.99,0.53
2017-06-16,600615,968.05,966.62,983.73,966.62,8599,13003777.0,1.76,-0.29,-2.85,0.46
2017-06-19,600615,971.61,977.31,983.73,965.2,6955,10545445.0,1.92,1.11,10.69,0.37
2017-06-20,600615,972.32,974.46,982.3,972.32,7611,11546914.0,1.02,-0.29,-2.85,0.41
2017-06-21,600615,974.46,983.73,985.15,973.03,7262,11032527.0,1.24,0.95,9.27,0.39
2017-06-22,600615,982.3,987.29,1015.8,976.6,32355,50006025.0,3.98,0.36,3.56,1.72
2017-06-23,600615,980.16,1055.71,1093.48,980.16,76057,122410863.0,11.48,6.93,68.42,4.05
2017-06-26,600615,1042.17,1033.61,1044.31,1015.08,43696,69338546.0,2.77,-2.09,-22.1,2.33
2017-06-27,600615,1022.92,1022.21,1033.61,1017.94,25571,40505200.0,1.52,-1.1,-11.4,1.36
2017-06-28,600615,1012.23,1025.06,1035.75,1002.97,26439,41707460.0,3.21,0.28,2.85,1.41
2017-06-29,600615,1027.2,1009.38,1029.34,1007.96,15341,24127300.0,2.09,-1.53,-15.68,0.82
2017-06-30,600615,1007.96,1024.35,1035.04,1007.96,24115,38141867.0,2.68,1.48,14.97,1.29
2017-07-03,600615,1025.78,1037.18,1052.15,1025.78,34343,55190690.0,2.57,1.25,12.83,1.83
2017-07-04,600615,1028.63,1022.21,1040.03,1015.08,18185,28832923.0,2.41,-1.44,-14.97,0.97
2017-07-05,600615,1015.08,1022.21,1023.64,1004.39,18271,28683171.0,1.88,0.0,0.0,0.97
2017-07-06,600615,1022.21,1012.23,1028.63,1002.26,19539,30565488.0,2.58,-0.98,-9.98,1.04
2017-07-07,600615,1012.23,1022.92,1023.64,1000.83,21251,33285199.0,2.25,1.06,10.69,1.13
2017-07-10,600615,1025.78,1020.79,1038.6,1017.22,34167,54204203.0,2.09,-0.21,-2.13,1.82
2017-07-11,600615,1015.08,995.84,1015.08,993.7,24644,38265893.0,2.09,-2.44,-24.95,1.31
2017-07-12,600615,989.43,990.14,1002.97,979.45,14384,22051010.0,2.36,-0.57,-5.7,0.77
2017-07-13,600615,988.0,997.98,1005.11,979.45,14536,22367449.0,2.59,0.79,7.84,0.77
2017-07-14,600615,999.41,998.69,1003.68,983.01,12475,19229708.0,2.07,0.07,0.71,0.66
2017-07-17,600615,1002.97,888.94,1003.68,888.22,32756,47217733.0,11.56,-10.99,-109.75,1.75
2017-07-18,600615,890.36,922.43,926.71,890.36,15522,22024137.0,4.09,3.77,33.49,0.83
2017-07-19,600615,918.87,950.94,960.92,908.18,15925,23487633.0,5.72,3.09,28.51,0.85
2017-07-20,600615,944.53,953.79,958.07,940.25,18402,27181835.0,1.87,0.3,2.85,0.98
2017-07-21,600615,952.37,955.22,963.77,949.52,13199,19634708.0,1.49,0.15,1.43,0.7
2017-07-24,600615,959.49,981.59,997.98,958.07,32887,50241839.0,4.18,2.76,26.37,1.75
2017-07-25,600615,975.89,969.47,993.7,968.76,19104,28941823.0,2.54,-1.23,-12.12,1.02
2017-07-26,600615,968.76,1000.12,1002.26,968.76,36330,55867741.0,3.46,3.16,30.65,1.94
2017-07-27,600615,999.41,1016.51,1022.92,978.74,32532,50461341.0,4.42,1.64,16.39,1.73
2017-07-28,600615,1011.52,1041.45,1043.59,1000.12,47045,74618273.0,4.28,2.45,24.94,2.51
2017-07-31,600615,1047.16,1035.04,1084.93,1009.38,122689,198446942.0,7.25,-0.62,-6.41,6.54
2017-08-01,600615,1025.78,1035.04,1036.47,1005.11,71051,112345735.0,3.03,0.0,0.0,3.79
2017-08-02,600615,1022.21,1013.66,1035.04,1005.82,41839,65883403.0,2.82,-2.07,-21.38,2.23
2017-08-03,600615,1025.06,1033.61,1055.71,1007.96,61181,97697094.0,4.71,1.97,19.95,3.26
2017-08-04,600615,1064.97,1023.64,1068.54,1022.21,69365,111645032.0,4.48,-0.96,-9.97,3.7
2017-08-07,600615,1024.35,1008.67,1030.05,992.99,42314,65734882.0,3.62,-1.46,-14.97,2.26
2017-08-08,600615,1008.67,1021.5,1041.45,1008.67,49336,78313878.0,3.25,1.27,12.83,2.63
2017-08-09,600615,1025.06,1010.1,1026.49,1000.83,31059,48488554.0,2.51,-1.12,-11.4,1.66
2017-08-10,600615,1007.96,988.0,1023.64,981.59,31734,49159053.0,4.16,-2.19,-22.1,1.69
2017-08-11,600615,979.45,1002.26,1016.51,965.2,52093,80697958.0,5.19,1.44,14.26,2.78
2017-08-14,600615,1002.26,1027.2,1040.74,1000.83,38487,60971954.0,3.98,2.49,24.94,2.05
2017-08-15,600615,1035.75,1032.19,1039.32,1020.07,37854,60193333.0,1.87,0.49,4.99,2.02
2017-08-16,600615,1032.19,1038.6,1040.03,1020.79,34454,54750268.0,1.86,0.62,6.41,1.84
2017-08-17,600615,1040.03,1049.29,1057.13,1040.03,41257,66654425.0,1.65,1.03,10.69,2.2
2017-08-18,600615,1038.6,1031.48,1038.6,1020.79,32533,51678501.0,1.7,-1.7,-17.81,1.73
2017-08-21,600615,1030.76,1032.9,1035.75,1022.92,23165,36839792.0,1.24,0.14,1.42,1.23
2017-08-22,600615,1036.47,1016.51,1036.47,1012.95,21702,34387589.0,2.28,-1.59,-16.39,1.16
2017-08-23,600615,1022.21,1043.59,1047.16,1003.68,45386,71987866.0,4.28,2.66,27.08,2.42
2017-08-24,600615,1049.29,1044.31,1050.72,1031.48,29409,47213341.0,1.84,0.07,0.72,1.57
2017-08-25,600615,1036.47,1052.86,1054.28,1036.47,34700,56062736.0,1.71,0.82,8.55,1.85
2017-08-28,600615,1052.15,1055.71,1059.27,1043.59,28055,45511000.0,1.49,0.27,2.85,1.5
2017-08-29,600615,1059.27,1060.7,1062.12,1047.16,29699,48211851.0,1.42,0.47,4.99,1.58
2017-08-30,600615,1057.85,1064.97,1082.79,1055.0,30567,50227870.0,2.62,0.4,4.27,1.63
2017-08-31,600615,1055.71,1055.71,1067.11,1040.03,23001,37179375.0,2.54,-0.87,-9.26,1.23
2017-09-01,600615,1055.71,1044.31,1055.71,1038.6,26767,43204475.0,1.62,-1.08,-11.4,1.43
2017-09-04,600615,1063.55,1046.44,1063.55,1042.88,39843,64507941.0,1.98,0.2,2.13,2.12
2017-09-05,600615,1037.89,1037.18,1052.15,1032.9,28502,45787214.0,1.84,-0.88,-9.26,1.52
2017-09-06,600615,1037.18,1030.05,1040.03,1018.65,20993,33305521.0,2.06,-0.69,-7.13,1.12
2017-09-07,600615,1030.05,1029.34,1038.6,1027.2,17343,27688194.0,1.11,-0.07,-0.71,0.92
2017-09-08,600615,1027.91,1035.75,1039.32,1020.07,16636,26484019.0,1.87,0.62,6.41,0.89
2017-09-11,600615,1035.04,1033.61,1037.89,1027.2,15732,25086519.0,1.03,-0.21,-2.14,0.84
2017-09-12,600615,1033.61,1037.18,1040.74,1029.34,23925,38243119.0,1.1,0.35,3.57,1.28
2017-09-13,600615,1037.89,1045.73,1046.44,1026.49,33419,53609348.0,1.92,0.82,8.55,1.78
2017-09-14,600615,1048.58,1033.61,1052.15,1022.92,25017,40033535.0,2.8,-1.16,-12.12,1.33
2017-09-15,600615,1027.2,1020.79,1035.75,1019.36,13778,21807351.0,1.59,-1.24,-12.82,0.73
2017-09-18,600615,1020.79,1040.74,1045.02,1017.22,19465,30954411.0,2.72,1.95,19.95,1.04
2017-09-19,600615,1036.47,1026.49,1043.59,1021.5,12635,20103120.0,2.12,-1.37,-14.25,0.67
2017-09-20,600615,1026.49,1048.58,1049.29,1017.94,28914,46436699.0,3.05,2.15,22.09,1.54
2017-09-21,600615,1047.87,1030.76,1054.28,1024.35,21303,34251274.0,2.85,-1.7,-17.82,1.14
2017-09-22,600615,1033.61,1005.11,1036.47,1000.83,17798,27877693.0,3.46,-2.49,-25.65,0.95
2017-09-25,600615,1009.38,984.44,1020.79,983.73,11344,17578868.0,3.69,-2.06,-20.67,0.6
2017-09-26,600615,975.17,990.85,1006.53,975.17,11371,17492793.0,3.19,0.65,6.41,0.61
2017-09-27,600615,990.85,1007.24,1014.37,990.85,11965,18585321.0,2.37,1.65,16.39,0.64
2017-09-28,600615,1007.24,991.57,1012.23,990.85,9115,14167985.0,2.12,-1.56,-15.67,0.49
2017-09-29,600615,1000.12,1017.22,1022.21,986.58,13750,21483841.0,3.59,2.59,25.65,0.73
2017-10-09,600615,1024.35,1028.63,1029.34,1020.07,16464,26088252.0,0.91,1.12,11.41,0.88
2017-10-10,600615,1028.63,1027.91,1034.33,1021.5,21168,33621330.0,1.25,-0.07,-0.72,1.13
2017-10-11,600615,1029.34,1030.05,1034.33,1023.64,17635,28051077.0,1.04,0.21,2.14,0.94
2017-10-12,600615,1027.91,1026.49,1032.19,1015.8,11186,17695218.0,1.59,-0.35,-3.56,0.6
2017-10-13,600615,1023.64,1022.92,1025.78,1011.52,13429,21140247.0,1.39,-0.35,-3.57,0.72
2017-10-16,600615,1022.21,995.84,1027.2,994.42,20043,31446572.0,3.2,-2.65,-27.08,1.07
2017-10-17,600615,995.84,992.28,1008.67,990.85,9555,14790302.0,1.79,-0.36,-3.56,0.51
2017-10-18,600615,1002.97,964.48,1002.97,953.79,16876,25576929.0,4.96,-2.8,-27.8,0.9
2017-10-19,600615,965.2,963.06,973.03,949.52,9956,14879699.0,2.44,-0.15,-1.42,0.53
2017-10-20,600615,963.06,978.74,988.71,958.07,12969,19726651.0,3.18,1.63,15.68,0.69
2017-10-23,600615,985.15,978.02,985.15,971.61,9376,14232981.0,1.38,-0.07,-0.72,0.5
2017-10-24,600615,982.3,961.63,982.3,956.64,12450,18693823.0,2.62,-1.68,-16.39,0.66
2017-10-25,600615,965.91,969.47,973.03,958.07,11032,16562148.0,1.56,0.82,7.84,0.59
2017-10-26,600615,969.47,978.02,981.59,964.48,13963,21108601.0,1.76,0.88,8.55,0.74
2017-10-27,600615,983.73,975.89,984.44,970.18,15057,22812229.0,1.46,-0.22,-2.13,0.8
2017-10-30,600615,979.45,922.43,979.45,915.31,36433,52805740.0,6.57,-5.48,-53.46,1.94
2017-10-31,600615,925.28,926.71,928.85,908.18,14811,21276592.0,2.24,0.46,4.28,0.79
2017-11-01,600615,925.28,919.58,926.71,913.17,17953,25748902.0,1.46,-0.77,-7.13,0.96
2017-11-02,600615,920.29,907.47,921.72,902.48,15323,21767488.0,2.09,-1.32,-12.11,0.82
2017-11-03,600615,909.6,884.66,910.32,871.83,19081,26609096.0,4.24,-2.51,-22.81,1.02
2017-11-06,600615,885.37,890.36,893.21,864.7,14056,19350675.0,3.22,0.64,5.7,0.75
2017-11-07,600615,890.36,888.94,891.79,873.97,15287,21194764.0,2.0,-0.16,-1.42,0.81
2017-11-08,600615,900.34,921.72,922.43,895.35,42754,60768103.0,3.05,3.69,32.78,2.28
2017-11-09,600615,918.16,906.04,918.16,903.9,19484,27733161.0,1.55,-1.7,-15.68,1.04
2017-11-10,600615,906.04,906.75,913.17,901.05,14327,20285931.0,1.34,0.08,0.71,0.76
2017-11-13,600615,913.17,920.29,928.13,908.89,20112,28839733.0,2.12,1.49,13.54,1.07
2017-11-14,600615,921.01,898.2,927.42,895.35,22374,31785153.0,3.48,-2.4,-22.09,1.19
2017-11-15,600615,897.49,900.34,901.76,886.8,9643,13507561.0,1.67,0.24,2.14,0.51
2017-11-16,600615,898.91,871.12,899.63,865.42,12658,17596275.0,3.8,-3.25,-29.22,0.67
2017-11-17,600615,872.54,821.94,876.11,819.09,25380,33727150.0,6.55,-5.65,-49.18,1.35
2017-11-20,600615,814.1,821.94,836.2,775.62,12992,16687060.0,7.37,0.0,0.0,0.69
2017-11-21,600615,819.8,822.65,826.93,811.96,9868,12788076.0,1.82,0.09,0.71,0.53
2017-11-22,600615,824.79,831.92,847.6,823.37,18926,24970876.0,2.95,1.13,9.27,1.01
2017-11-23,600615,833.34,859.0,908.18,833.34,44886,61500879.0,9.0,3.26,27.08,2.39
2017-11-24,600615,846.17,861.14,876.82,841.18,20522,27889633.0,4.15,0.25,2.14,1.09
2017-11-27,600615,864.7,841.9,864.7,836.91,13325,17817033.0,3.23,-2.23,-19.24,0.71
2017-11-28,600615,844.75,861.14,863.99,829.78,14018,18606695.0,4.06,2.29,19.24,0.75
2017-11-29,600615,856.86,879.67,883.23,841.18,19683,26720156.0,4.88,2.15,18.53,1.05
2017-11-30,600615,878.25,872.54,892.5,863.99,28154,38946793.0,3.24,-0.81,-7.13,1.5
2017-12-01,600615,863.99,867.55,879.67,863.99,14554,19880563.0,1.8,-0.57,-4.99,0.78
2017-12-04,600615,865.42,839.05,870.41,838.33,12234,16400302.0,3.7,-3.29,-28.5,0.65
2017-12-05,600615,839.05,827.64,848.31,784.17,13697,17896748.0,7.64,-1.36,-11.41,0.73
2017-12-06,600615,822.65,831.21,841.18,808.4,11646,15244224.0,3.96,0.43,3.57,0.62
2017-12-07,600615,831.21,836.91,837.62,829.78,7068,9298534.0,0.94,0.69,5.7,0.38
2017-12-08,600615,831.92,840.47,844.04,829.78,7966,10533741.0,1.7,0.43,3.56,0.42
2017-12-11,600615,842.61,849.02,850.45,838.33,6272,8351203.0,1.44,1.02,8.55,0.33
2017-12-12,600615,844.75,850.45,868.27,839.76,12360,16639616.0,3.36,0.17,1.43,0.66
2017-12-13,600615,854.01,853.3,854.73,839.76,6185,8257727.0,1.76,0.34,2.85,0.33
2017-12-14,600615,846.17,841.18,856.15,839.76,7500,9975685.0,1.92,-1.42,-12.12,0.4
2017-12-15,600615,837.62,823.37,838.33,814.1,10697,13963073.0,2.88,-2.12,-17.81,0.57
2017-12-18,600615,833.34,820.52,833.34,814.81,6275,8132909.0,2.25,-0.35,-2.85,0.33
2017-12-19,600615,820.52,824.79,830.49,820.52,5216,6805736.0,1.22,0.52,4.27,0.28
2017-12-20,600615,826.22,823.37,831.92,822.65,7119,9306010.0,1.12,-0.17,-1.42,0.38
2017-12-21,600615,821.23,820.52,828.36,812.68,7934,10277133.0,1.9,-0.35,-2.85,0.42
2017-12-22,600615,822.65,829.07,834.06,821.23,7452,9750523.0,1.56,1.04,8.55,0.4
2017-12-25,600615,829.78,836.91,850.45,829.78,16491,21833194.0,2.49,0.95,7.84,0.88
2017-12-26,600615,831.92,839.76,839.76,822.65,11563,15158053.0,2.04,0.34,2.85,0.62
2017-12-27,600615,841.18,829.07,841.18,828.36,7779,10229296.0,1.53,-1.27,-10.69,0.41
2017-12-28,600615,824.79,844.75,847.6,824.08,15041,19841609.0,2.84,1.89,15.68,0.8
2017-12-29,600615,848.31,841.18,848.31,836.2,9061,12005562.0,1.43,-0.42,-3.57,0.48
2018-01-02,600615,841.18,844.04,844.75,834.06,12100,16024378.0,1.27,0.34,2.86,0.64
2018-01-03,600615,845.46,850.45,854.73,844.75,25678,34385574.0,1.18,0.76,6.41,1.37
2018-01-04,600615,854.01,856.15,859.0,849.02,19450,26136976.0,1.17,0.67,5.7,1.04
2018-01-05,600615,858.29,849.74,868.27,846.89,14065,18870458.0,2.5,-0.75,-6.41,0.75
2018-01-08,600615,854.01,859.0,861.85,841.18,25131,33799306.0,2.43,1.09,9.26,1.34
2018-01-09,600615,859.0,854.73,863.99,851.16,11731,15782321.0,1.49,-0.5,-4.27,0.63
2018-01-10,600615,854.01,834.77,854.01,824.79,14944,19763541.0,3.42,-2.34,-19.96,0.8
2018-01-11,600615,831.21,836.2,839.76,825.51,9680,12731202.0,1.71,0.17,1.43,0.52
2018-01-12,600615,836.2,830.49,838.33,828.36,6688,8786195.0,1.19,-0.68,-5.71,0.36
2018-01-15,600615,828.36,804.84,834.77,794.15,16438,21102345.0,4.89,-3.09,-25.65,0.88
2018-01-16,600615,804.84,809.11,814.81,794.86,7720,9882032.0,2.48,0.53,4.27,0.41
2018-01-17,600615,804.84,813.39,814.81,797.71,11326,14487213.0,2.11,0.53,4.28,0.6
2018-01-18,600615,813.39,811.96,821.94,802.7,6945,8922928.0,2.37,-0.18,-1.43,0.37
2018-01-19,600615,812.68,806.97,814.1,803.41,7478,9563299.0,1.32,-0.61,-4.99,0.4
2018-01-22,600615,806.97,805.55,808.4,791.3,11329,14359386.0,2.12,-0.18,-1.42,0.6
2018-01-23,600615,806.97,812.68,814.1,800.56,10840,13858561.0,1.68,0.89,7.13,0.58
2018-01-24,600615,816.95,809.83,817.67,803.41,10445,13379995.0,1.75,-0.35,-2.85,0.56
2018-01-25,600615,809.83,811.25,819.09,807.69,13483,17357952.0,1.41,0.18,1.42,0.72
2018-01-26,600615,809.83,808.4,817.67,807.69,10416,13373426.0,1.23,-0.35,-2.85,0.56
2018-01-29,600615,809.11,843.32,877.53,796.28,56276,74400418.0,10.05,4.32,34.92,3.0
2018-01-30,600615,831.21,830.49,842.61,819.8,26594,34727258.0,2.7,-1.52,-12.83,1.42
2018-01-31,600615,822.65,800.56,825.51,755.66,26636,33456077.0,8.41,-3.6,-29.93,1.42
2018-02-01,600615,792.01,710.05,792.01,710.05,27829,33064222.0,10.24,-11.31,-90.51,1.48
2018-02-02,600615,665.86,681.54,701.49,665.86,21288,23568022.0,5.02,-4.02,-28.51,1.13
2018-02-05,600615,683.68,680.11,685.1,657.31,16517,18016276.0,4.08,-0.21,-1.43,0.88
2018-02-06,600615,660.87,663.72,692.94,657.31,24449,26713213.0,5.24,-2.41,-16.39,1.3
2018-02-07,600615,674.41,692.23,704.35,644.48,23280,25702407.0,9.02,4.3,28.51,1.24
2018-02-08,600615,684.39,722.16,726.44,681.54,21952,25243255.0,6.49,4.32,29.93,1.17
2018-02-09,600615,691.52,701.49,705.06,686.53,12801,14370607.0,2.57,-2.86,-20.67,0.68
2018-02-12,600615,705.77,714.32,727.15,701.49,8929,10227641.0,3.66,1.83,12.83,0.48
2018-02-13,600615,709.33,710.05,726.44,708.62,5542,6371152.0,2.49,-0.6,-4.27,0.3
2018-02-14,600615,717.17,712.19,717.17,700.07,3945,4501831.0,2.41,0.3,2.14,0.21
2018-02-22,600615,718.6,716.46,723.59,710.05,5274,6062010.0,1.9,0.6,4.27,0.28
2018-02-23,600615,711.47,710.05,719.31,708.62,8017,9183893.0,1.49,-0.89,-6.41,0.43
2018-02-26,600615,710.05,718.6,720.02,706.48,12239,14051867.0,1.91,1.2,8.55,0.65
2018-02-27,600615,719.31,717.17,720.02,712.19,10472,12064866.0,1.09,-0.2,-1.43,0.56
2018-02-28,600615,714.32,730.72,756.37,704.35,17665,20740388.0,7.25,1.89,13.55,0.94
2018-03-01,600615,723.59,732.14,733.57,723.59,8811,10308645.0,1.37,0.19,1.42,0.47
2018-03-02,600615,729.29,720.02,734.28,718.6,8973,10445125.0,2.14,-1.66,-12.12,0.48
2018-03-05,600615,720.02,716.46,722.88,709.33,6696,7695677.0,1.88,-0.49,-3.56,0.36
2018-03-06,600615,714.32,717.89,720.74,709.33,13604,15654374.0,1.59,0.2,1.43,0.73
2018-03-07,600615,719.31,730.0,741.41,717.89,18865,22087925.0,3.28,1.69,12.11,1.01
2018-03-08,600615,730.0,730.72,733.57,719.31,11950,13924755.0,1.95,0.1,0.72,0.64
2018-03-09,600615,732.85,742.83,746.4,726.44,14134,16677453.0,2.73,1.66,12.11,0.75
2018-03-12,600615,745.68,752.1,753.52,735.7,19909,23710627.0,2.4,1.25,9.27,1.06
2018-03-13,600615,750.67,744.97,754.23,742.83,11186,13385836.0,1.52,-0.95,-7.13,0.6
2018-03-14,600615,737.84,737.13,748.53,734.28,10443,12367481.0,1.91,-1.05,-7.84,0.56
2018-03-15,600615,730.0,720.02,742.83,708.62,12245,14180100.0,4.64,-2.32,-17.11,0.65
2018-03-16,600615,718.6,724.3,733.57,715.75,7094,8253108.0,2.47,0.59,4.28,0.38
2018-03-19,600615,724.3,744.97,747.82,717.17,13394,15703886.0,4.23,2.85,20.67,0.71
2018-03-20,600615,782.03,763.5,814.1,757.09,53317,66198999.0,7.65,2.49,18.53,2.84
2018-03-21,600615,752.81,732.14,771.34,726.44,26753,32331428.0,5.88,-4.11,-31.36,1.43
2018-03-22,600615,726.44,741.41,752.1,726.44,17313,20572274.0,3.5,1.27,9.27,0.92
2018-03-23,600615,709.33,703.63,739.98,677.26,23385,26522076.0,8.46,-5.1,-37.78,1.25
2018-03-26,600615,696.51,701.49,702.92,664.43,13413,14831843.0,5.47,-0.3,-2.14,0.71
2018-03-27,600615,715.75,716.46,728.58,701.49,18444,21260255.0,3.86,2.13,14.97,0.98
2018-03-28,600615,705.77,708.62,719.31,705.06,9150,10489005.0,1.99,-1.09,-7.84,0.49
2018-03-29,600615,710.05,732.85,733.57,710.05,14779,17184847.0,3.32,3.42,24.23,0.79
2018-03-30,600615,735.7,732.85,739.27,725.73,22187,26057292.0,1.85,0.0,0.0,1.18
2018-04-02,600615,736.42,715.75,757.8,714.32,19802,23080938.0,5.93,-2.33,-17.1,1.06
2018-04-03,600615,705.06,701.49,718.6,684.39,12286,13879255.0,4.78,-1.99,-14.26,0.65
2018-04-04,600615,710.76,697.93,710.76,697.22,9645,10914362.0,1.93,-0.51,-3.56,0.51
2018-04-09,600615,682.25,693.65,714.32,682.25,10811,12124772.0,4.6,-0.61,-4.28,0.58
2018-04-10,600615,700.78,697.93,705.06,686.53,11590,12989615.0,2.67,0.62,4.28,0.62
2018-04-11,600615,701.49,706.48,710.05,697.93,12328,13987308.0,1.74,1.23,8.55,0.66
2018-04-12,600615,706.48,700.07,707.91,694.37,7859,8882622.0,1.92,-0.91,-6.41,0.42
2018-04-13,600615,706.48,700.07,706.48,697.22,10602,11988185.0,1.32,0.0,0.0,0.57
2018-04-16,600615,697.93,681.54,698.64,680.11,10508,11671964.0,2.65,-2.65,-18.53,0.56
2018-04-17,600615,694.37,670.14,694.37,665.86,9677,10614960.0,4.18,-1.67,-11.4,0.52
2018-04-18,600615,676.55,682.25,687.95,652.32,10537,11404495.0,5.32,1.81,12.11,0.56
2018-04-19,600615,685.1,690.8,700.07,674.41,19701,21870410.0,3.76,1.25,8.55,1.05
2018-04-20,600615,689.38,667.28,690.09,665.86,9342,10196331.0,3.51,-3.4,-23.52,0.5
2018-04-23,600615,660.87,667.28,676.55,660.87,4981,5382590.0,2.35,0.0,0.0,0.27
2018-04-24,600615,673.7,681.54,685.1,665.86,6562,7196809.0,2.88,2.14,14.26,0.35
2018-04-25,600615,673.7,680.11,685.82,672.99,5286,5814252.0,1.88,-0.21,-1.43,0.28
2018-04-26,600615,676.55,674.41,685.1,672.99,4944,5426727.0,1.78,-0.84,-5.7,0.26
2018-04-27,600615,672.99,665.15,678.69,659.45,14663,15945788.0,2.85,-1.37,-9.26,0.78
2018-05-02,600615,658.73,635.93,660.16,625.95,17821,18617363.0,5.14,-4.39,-29.22,0.95
2018-05-03,600615,630.22,635.21,639.49,610.98,10325,10577786.0,4.48,-0.11,-0.72,0.55
2018-05-04,600615,635.21,634.5,636.64,626.66,7006,7237926.0,1.57,-0.11,-0.71,0.37
2018-05-07,600615,634.5,648.04,653.74,634.5,9250,9724348.0,3.03,2.13,13.54,0.49
2018-05-08,600615,645.19,651.61,653.74,642.34,5757,6071336.0,1.76,0.55,3.57,0.31
2018-05-09,600615,654.46,649.47,654.46,643.77,5697,6005329.0,1.64,-0.33,-2.14,0.3
2018-05-10,600615,653.03,651.61,653.74,646.62,7926,8380359.0,1.1,0.33,2.14,0.42
2018-05-11,600615,650.18,638.78,650.89,638.78,6890,7225424.0,1.86,-1.97,-12.83,0.37
2018-05-14,600615,641.63,639.49,645.9,637.35,6482,6781215.0,1.34,0.11,0.71,0.35
2018-05-15,600615,646.62,646.62,647.33,635.93,5751,6016557.0,1.78,1.11,7.13,0.31
2018-05-16,600615,646.62,644.48,650.18,641.63,5479,5764226.0,1.32,-0.33,-2.14,0.29
2018-05-17,600615,644.48,635.93,644.48,632.36,7178,7470666.0,1.88,-1.33,-8.55,0.38
2018-05-18,600615,635.93,638.78,640.91,630.22,6529,6776643.0,1.68,0.45,2.85,0.35
2018-05-21,600615,638.78,693.65,712.9,637.35,63861,70575565.0,11.83,8.59,54.87,3.4
2018-05-22,600615,680.83,675.12,685.82,665.86,27586,30110380.0,2.88,-2.67,-18.53,1.47
2018-05-23,600615,671.56,650.89,672.99,642.34,21862,23286305.0,4.54,-3.59,-24.23,1.17
2018-05-24,600615,650.89,648.75,658.73,648.04,8289,8794170.0,1.64,-0.33,-2.14,0.44
2018-05-25,600615,648.75,654.46,662.3,644.48,13280,14142701.0,2.75,0.88,5.71,0.71
2018-05-28,600615,648.04,638.78,657.31,623.1,17594,18363473.0,5.23,-2.4,-15.68,0.94
2018-05-29,600615,639.49,624.52,642.34,620.96,17246,17844934.0,3.35,-2.23,-14.26,0.92
2018-05-30,600615,611.69,603.14,618.11,595.3,24524,24324767.0,3.65,-3.42,-21.38,1.31
2018-05-31,600615,606.71,605.99,615.97,601.72,12413,12385347.0,2.36,0.47,2.85,0.66
2018-06-01,600615,608.13,603.14,608.13,581.76,14140,13910157.0,4.35,-0.47,-2.85,0.75
2018-06-04,600615,602.43,588.89,605.28,582.47,11709,11401780.0,3.78,-2.36,-14.25,0.62
2018-06-05,600615,582.47,581.76,586.75,573.92,12706,12195829.0,2.18,-1.21,-7.13,0.68
2018-06-06,600615,580.33,581.76,586.04,575.35,17427,16705500.0,1.84,0.0,0.0,0.93
2018-06-07,600615,582.47,564.66,582.47,563.23,19413,18417533.0,3.31,-2.94,-17.1,1.03
2018-06-08,600615,562.52,559.67,563.23,541.85,16513,15169496.0,3.79,-0.88,-4.99,0.88
2018-06-11,600615,556.82,551.11,561.8,548.26,8165,7533665.0,2.42,-1.53,-8.56,0.44
2018-06-12,600615,553.25,560.38,562.52,551.11,11506,10669755.0,2.07,1.68,9.27,0.61
2018-06-13,600615,562.52,547.55,562.52,545.41,9268,8516704.0,3.05,-2.29,-12.83,0.49
2018-06-14,600615,546.84,563.23,563.23,544.7,15428,14263476.0,3.38,2.86,15.68,0.82
2018-06-15,600615,565.37,562.52,569.64,550.4,18386,17190180.0,3.42,-0.13,-0.71,0.98
2018-06-19,600615,561.8,529.73,561.8,496.24,24296,21682967.0,11.65,-5.83,-32.79,1.29
2018-06-20,600615,531.16,556.82,562.52,514.77,47264,42870458.0,9.01,5.11,27.09,2.52
2018-06-21,600615,550.4,513.34,552.54,509.06,13863,12396489.0,7.81,-7.81,-43.48,0.74
2018-06-22,600615,504.79,506.93,517.62,481.27,10034,8557287.0,7.08,-1.25,-6.41,0.53
2018-06-25,600615,517.62,509.06,523.32,506.21,4663,4030881.0,3.38,0.42,2.13,0.25
2018-06-26,600615,501.94,510.49,513.34,484.83,3612,3086798.0,5.6,0.28,1.43,0.19
2018-06-27,600615,510.49,511.2,516.9,501.94,7048,6070992.0,2.93,0.14,0.71,0.38
2018-06-28,600615,514.77,501.94,529.02,498.37,6059,5257807.0,6.0,-1.81,-9.26,0.32
2018-06-29,600615,506.93,514.05,519.04,498.37,7294,6277109.0,4.12,2.41,12.11,0.39
2018-07-02,600615,515.48,513.34,516.19,504.79,8810,7617109.0,2.22,-0.14,-0.71,0.47
2018-07-03,600615,504.79,519.76,521.89,504.79,6297,5487233.0,3.33,1.25,6.42,0.34
2018-07-04,600615,521.89,506.93,526.17,498.37,5108,4421531.0,5.35,-2.47,-12.83,0.27
2018-07-05,600615,507.64,499.09,519.04,496.24,6108,5211966.0,4.5,-1.55,-7.84,0.33
2018-07-06,600615,497.66,506.21,511.92,492.67,8232,7010608.0,3.86,1.43,7.12,0.44
2018-07-09,600615,509.06,515.48,530.45,506.21,8654,7547723.0,4.79,1.83,9.27,0.46
2018-07-10,600615,513.34,516.19,521.89,511.2,8965,7778663.0,2.07,0.14,0.71,0.48
2018-07-11,600615,514.77,496.24,514.77,484.12,7551,6366294.0,5.94,-3.86,-19.95,0.4
2018-07-12,600615,499.09,509.78,512.63,496.24,10295,8824133.0,3.3,2.73,13.54,0.55
2018-07-13,600615,509.06,517.62,520.47,506.93,12737,11068663.0,2.66,1.54,7.84,0.68
2018-07-16,600615,517.62,519.04,523.32,511.2,5840,5080485.0,2.34,0.27,1.42,0.31
2018-07-17,600615,519.04,539.71,547.55,513.34,15975,14246107.0,6.59,3.98,20.67,0.85
2018-07-18,600615,533.3,532.58,533.3,525.46,12334,10970864.0,1.45,-1.32,-7.13,0.66
2018-07-19,600615,531.16,511.92,531.16,510.49,6702,5864923.0,3.88,-3.88,-20.66,0.36
2018-07-20,600615,513.34,526.88,530.45,500.51,10400,9071684.0,5.85,2.92,14.96,0.55
2018-07-23,600615,526.17,534.72,536.86,519.76,9186,8181601.0,3.25,1.49,7.84,0.49
2018-07-24,600615,529.73,545.41,552.54,529.02,17142,15591529.0,4.4,2.0,10.69,0.91
2018-07-25,600615,546.13,543.27,563.94,537.57,16971,15421849.0,4.83,-0.39,-2.14,0.9
2018-07-26,600615,539.0,548.26,551.11,530.45,32712,29645286.0,3.8,0.92,4.99,1.74
2018-07-27,600615,541.14,546.13,548.98,541.14,9467,8626059.0,1.43,-0.39,-2.13,0.5
2018-07-30,600615,538.29,564.66,566.08,538.29,27615,25565805.0,5.09,3.39,18.53,1.47
2018-07-31,600615,578.91,559.67,578.91,546.84,16563,15367853.0,5.68,-0.88,-4.99,0.88
2018-08-01,600615,560.38,550.4,567.51,549.69,9768,9053605.0,3.18,-1.66,-9.27,0.52
2018-08-02,600615,542.56,534.01,545.41,516.19,21378,18980545.0,5.31,-2.98,-16.39,1.14
2018-08-03,600615,531.16,539.0,551.83,526.17,11172,10113739.0,4.81,0.93,4.99,0.6
2018-08-06,600615,531.87,531.87,541.85,524.74,8097,7265419.0,3.17,-1.32,-7.13,0.43
2018-08-07,600615,533.3,549.69,551.83,533.3,8650,7863619.0,3.48,3.35,17.82,0.46
2018-08-08,600615,549.69,553.25,554.68,544.7,8234,7551748.0,1.82,0.65,3.56,0.44
2018-08-09,600615,547.55,559.67,562.52,547.55,6635,6159285.0,2.71,1.16,6.42,0.35
2018-08-10,600615,553.96,553.96,562.52,550.4,6010,5572480.0,2.17,-1.02,-5.71,0.32
2018-08-13,600615,541.85,546.13,553.25,532.58,4206,3812466.0,3.73,-1.41,-7.83,0.22
2018-08-14,600615,539.71,549.69,553.96,539.71,3833,3518690.0,2.61,0.65,3.56,0.2
2018-08-15,600615,549.69,535.43,558.24,531.16,9988,9074052.0,4.93,-2.59,-14.26,0.53
2018-08-16,600615,533.3,543.27,548.98,522.61,12413,11202170.0,4.93,1.46,7.84,0.66
2018-08-17,600615,553.25,529.02,553.96,529.02,13201,11973634.0,4.59,-2.62,-14.25,0.7
2018-08-20,600615,524.03,516.19,532.58,502.65,15658,13601987.0,5.66,-2.43,-12.83,0.83
2018-08-21,600615,516.19,541.14,541.85,516.19,17525,15464905.0,4.97,4.83,24.95,0.93
2018-08-22,600615,536.86,539.0,542.56,531.87,4354,3912760.0,1.98,-0.4,-2.14,0.23
2018-08-23,600615,532.58,539.0,543.27,532.58,2761,2485586.0,1.98,0.0,0.0,0.15
2018-08-24,600615,541.14,539.0,541.14,535.43,3016,2714598.0,1.06,0.0,0.0,0.16
2018-08-27,600615,541.85,543.99,544.7,536.86,10200,9218505.0,1.45,0.93,4.99,0.54
2018-08-28,600615,543.27,543.27,548.98,539.0,5719,5190914.0,1.83,-0.13,-0.72,0.3
2018-08-29,600615,542.56,549.69,550.4,540.42,5970,5447745.0,1.84,1.18,6.42,0.32
2018-08-30,600615,548.98,540.42,553.96,538.29,5508,5027183.0,2.85,-1.69,-9.27,0.29
2018-08-31,600615,537.57,528.31,543.27,523.32,2349,2091716.0,3.69,-2.24,-12.11,0.13
2018-09-03,600615,528.31,519.76,533.3,518.33,2660,2338588.0,2.83,-1.62,-8.55,0.14
2018-09-04,600615,524.74,528.31,529.73,519.04,2356,2080786.0,2.06,1.64,8.55,0.13
2018-09-05,600615,527.59,522.61,541.85,518.33,9143,8148472.0,4.45,-1.08,-5.7,0.49
2018-09-06,600615,514.77,527.59,528.31,509.06,10829,9485613.0,3.68,0.95,4.98,0.58
2018-09-07,600615,526.88,533.3,548.98,526.17,14417,13017239.0,4.32,1.08,5.71,0.77
2018-09-10,600615,531.16,518.33,534.72,509.78,10810,9525951.0,4.68,-2.81,-14.97,0.58
2018-09-11,600615,519.76,521.89,521.89,506.21,7915,6860066.0,3.03,0.69,3.56,0.42
2018-09-12,600615,523.32,528.31,532.58,516.19,15558,13743896.0,3.14,1.23,6.42,0.83
2018-09-13,600615,536.15,521.18,536.15,516.19,6220,5489278.0,3.78,-1.35,-7.13,0.33
2018-09-14,600615,523.32,519.04,526.17,514.05,3257,2838705.0,2.33,-0.41,-2.14,0.17
2018-09-17,600615,515.48,515.48,517.62,506.21,3373,2916179.0,2.2,-0.69,-3.56,0.18
2018-09-18,600615,510.49,519.76,519.76,502.65,2015,1745340.0,3.32,0.83,4.28,0.11
2018-09-19,600615,513.34,523.32,524.03,513.34,2927,2566942.0,2.06,0.68,3.56,0.16
2018-09-20,600615,524.03,519.04,525.46,517.62,1337,1169926.0,1.5,-0.82,-4.28,0.07
2018-09-21,600615,516.19,519.76,521.89,513.34,2640,2299698.0,1.65,0.14,0.72,0.14
2018-09-25,600615,519.76,520.47,521.89,514.05,2066,1802254.0,1.51,0.14,0.71,0.11
2018-09-26,600615,520.47,521.18,524.03,519.04,2228,1956379.0,0.96,0.14,0.71,0.12
2018-09-27,600615,521.18,512.63,524.74,511.2,2357,2053744.0,2.6,-1.64,-8.55,0.13
2018-09-28,600615,509.78,523.32,526.17,509.06,13959,12238990.0,3.34,2.09,10.69,0.74
2018-10-08,600615,521.89,521.18,526.88,503.36,18043,15782434.0,4.49,-0.41,-2.14,0.96
2018-10-09,600615,522.61,527.59,529.02,516.9,14680,12988687.0,2.33,1.23,6.41,0.78
2018-10-10,600615,527.59,528.31,537.57,522.61,22077,19669147.0,2.84,0.14,0.72,1.18
2018-10-11,600615,515.48,512.63,515.48,480.56,18214,15467448.0,6.61,-2.97,-15.68,0.97
2018-10-12,600615,514.05,512.63,514.05,476.99,18816,15878074.0,7.23,0.0,0.0,1.0
2018-10-15,600615,514.05,506.93,514.05,494.1,7989,6809653.0,3.89,-1.11,-5.7,0.43
2018-10-16,600615,504.79,501.94,508.35,490.53,7688,6497522.0,3.52,-0.98,-4.99,0.41
2018-10-17,600615,499.8,520.47,526.88,494.81,17960,15545883.0,6.39,3.69,18.53,0.96
2018-10-18,600615,520.47,528.31,535.43,499.8,27124,23567802.0,6.85,1.51,7.84,1.45
2018-10-19,600615,526.88,558.95,563.94,519.76,21850,19949053.0,8.36,5.8,30.64,1.16
2018-10-22,600615,567.51,571.07,578.91,548.98,23897,22402207.0,5.35,2.17,12.12,1.27
2018-10-23,600615,563.94,561.09,564.66,548.26,13196,12218693.0,2.87,-1.75,-9.98,0.7
2018-10-24,600615,558.95,550.4,558.95,548.98,7995,7379681.0,1.78,-1.91,-10.69,0.43
2018-10-25,600615,536.86,548.26,549.69,536.15,6087,5512971.0,2.46,-0.39,-2.14,0.32
2018-10-26,600615,544.7,545.41,555.39,541.14,8451,7726024.0,2.6,-0.52,-2.85,0.45
2018-10-29,600615,539.71,536.86,546.13,531.87,5750,5193667.0,2.61,-1.57,-8.55,0.31
2018-10-30,600615,532.58,543.99,546.13,527.59,5647,5103763.0,3.45,1.33,7.13,0.3
2018-10-31,600615,543.99,545.41,551.83,541.85,7099,6481762.0,1.83,0.26,1.42,0.38
2018-11-01,600615,542.56,534.01,551.11,530.45,7472,6752399.0,3.79,-2.09,-11.4,0.4
2018-11-02,600615,539.0,561.09,562.52,534.72,20690,18958463.0,5.21,5.07,27.08,1.1
2018-11-05,600615,564.66,564.66,573.21,553.25,19676,18427463.0,3.56,0.64,3.57,1.05
2018-11-06,600615,564.66,564.66,571.78,553.96,16596,15519532.0,3.16,0.0,0.0,0.88
2018-11-07,600615,568.22,586.04,598.15,561.8,39569,38033190.0,6.44,3.79,21.38,2.11
2018-11-08,600615,581.05,579.62,601.72,571.07,16925,16254724.0,5.23,-1.1,-6.42,0.9
2018-11-09,600615,579.62,562.52,593.88,561.09,10336,9802232.0,5.66,-2.95,-17.1,0.55
2018-11-12,600615,557.53,576.06,578.2,552.54,26902,25162702.0,4.56,2.41,13.54,1.43
2018-11-13,600615,576.77,586.04,597.44,566.08,28747,27825022.0,5.44,1.73,9.98,1.53
2018-11-14,600615,581.76,610.27,623.1,580.33,51051,50900445.0,7.3,4.13,24.23,2.72
2018-11-15,600615,606.71,623.81,638.78,601.72,25386,25839228.0,6.07,2.22,13.54,1.35
2018-11-16,600615,628.8,625.24,635.93,613.12,23901,24386441.0,3.66,0.23,1.43,1.27
2018-11-19,600615,628.8,615.97,633.79,609.56,21209,21569400.0,3.88,-1.48,-9.27,1.13
2018-11-20,600615,613.12,598.15,615.26,591.03,29384,29263330.0,3.93,-2.89,-17.82,1.57
2018-11-21,600615,583.19,603.85,604.57,583.19,20421,19915353.0,3.57,0.95,5.7,1.09
2018-11-22,600615,601.72,602.43,605.99,598.15,9069,8986487.0,1.3,-0.24,-1.42,0.48
2018-11-23,600615,608.84,580.33,608.84,580.33,11270,10967300.0,4.73,-3.67,-22.1,0.6
2018-11-26,600615,580.33,581.76,588.17,575.35,5262,5056414.0,2.21,0.25,1.43,0.28
2018-11-27,600615,581.76,581.76,586.04,577.48,4586,4404275.0,1.47,0.0,0.0,0.24
2018-11-28,600615,592.45,580.33,592.45,568.22,6977,6659281.0,4.16,-0.25,-1.43,0.37
2018-11-29,600615,582.47,564.66,583.9,561.09,10844,10291089.0,3.93,-2.7,-15.67,0.58
2018-11-30,600615,561.09,578.91,580.33,561.09,9813,9292793.0,3.41,2.52,14.25,0.52
2018-12-03,600615,581.05,588.17,601.72,576.77,13111,12836715.0,4.31,1.6,9.26,0.7
2018-12-04,600615,589.6,594.59,600.29,589.6,7215,7075678.0,1.82,1.09,6.42,0.38
2018-12-05,600615,594.59,591.74,596.01,573.92,11366,10955217.0,3.72,-0.48,-2.85,0.61
2018-12-06,600615,583.9,583.19,592.45,578.91,9524,9239829.0,2.29,-1.44,-8.55,0.51
2018-12-07,600615,577.48,580.33,587.46,573.92,5652,5411923.0,2.32,-0.49,-2.86,0.3
2018-12-10,600615,574.63,575.35,590.31,571.78,9058,8690758.0,3.19,-0.86,-4.98,0.48
2018-12-11,600615,573.21,578.91,586.04,571.78,4738,4540672.0,2.48,0.62,3.56,0.25
2018-12-12,600615,579.62,588.89,591.03,579.62,6207,6022910.0,1.97,1.72,9.98,0.33
2018-12-13,600615,591.74,595.3,598.15,583.19,6598,6452824.0,2.54,1.09,6.41,0.35
2018-12-14,600615,595.3,582.47,596.01,581.05,4814,4668178.0,2.51,-2.16,-12.83,0.26
2018-12-17,600615,580.33,587.46,588.17,576.06,4257,4106950.0,2.08,0.86,4.99,0.23
2018-12-18,600615,591.03,589.6,592.45,573.21,4243,4121528.0,3.28,0.36,2.14,0.23
2018-12-19,600615,585.32,596.01,601.72,581.76,13059,12823223.0,3.39,1.09,6.41,0.7
2018-12-20,600615,588.89,601.72,602.43,587.46,10721,10538626.0,2.51,0.96,5.71,0.57
2018-12-21,600615,604.57,601.0,610.98,592.45,8201,8117717.0,3.08,-0.12,-0.72,0.44
2018-12-24,600615,596.73,618.82,623.1,596.73,14114,14167906.0,4.39,2.97,17.82,0.75
2018-12-25,600615,618.82,618.11,625.95,601.72,18856,18999507.0,3.92,-0.11,-0.71,1.0
2018-12-26,600615,607.42,626.66,635.21,607.42,17795,18228056.0,4.5,1.38,8.55,0.95
2018-12-27,600615,640.91,615.97,640.91,610.27,13680,13945897.0,4.89,-1.71,-10.69,0.73
2018-12-28,600615,621.67,643.05,644.48,618.82,17539,18235437.0,4.17,4.4,27.08,0.93
2019-01-02,600615,639.49,633.08,643.05,625.24,9966,10316374.0,2.77,-1.55,-9.97,0.53
2019-01-03,600615,633.08,615.26,639.49,601.72,12316,12461274.0,5.97,-2.81,-17.82,0.66
2019-01-04,600615,603.14,643.05,643.77,602.43,20227,20805741.0,6.72,4.52,27.79,1.08
2019-01-07,600615,637.35,658.02,662.3,633.79,17359,18431414.0,4.43,2.33,14.97,0.93
2019-01-08,600615,658.02,648.75,658.02,647.33,12586,13334453.0,1.62,-1.41,-9.27,0.67
2019-01-09,600615,650.18,643.05,661.58,624.52,23682,24632270.0,5.71,-0.88,-5.7,1.26
2019-01-10,600615,640.2,645.19,650.89,631.65,10180,10667410.0,2.99,0.33,2.14,0.54
2019-01-11,600615,654.46,655.17,658.02,643.05,12012,12756520.0,2.32,1.55,9.98,0.64
2019-01-14,600615,655.17,643.05,655.17,636.64,5898,6175402.0,2.83,-1.85,-12.12,0.31
2019-01-15,600615,643.77,643.77,644.48,635.93,4374,4566476.0,1.33,0.11,0.72,0.23
2019-01-16,600615,638.78,648.04,648.75,638.78,5555,5825060.0,1.55,0.66,4.27,0.3
2019-01-17,600615,641.63,633.08,647.33,626.66,4847,5059764.0,3.19,-2.31,-14.96,0.26
2019-01-18,600615,630.22,636.64,638.78,627.37,3776,3905135.0,1.8,0.56,3.56,0.2
2019-01-21,600615,636.64,630.94,636.64,613.83,8105,8348770.0,3.58,-0.9,-5.7,0.43
2019-01-22,600615,623.1,627.37,631.65,618.11,11109,11348652.0,2.15,-0.57,-3.57,0.59
2019-01-23,600615,628.8,624.52,628.8,615.97,6517,6609302.0,2.05,-0.45,-2.85,0.35
2019-01-24,600615,625.24,618.82,625.24,611.69,12357,12496763.0,2.17,-0.91,-5.7,0.66
2019-01-25,600615,618.82,617.4,620.96,610.98,4390,4440384.0,1.61,-0.23,-1.42,0.23
2019-01-28,600615,617.4,619.53,629.51,613.83,6417,6531541.0,2.54,0.34,2.13,0.34
2019-01-29,600615,615.97,621.67,622.38,607.42,6333,6346792.0,2.41,0.35,2.14,0.34
2019-01-30,600615,621.67,618.82,621.67,608.84,5332,5378774.0,2.06,-0.46,-2.85,0.28
2019-01-31,600615,630.22,602.43,630.22,586.75,30373,29737814.0,7.02,-2.65,-16.39,1.62
2019-02-01,600615,591.74,642.34,645.9,591.74,23860,24419459.0,8.99,6.62,39.91,1.27
2019-02-11,600615,631.65,628.8,648.04,628.8,12222,12619702.0,3.0,-2.11,-13.54,0.65
2019-02-12,600615,633.08,642.34,644.48,628.09,13865,14364651.0,2.61,2.15,13.54,0.74
2019-02-13,600615,648.04,656.59,665.86,638.06,19188,20322514.0,4.33,2.22,14.25,1.02
2019-02-14,600615,652.32,655.17,669.42,649.47,8043,8582002.0,3.04,-0.22,-1.42,0.43
2019-02-15,600615,655.17,660.87,660.87,648.04,7382,7866813.0,1.96,0.87,5.7,0.39
2019-02-18,600615,660.16,661.58,664.43,648.04,15970,17020076.0,2.48,0.11,0.71,0.85
2019-02-19,600615,659.45,650.89,659.45,646.62,11564,12272784.0,1.94,-1.62,-10.69,0.62
2019-02-20,600615,652.32,648.75,655.17,644.48,7609,8045494.0,1.64,-0.33,-2.14,0.41
2019-02-21,600615,649.47,637.35,649.47,632.36,14542,15185972.0,2.64,-1.76,-11.4,0.78
2019-02-22,600615,634.5,634.5,637.35,617.4,15897,16303115.0,3.13,-0.45,-2.85,0.85
2019-02-25,600615,633.79,660.87,660.87,633.79,26031,27687293.0,4.27,4.16,26.37,1.39
2019-02-26,600615,656.59,665.86,681.54,656.59,30447,33112088.0,3.78,0.76,4.99,1.62
2019-02-27,600615,666.57,661.58,676.55,657.31,14695,15916885.0,2.89,-0.64,-4.28,0.78
2019-02-28,600615,661.58,702.21,715.75,661.58,38222,42898395.0,8.19,6.14,40.63,2.04
2019-03-01,600615,700.07,706.48,717.17,686.53,22672,25611099.0,4.36,0.61,4.27,1.21
2019-03-04,600615,711.47,706.48,731.43,695.79,25194,28904051.0,5.04,0.0,0.0,1.34
2019-03-05,600615,707.2,734.99,738.56,695.08,42600,49295976.0,6.15,4.04,28.51,2.27
2019-03-06,600615,762.07,764.21,787.02,737.13,81251,99447405.0,6.79,3.98,29.22,4.33
2019-03-07,600615,744.26,814.81,843.32,740.69,123072,152421587.0,13.43,6.62,50.6,6.56
2019-03-08,600615,795.57,788.44,814.81,778.47,45351,57050431.0,4.46,-3.24,-26.37,2.42
2019-03-11,600615,783.46,793.43,826.22,783.46,55953,71565316.0,5.42,0.63,4.99,2.98
2019-03-12,600615,808.4,781.32,808.4,767.06,50299,62647614.0,5.21,-1.53,-12.11,2.68
2019-03-13,600615,779.89,783.46,788.44,762.07,50280,62236291.0,3.38,0.27,2.14,2.68
2019-03-14,600615,772.77,779.89,787.02,760.65,30635,37704184.0,3.37,-0.46,-3.57,1.63
2019-03-15,600615,767.78,868.27,868.27,767.78,75305,98804317.0,12.89,11.33,88.38,4.01
2019-03-18,600615,928.13,937.4,950.94,887.51,76730,110178849.0,7.31,7.96,69.13,4.09
2019-03-19,600615,938.83,942.39,983.01,908.18,49651,72482580.0,7.98,0.53,4.99,2.65
2019-03-20,600615,942.39,912.46,942.39,897.49,43441,62121319.0,4.76,-3.18,-29.93,2.32
2019-03-21,600615,918.87,941.68,956.64,903.19,31939,46385810.0,5.86,3.2,29.22,1.7
2019-03-22,600615,943.81,933.84,948.09,916.02,19809,28689924.0,3.41,-0.83,-7.84,1.06
2019-03-25,600615,829.78,893.92,906.75,829.78,47610,64575611.0,8.24,-4.27,-39.92,2.54
2019-03-26,600615,859.0,856.15,888.22,852.59,19979,27244969.0,3.99,-4.23,-37.77,1.06
2019-03-27,600615,867.55,869.69,877.53,850.45,12556,17018044.0,3.16,1.58,13.54,0.67
2019-03-28,600615,855.44,838.33,875.39,833.34,20108,26908472.0,4.84,-3.61,-31.36,1.07
2019-03-29,600615,849.74,831.21,849.74,794.15,25035,32335696.0,6.63,-0.85,-7.12,1.33
2019-04-01,600615,844.04,846.89,855.44,832.63,28126,37443791.0,2.74,1.89,15.68,1.5
2019-04-02,600615,851.88,941.68,941.68,837.62,68215,96223164.0,12.29,11.19,94.79,3.64
2019-04-04,600615,1022.21,915.31,1022.21,888.22,63741,91910027.0,14.23,-2.8,-26.37,3.4
2019-04-08,600615,903.19,883.95,903.19,864.7,39685,54863821.0,4.21,-3.43,-31.36,2.12
2019-04-09,600615,873.97,874.68,885.37,854.01,24606,33596984.0,3.55,-1.05,-9.27,1.31
2019-04-10,600615,867.55,901.76,926.0,866.13,29244,41039519.0,6.84,3.1,27.08,1.56
2019-04-11,600615,895.35,873.97,913.17,866.13,32901,45979459.0,5.22,-3.08,-27.79,1.75
2019-04-12,600615,888.22,893.92,897.49,856.15,23326,32387474.0,4.73,2.28,19.95,1.24
2019-04-15,600615,903.19,888.22,903.19,886.8,18405,25777175.0,1.83,-0.64,-5.7,0.98
2019-04-16,600615,903.9,896.78,903.9,875.39,17705,24770395.0,3.21,0.96,8.56,0.94
2019-04-17,600615,898.2,891.79,898.2,881.1,12139,16926203.0,1.91,-0.56,-4.99,0.65
2019-04-18,600615,885.37,868.98,898.2,861.85,15102,20732082.0,4.08,-2.56,-22.81,0.8
2019-04-19,600615,862.57,866.84,875.39,854.73,20660,28137719.0,2.38,-0.25,-2.14,1.1
2019-04-22,600615,878.96,842.61,878.96,827.64,21990,29206760.0,5.92,-2.8,-24.23,1.17
2019-04-23,600615,836.91,843.32,852.59,830.49,11011,14630738.0,2.62,0.08,0.71,0.59
2019-04-24,600615,844.75,841.18,853.3,831.92,7435,9859986.0,2.54,-0.25,-2.14,0.4
2019-04-25,600615,833.34,831.92,843.32,817.67,9569,12539412.0,3.05,-1.1,-9.26,0.51
2019-04-29,600615,784.88,784.88,784.88,784.88,121,150887.0,0.0,-5.65,-47.04,0.01
2019-04-30,600615,740.69,740.69,740.69,740.69,6594,7813890.0,0.0,-5.63,-44.19,0.35
2019-05-06,600615,698.64,698.64,698.64,698.64,1110,1249860.0,0.0,-5.68,-42.05,0.06
2019-05-07,600615,658.73,658.73,658.73,658.73,1091,1167370.0,0.0,-5.71,-39.91,0.06
2019-05-08,600615,620.96,620.96,620.96,620.96,6394,6502698.0,0.0,-5.73,-37.77,0.34
2019-05-09,600615,584.61,584.61,584.61,584.61,1442,1392972.0,0.0,-5.85,-36.35,0.08
2019-05-10,600615,550.4,550.4,550.4,550.4,6501,5967918.0,0.0,-5.85,-34.21,0.35
2019-05-13,600615,517.62,517.62,517.62,517.62,3102,2704944.0,0.0,-5.96,-32.78,0.17
2019-05-14,600615,486.26,486.26,486.26,486.26,1515,1254420.0,0.0,-6.06,-31.36,0.08
2019-05-15,600615,457.04,490.53,514.05,457.04,156236,123453112.0,11.72,0.88,4.27,8.33
2019-05-16,600615,469.87,489.82,519.76,469.15,89174,74135263.0,10.32,-0.14,-0.71,4.75
2019-05-17,600615,490.53,480.56,492.67,477.71,21383,17700711.0,3.05,-1.89,-9.26,1.14
2019-05-20,600615,476.99,458.46,479.84,451.34,22737,18055594.0,5.93,-4.6,-22.1,1.21
2019-05-21,600615,454.19,465.59,472.0,444.21,19197,15196201.0,6.06,1.56,7.13,1.02
2019-05-22,600615,462.74,439.22,466.3,437.08,33889,26068244.0,6.28,-5.66,-26.37,1.81
2019-05-23,600615,432.09,431.38,447.77,429.95,17868,13590031.0,4.06,-1.78,-7.84,0.95
2019-05-24,600615,432.09,432.09,442.78,431.38,11026,8336879.0,2.64,0.16,0.71,0.59
2019-05-27,600615,437.79,445.63,456.32,430.67,14965,11421125.0,5.94,3.13,13.54,0.8
2019-05-28,600615,441.36,449.91,457.75,441.36,21758,16876948.0,3.68,0.96,4.28,1.16
2019-05-29,600615,444.92,447.06,453.47,444.92,8290,6442002.0,1.9,-0.63,-2.85,0.44
2019-05-30,600615,449.2,445.63,452.05,443.5,9851,7624238.0,1.91,-0.32,-1.43,0.53
2019-05-31,600615,446.35,445.63,457.04,441.36,9754,7569311.0,3.52,0.0,0.0,0.52
2019-06-03,600615,444.92,429.24,447.06,425.68,8174,6150002.0,4.8,-3.68,-16.39,0.44
2019-06-04,600615,429.95,428.53,429.95,411.42,9093,6699293.0,4.32,-0.17,-0.71,0.48
2019-06-05,600615,427.1,421.4,434.23,419.98,11722,8685852.0,3.33,-1.66,-7.13,0.62
2019-06-06,600615,421.4,416.41,422.83,414.99,7837,5742327.0,1.86,-1.18,-4.99,0.42
2019-06-10,600615,416.41,419.98,425.68,416.41,5445,4017075.0,2.23,0.86,3.57,0.29
2019-06-11,600615,420.69,436.37,441.36,420.69,6724,5028548.0,4.92,3.9,16.39,0.36
2019-06-12,600615,433.52,428.53,435.66,425.68,7559,5658971.0,2.29,-1.8,-7.84,0.4
2019-06-13,600615,424.97,437.79,452.05,423.54,12238,9308695.0,6.65,2.16,9.26,0.65
2019-06-14,600615,437.79,423.54,437.79,417.84,8303,6175665.0,4.56,-3.25,-14.25,0.44
2019-06-17,600615,417.13,416.41,422.83,411.42,5842,4265852.0,2.69,-1.68,-7.13,0.31
2019-06-18,600615,415.7,405.01,419.98,402.16,11978,8682221.0,4.28,-2.74,-11.4,0.64
2019-06-19,600615,410.0,409.29,416.41,403.58,13426,9630081.0,3.17,1.06,4.28,0.72
2019-06-20,600615,407.15,383.63,407.15,383.63,32179,22163790.0,5.75,-6.27,-25.66,1.72
2019-06-21,600615,392.89,397.88,402.16,384.34,21448,14991130.0,4.65,3.71,14.25,1.14
2019-06-24,600615,392.89,386.48,392.89,383.63,16047,11070793.0,2.33,-2.87,-11.4,0.86
2019-06-25,600615,382.2,392.18,395.03,380.07,11563,7976473.0,3.87,1.47,5.7,0.62
2019-06-26,600615,388.62,404.3,409.29,387.9,14613,10365493.0,5.45,3.09,12.12,0.78
2019-06-27,600615,406.44,407.86,409.29,403.58,11219,8038163.0,1.41,0.88,3.56,0.6
2019-06-28,600615,407.15,407.15,411.42,392.18,12325,8773625.0,4.72,-0.17,-0.71,0.66
2019-07-01,600615,412.85,414.99,420.69,410.71,20683,15067799.0,2.45,1.93,7.84,1.1
2019-07-02,600615,410.0,422.83,422.83,410.0,17672,12947640.0,3.09,1.89,7.84,0.94
2019-07-03,600615,423.54,417.13,427.1,413.56,13087,9590274.0,3.2,-1.35,-5.7,0.7
2019-07-04,600615,416.41,416.41,421.4,408.57,11715,8561755.0,3.08,-0.17,-0.72,0.62
2019-07-05,600615,412.85,417.84,417.84,412.85,4807,3504362.0,1.2,0.34,1.43,0.26
2019-07-08,600615,418.55,399.31,418.55,393.61,14434,10186335.0,5.97,-4.43,-18.53,0.77
2019-07-09,600615,399.31,398.6,402.87,393.61,2115,1488468.0,2.32,-0.18,-0.71,0.11
2019-07-10,600615,400.73,396.46,400.73,393.61,5443,3815614.0,1.79,-0.54,-2.14,0.29
2019-07-11,600615,400.73,397.17,404.3,395.03,5313,3744959.0,2.34,0.18,0.71,0.28
2019-07-12,600615,396.46,376.5,399.31,372.23,22629,15358788.0,6.82,-5.2,-20.67,1.21
2019-07-15,600615,374.36,380.07,382.92,366.52,7817,5263487.0,4.36,0.95,3.57,0.42
2019-07-16,600615,384.34,390.04,390.76,380.78,6805,4686251.0,2.63,2.62,9.97,0.36
2019-07-17,600615,392.89,397.17,400.02,384.34,5003,3508023.0,4.02,1.83,7.13,0.27
2019-07-18,600615,397.17,399.31,401.45,390.76,9055,6388224.0,2.69,0.54,2.14,0.48
2019-07-19,600615,402.16,410.71,413.56,401.45,7368,5286593.0,3.03,2.85,11.4,0.39
2019-07-22,600615,408.57,400.73,410.71,397.88,9058,6433846.0,3.12,-2.43,-9.98,0.48
2019-07-23,600615,395.03,407.15,407.86,395.03,5748,4090639.0,3.2,1.6,6.42,0.31
2019-07-24,600615,404.3,418.55,420.69,404.3,14861,10830827.0,4.03,2.8,11.4,0.79
2019-07-25,600615,413.56,419.26,422.11,413.56,10349,7582978.0,2.04,0.17,0.71,0.55
2019-07-26,600615,419.26,422.83,426.39,417.13,13398,9881594.0,2.21,0.85,3.57,0.71
2019-07-29,600615,422.83,412.85,422.83,412.85,9309,6808472.0,2.36,-2.36,-9.98,0.5
2019-07-30,600615,413.56,402.87,413.56,400.73,13781,9803491.0,3.11,-2.42,-9.98,0.73
2019-07-31,600615,402.87,397.88,405.72,394.32,16399,11564246.0,2.83,-1.24,-4.99,0.87
2019-08-01,600615,399.31,401.45,403.58,394.32,5913,4183245.0,2.33,0.9,3.57,0.32
2019-08-02,600615,399.31,396.46,399.31,390.76,6819,4768153.0,2.13,-1.24,-4.99,0.36
2019-08-05,600615,396.46,396.46,397.88,391.47,3617,2533373.0,1.62,0.0,0.0,0.19
2019-08-06,600615,389.33,375.79,391.47,371.51,18742,12656745.0,5.03,-5.21,-20.67,1.0
2019-08-07,600615,378.64,373.65,382.92,372.94,4714,3172773.0,2.66,-0.57,-2.14,0.25
2019-08-08,600615,375.08,375.08,377.21,372.23,3202,2150456.0,1.33,0.38,1.43,0.17
2019-08-09,600615,375.08,385.05,389.33,372.94,6792,4614535.0,4.37,2.66,9.97,0.36
2019-08-12,600615,382.92,386.48,387.19,377.93,2649,1812298.0,2.4,0.37,1.43,0.14
2019-08-13,600615,386.48,385.05,386.48,380.78,2712,1856006.0,1.47,-0.37,-1.43,0.14
2019-08-14,600615,386.48,387.19,388.62,385.05,2302,1584416.0,0.93,0.56,2.14,0.12
2019-08-15,600615,381.49,385.05,387.9,373.65,4211,2867391.0,3.68,-0.55,-2.14,0.22
2019-08-16,600615,382.92,377.93,387.19,377.21,9492,6442171.0,2.59,-1.85,-7.12,0.51
2019-08-19,600615,378.64,385.05,387.9,378.64,10958,7487331.0,2.45,1.88,7.12,0.58
2019-08-20,600615,385.05,378.64,388.62,375.79,17659,11994700.0,3.33,-1.66,-6.41,0.94
2019-08-21,600615,380.07,378.64,381.49,375.08,15413,10398450.0,1.69,0.0,0.0,0.82
2019-08-22,600615,377.93,382.2,385.77,377.21,8401,5717538.0,2.26,0.94,3.56,0.45
2019-08-23,600615,383.63,386.48,387.9,382.2,6442,4420621.0,1.49,1.12,4.28,0.34
2019-08-26,600615,372.23,379.35,380.78,370.8,9799,6612669.0,2.58,-1.84,-7.13,0.52
2019-08-27,600615,378.64,383.63,385.05,378.64,8590,5873418.0,1.69,1.13,4.28,0.46
2019-08-28,600615,382.92,390.04,390.76,382.2,11368,7796650.0,2.23,1.67,6.41,0.61
2019-08-29,600615,387.9,386.48,391.47,383.63,7990,5508263.0,2.01,-0.91,-3.56,0.43
2019-08-30,600615,384.34,380.78,387.9,377.21,8276,5656522.0,2.77,-1.47,-5.7,0.44
2019-09-02,600615,381.49,386.48,387.9,376.5,7803,5359927.0,2.99,1.5,5.7,0.42
2019-09-03,600615,386.48,382.92,386.48,379.35,6470,4415643.0,1.84,-0.92,-3.56,0.34
2019-09-04,600615,377.21,382.2,382.92,376.5,5519,3753481.0,1.68,-0.19,-0.72,0.29
2019-09-05,600615,384.34,385.05,385.05,380.07,13992,9570473.0,1.3,0.75,2.85,0.75
2019-09-06,600615,384.34,383.63,385.77,380.07,10545,7184431.0,1.48,-0.37,-1.42,0.56
2019-09-09,600615,388.62,390.04,391.47,382.2,18131,12472821.0,2.42,1.67,6.41,0.97
2019-09-10,600615,390.04,387.9,391.47,385.77,14185,9789408.0,1.46,-0.55,-2.14,0.76
2019-09-11,600615,387.9,386.48,390.04,385.77,7008,4830567.0,1.1,-0.37,-1.42,0.37
2019-09-12,600615,385.77,409.29,410.71,384.34,35294,25006846.0,6.82,5.9,22.81,1.88
2019-09-16,600615,434.94,434.94,434.94,434.94,3017,2280950.0,0.0,6.27,25.65,0.16
2019-09-17,600615,462.03,462.03,462.03,457.75,79534,63134800.0,0.98,6.23,27.09,4.24
2019-09-18,600615,464.88,464.16,484.12,459.89,86770,69775191.0,5.24,0.46,2.13,4.62
2019-09-19,600615,466.3,466.3,472.72,459.18,32306,25813924.0,2.92,0.46,2.14,1.72
2019-09-20,600615,467.73,494.81,494.81,467.73,36344,29978300.0,5.81,6.11,28.51,1.94
2019-09-23,600615,509.06,524.74,524.74,503.36,74774,65236576.0,4.32,6.05,29.93,3.99
2019-09-24,600615,556.1,556.1,556.1,556.1,4451,4121626.0,0.0,5.98,31.36,0.24
2019-09-25,600615,556.1,576.77,588.17,523.32,84008,77998576.0,11.66,3.72,20.67,4.48
2019-09-26,600615,566.79,567.51,586.75,552.54,44353,41782523.0,5.93,-1.61,-9.26,2.36
2019-09-30,600615,565.37,508.35,565.37,500.51,117170,101640047.0,11.43,-10.42,-59.16,6.24
2019-10-08,600615,515.48,496.95,532.58,488.4,53447,45817348.0,8.69,-2.24,-11.4,2.85
2019-10-09,600615,489.11,506.93,512.63,474.14,36973,30972059.0,7.75,2.01,9.98,1.97
2019-10-10,600615,506.93,494.1,509.06,488.4,34246,28828617.0,4.08,-2.53,-12.83,1.83
2019-10-11,600615,496.24,494.1,499.09,475.57,33176,27568148.0,4.76,0.0,0.0,1.77
2019-10-14,600615,493.39,499.8,501.94,488.4,24182,20341216.0,2.74,1.15,5.7,1.29
2019-10-15,600615,496.24,483.41,497.66,481.27,21812,18062448.0,3.28,-3.28,-16.39,1.16
2019-10-16,600615,491.25,495.52,521.89,485.55,42237,35917445.0,7.52,2.51,12.11,2.25
2019-10-17,600615,489.82,485.55,492.67,477.71,22068,18166229.0,3.02,-2.01,-9.97,1.18
2019-10-18,600615,480.56,474.14,484.83,469.87,33473,27232174.0,3.08,-2.35,-11.41,1.78
2019-10-21,600615,472.0,452.05,473.43,442.07,39986,31249936.0,6.61,-4.66,-22.09,2.13
2019-10-22,600615,452.05,449.91,453.47,444.92,24261,18816189.0,1.89,-0.47,-2.14,1.29
2019-10-23,600615,455.61,447.06,457.04,443.5,12775,9898158.0,3.01,-0.63,-2.85,0.68
2019-10-24,600615,447.77,440.64,447.77,436.37,13812,10578379.0,2.55,-1.44,-6.42,0.74
2019-10-25,600615,444.92,447.06,447.77,434.94,13661,10487649.0,2.91,1.46,6.42,0.73
2019-10-28,600615,439.22,454.19,454.9,438.51,19019,14748163.0,3.67,1.59,7.13,1.01
2019-10-29,600615,447.06,447.06,454.19,447.06,17207,13362879.0,1.57,-1.57,-7.13,0.92
2019-10-30,600615,452.05,501.94,501.94,450.62,80183,66260852.0,11.48,12.28,54.88,4.27
2019-10-31,600615,516.19,562.52,562.52,513.34,44337,40271287.0,9.8,12.07,60.58,2.36
2019-11-01,600615,594.59,629.51,629.51,566.79,250100,247914961.0,11.15,11.91,66.99,13.33
2019-11-04,600615,623.1,597.44,676.55,591.74,297431,306244560.0,13.47,-5.09,-32.07,15.85
2019-11-05,600615,554.68,527.59,563.94,527.59,180097,161968259.0,6.08,-11.69,-69.85,9.6
2019-11-06,600615,509.78,481.27,523.32,481.27,132990,112788957.0,7.97,-8.78,-46.32,7.09
2019-11-07,600615,479.84,500.51,506.21,474.14,97531,81206609.0,6.66,4.0,19.24,5.2
2019-11-08,600615,492.67,476.28,501.94,476.28,70226,58403790.0,5.13,-4.84,-24.23,3.74
2019-11-11,600615,445.63,464.16,472.72,445.63,56221,44723429.0,5.69,-2.54,-12.12,3.0
2019-11-12,600615,464.16,521.18,521.18,461.31,72452,62265231.0,12.9,12.28,57.02,3.86
2019-11-13,600615,536.15,551.83,563.23,527.59,191918,175084093.0,6.84,5.88,30.65,10.23
2019-11-14,600615,537.57,528.31,541.14,510.49,120180,105849305.0,5.55,-4.26,-23.52,6.41
2019-11-15,600615,524.74,501.94,528.31,498.37,81678,70118175.0,5.67,-4.99,-26.37,4.35
2019-11-18,600615,500.51,503.36,505.5,482.69,62610,52639731.0,4.54,0.28,1.42,3.34
2019-11-19,600615,503.36,529.73,535.43,497.66,102074,89890803.0,7.5,5.24,26.37,5.44
2019-11-20,600615,526.88,557.53,580.33,512.63,129304,116826496.0,12.78,5.25,27.8,6.89
2019-11-21,600615,541.14,534.01,552.54,529.73,71739,64753446.0,4.09,-4.22,-23.52,3.82
2019-11-22,600615,539.0,524.74,544.7,510.49,58525,51617858.0,6.41,-1.74,-9.27,3.12
2019-11-25,600615,517.62,587.46,587.46,517.62,122474,114124860.0,13.31,11.95,62.72,6.53
2019-11-26,600615,578.91,593.88,640.91,561.8,209177,205547594.0,13.47,1.09,6.42,11.15
2019-11-27,600615,593.16,603.85,622.38,566.08,145591,143598034.0,9.48,1.68,9.97,7.76
2019-11-28,600615,593.16,571.78,605.28,570.36,100825,97436978.0,5.78,-5.31,-32.07,5.37
2019-11-29,600615,573.21,612.41,622.38,563.94,138811,136978608.0,10.22,7.11,40.63,7.4
2019-12-02,600615,605.99,608.84,647.33,596.01,139840,142118815.0,8.38,-0.58,-3.57,7.45
2019-12-03,600615,605.28,601.0,625.95,583.9,90843,90375256.0,6.91,-1.29,-7.84,4.84
2019-12-04,600615,598.87,601.0,611.69,583.19,76197,74781744.0,4.74,0.0,0.0,4.06
2019-12-05,600615,615.97,603.85,643.05,603.85,110803,112057768.0,6.52,0.47,2.85,5.91
2019-12-06,600615,600.29,579.62,600.29,576.06,92969,90115824.0,4.01,-4.01,-24.23,4.96
2019-12-09,600615,580.33,648.04,648.04,573.92,164569,166260211.0,12.79,11.8,68.42,8.77
2019-12-10,600615,635.93,667.28,689.38,630.22,212457,228609965.0,9.13,2.97,19.24,11.32
2019-12-11,600615,658.02,658.73,668.0,644.48,116978,124598195.0,3.52,-1.28,-8.55,6.23
2019-12-12,600615,655.88,734.99,734.99,648.04,218929,246396051.0,13.2,11.58,76.26,11.67
2019-12-13,600615,701.49,741.41,799.85,698.64,240189,287614864.0,13.77,0.87,6.42,12.8
2019-12-16,600615,735.7,745.68,762.07,722.88,141302,167176706.0,5.29,0.58,4.27,7.53
2019-12-17,600615,737.13,762.07,804.12,728.58,179325,217685074.0,10.13,2.2,16.39,9.56
2019-12-18,600615,739.27,732.85,757.8,715.75,135581,159746461.0,5.52,-3.83,-29.22,7.23
2019-12-19,600615,723.59,733.57,744.26,715.75,76954,90272256.0,3.89,0.1,0.72,4.1
2019-12-20,600615,730.72,734.99,762.07,729.29,72196,85734756.0,4.47,0.19,1.42,3.85
2019-12-23,600615,723.59,682.25,730.72,681.54,77412,87008894.0,6.69,-7.18,-52.74,4.13
2019-12-24,600615,704.35,719.31,736.42,684.39,71127,81248808.0,7.63,5.43,37.06,3.79
2019-12-25,600615,722.16,724.3,737.13,709.33,54021,62682568.0,3.86,0.69,4.99,2.88
2019-12-26,600615,716.46,703.63,729.29,690.09,66874,75716267.0,5.41,-2.85,-20.67,3.56
2019-12-27,600615,710.76,710.05,732.85,703.63,57091,65871987.0,4.15,0.91,6.42,3.04
2019-12-30,600615,700.78,733.57,747.82,696.51,81798,95392258.0,7.23,3.31,23.52,4.36
2019-12-31,600615,734.99,711.47,736.42,706.48,55348,63779270.0,4.08,-3.01,-22.1,2.95
2020-01-02,600615,712.19,714.32,731.43,701.49,54728,62997583.0,4.21,0.4,2.85,2.92
2020-01-03,600615,721.45,687.24,721.45,682.96,72604,81652101.0,5.39,-3.79,-27.08,3.87
2020-01-06,600615,683.68,684.39,697.22,657.31,49355,54396771.0,5.81,-0.41,-2.85,2.63
2020-01-07,600615,680.83,685.82,692.23,680.11,31366,34667166.0,1.77,0.21,1.43,1.67
2020-01-08,600615,686.53,655.17,686.53,652.32,52587,56645062.0,4.99,-4.47,-30.65,2.8
2020-01-09,600615,664.43,658.73,675.84,650.18,39819,42546108.0,3.92,0.54,3.56,2.12
2020-01-10,600615,660.16,655.17,664.43,648.04,34403,36693875.0,2.49,-0.54,-3.56,1.83
2020-01-13,600615,651.61,667.28,671.56,650.18,44572,47871892.0,3.26,1.85,12.11,2.38
2020-01-14,600615,667.28,693.65,702.92,664.43,77990,86860805.0,5.77,3.95,26.37,4.16
2020-01-15,600615,693.65,682.96,706.48,675.12,50158,55915578.0,4.52,-1.54,-10.69,2.67
2020-01-16,600615,682.96,656.59,690.09,654.46,41607,44994875.0,5.22,-3.86,-26.37,2.22
2020-01-17,600615,655.17,675.84,689.38,655.17,46455,50650350.0,5.21,2.93,19.25,2.48
2020-01-20,600615,669.42,667.28,684.39,658.02,31766,34316149.0,3.9,-1.27,-8.56,1.69
2020-01-21,600615,669.42,643.05,669.42,643.05,29871,32019677.0,3.95,-3.63,-24.23,1.59
2020-01-22,600615,642.34,648.75,656.59,633.79,27401,28915497.0,3.55,0.89,5.7,1.46
2020-01-23,600615,642.34,597.44,644.48,588.89,47447,47708946.0,8.57,-7.91,-51.31,2.53
2020-02-03,600615,527.59,527.59,527.59,527.59,5519,4889834.0,0.0,-11.69,-69.85,0.29
2020-02-04,600615,464.16,498.37,505.5,464.16,47413,39331018.0,7.84,-5.54,-29.22,2.53
2020-02-05,600615,504.08,530.45,548.98,501.22,43834,38990854.0,9.58,6.44,32.08,2.34
2020-02-06,600615,530.45,547.55,551.83,530.45,31012,28217216.0,4.03,3.22,17.1,1.65
2020-02-07,600615,539.71,539.0,547.55,526.88,25778,23200606.0,3.77,-1.56,-8.55,1.37
2020-02-10,600615,534.72,550.4,554.68,530.45,28547,25885650.0,4.5,2.12,11.4,1.52
2020-02-11,600615,551.11,545.41,560.38,544.7,26283,24155476.0,2.85,-0.91,-4.99,1.4
2020-02-12,600615,546.13,547.55,553.96,541.14,20845,19019091.0,2.35,0.39,2.14,1.11
2020-02-13,600615,550.4,531.87,556.1,530.45,37896,34121220.0,4.68,-2.86,-15.68,2.02
2020-02-14,600615,530.45,529.02,539.0,524.74,22018,19604596.0,2.68,-0.54,-2.85,1.17
2020-02-17,600615,536.15,548.26,549.69,531.16,24368,22162019.0,3.5,3.64,19.24,1.3
2020-02-18,600615,552.54,563.23,566.79,546.13,40072,37199825.0,3.77,2.73,14.97,2.14
2020-02-19,600615,570.36,548.98,572.5,548.26,37710,34953875.0,4.3,-2.53,-14.25,2.01
2020-02-20,600615,551.83,562.52,564.66,543.27,31820,29457870.0,3.9,2.47,13.54,1.7
2020-02-21,600615,571.07,561.09,571.07,552.54,44778,41674049.0,3.29,-0.25,-1.43,2.39
2020-02-24,600615,560.38,564.66,566.08,543.27,46160,42676351.0,4.07,0.64,3.57,2.46
2020-02-25,600615,553.96,548.26,558.95,525.46,45101,41152813.0,5.93,-2.9,-16.4,2.4
2020-02-26,600615,539.71,543.27,568.93,536.15,43328,40062930.0,5.98,-0.91,-4.99,2.31
2020-02-27,600615,543.99,543.27,556.82,537.57,25635,23322316.0,3.54,0.0,0.0,1.37
2020-02-28,600615,526.88,495.52,542.56,486.97,50619,43762950.0,10.23,-8.79,-47.75,2.7
2020-03-02,600615,499.8,530.45,534.72,499.8,39548,34826362.0,7.05,7.05,34.93,2.11
2020-03-03,600615,534.72,524.03,547.55,516.9,34869,31136988.0,5.78,-1.21,-6.42,1.86
2020-03-04,600615,526.17,536.15,536.15,518.33,22436,19934009.0,3.4,2.31,12.12,1.2
2020-03-05,600615,550.4,549.69,551.83,537.57,46927,42842502.0,2.66,2.53,13.54,2.5
2020-03-06,600615,543.99,567.51,577.48,540.42,53109,49781479.0,6.74,3.24,17.82,2.83
2020-03-09,600615,553.96,526.88,563.94,525.46,50968,46092889.0,6.78,-7.16,-40.63,2.72
2020-03-10,600615,523.32,551.11,552.54,521.89,39626,35704046.0,5.82,4.6,24.23,2.11
2020-03-11,600615,551.83,541.14,557.53,539.71,34056,31185804.0,3.23,-1.81,-9.97,1.82
2020-03-12,600615,546.13,531.16,546.13,525.46,29646,26493982.0,3.82,-1.84,-9.98,1.58
2020-03-13,600615,510.49,521.89,527.59,501.94,28593,24726401.0,4.83,-1.75,-9.27,1.52
2020-03-16,600615,526.88,501.94,549.69,497.66,42327,37323409.0,9.97,-3.82,-19.95,2.26
2020-03-17,600615,506.21,497.66,511.92,463.45,33060,27682379.0,9.66,-0.85,-4.28,1.76
2020-03-18,600615,499.09,476.28,507.64,476.28,23775,19908908.0,6.3,-4.3,-21.38,1.27
2020-03-19,600615,479.84,485.55,490.53,463.45,26016,21146205.0,5.69,1.95,9.27,1.39
2020-03-20,600615,489.11,494.1,494.81,480.56,24169,20123361.0,2.93,1.76,8.55,1.29
2020-03-23,600615,479.84,452.05,483.41,452.05,29656,23620555.0,6.35,-8.51,-42.05,1.58
2020-03-24,600615,464.88,464.88,471.29,441.36,29507,23322689.0,6.62,2.84,12.83,1.57
2020-03-25,600615,468.44,476.99,482.69,466.3,25137,20362704.0,3.53,2.6,12.11,1.34
2020-03-26,600615,477.71,478.42,489.82,469.87,23020,18818538.0,4.18,0.3,1.43,1.23
2020-03-27,600615,486.26,474.14,486.26,471.29,20262,16544603.0,3.13,-0.89,-4.28,1.08
2020-03-30,600615,464.88,449.91,464.88,443.5,21514,16742765.0,4.51,-5.11,-24.23,1.15
2020-03-31,600615,454.9,475.57,484.12,452.05,45395,36654110.0,7.13,5.7,25.66,2.42
2020-04-01,600615,476.28,486.26,527.59,470.58,73374,62202350.0,11.99,2.25,10.69,3.91
2020-04-02,600615,494.81,493.39,495.52,480.56,27575,22961858.0,3.08,1.47,7.13,1.47
2020-04-03,600615,494.81,491.25,506.21,486.26,24820,20898637.0,4.04,-0.43,-2.14,1.32
2020-04-07,600615,499.8,498.37,507.64,493.39,34824,29441888.0,2.9,1.45,7.12,1.86
2020-04-08,600615,497.66,494.1,499.09,489.11,25484,21389459.0,2.0,-0.86,-4.27,1.36
2020-04-09,600615,501.94,504.79,514.77,494.81,39195,33436504.0,4.04,2.16,10.69,2.09
2020-04-10,600615,502.65,494.1,510.49,487.68,31380,26465636.0,4.52,-2.12,-10.69,1.67
2020-04-13,600615,491.96,479.84,491.96,474.85,16613,13648179.0,3.46,-2.89,-14.26,0.89
2020-04-14,600615,480.56,483.41,488.4,478.42,12491,10287884.0,2.08,0.74,3.57,0.67
2020-04-15,600615,483.41,480.56,488.4,474.85,21203,17411239.0,2.8,-0.59,-2.85,1.13
2020-04-16,600615,479.84,479.13,481.98,471.29,14123,11533325.0,2.22,-0.3,-1.43,0.75
2020-04-17,600615,480.56,479.13,489.82,476.99,23077,18983506.0,2.68,0.0,0.0,1.23
2020-04-20,600615,479.84,475.57,481.27,469.87,26686,21689082.0,2.38,-0.74,-3.56,1.42
2020-04-21,600615,476.99,468.44,477.71,466.3,18224,14710390.0,2.4,-1.5,-7.13,0.97
2020-04-22,600615,464.88,481.98,484.83,460.6,33149,27035891.0,5.17,2.89,13.54,1.77
2020-04-23,600615,484.83,504.08,514.05,481.27,47850,40601181.0,6.8,4.59,22.1,2.55
2020-04-24,600615,504.08,481.98,506.93,477.71,29567,24401554.0,5.8,-4.38,-22.1,1.58
2020-04-27,600615,483.41,482.69,486.26,474.14,13577,11106314.0,2.51,0.15,0.71,0.72
2020-04-28,600615,476.99,465.59,479.84,459.18,25443,20452228.0,4.28,-3.54,-17.1,1.36
2020-04-29,600615,467.02,455.61,474.14,454.9,16540,13123569.0,4.13,-2.14,-9.98,0.88
2020-04-30,600615,456.32,460.6,466.3,455.61,15810,12528168.0,2.35,1.1,4.99,0.84
2020-05-06,600615,457.75,462.03,463.45,452.05,27049,21225228.0,2.48,0.31,1.43,1.44
2020-05-07,600615,462.03,454.9,462.03,452.76,15042,11833809.0,2.01,-1.54,-7.13,0.8
2020-05-08,600615,457.04,457.75,460.6,454.9,10405,8200719.0,1.25,0.63,2.85,0.55
2020-05-11,600615,458.46,454.9,461.31,447.06,18219,14244703.0,3.11,-0.62,-2.85,0.97
2020-05-12,600615,457.04,452.05,457.04,441.36,23540,18269300.0,3.45,-0.63,-2.85,1.25
2020-05-13,600615,450.62,447.77,450.62,444.21,10525,8134881.0,1.42,-0.95,-4.28,0.56
2020-05-14,600615,447.06,442.78,449.2,442.07,11875,9137109.0,1.59,-1.11,-4.99,0.63
2020-05-15,600615,443.5,447.06,450.62,443.5,6830,5281579.0,1.61,0.97,4.28,0.36
2020-05-18,600615,445.63,455.61,457.04,441.36,21994,17142581.0,3.51,1.91,8.55,1.17
2020-05-19,600615,457.75,455.61,459.18,451.34,10379,8133334.0,1.72,0.0,0.0,0.55
2020-05-20,600615,452.05,450.62,459.18,449.2,8295,6462148.0,2.19,-1.1,-4.99,0.44
2020-05-21,600615,452.05,452.76,457.75,449.91,7738,6043123.0,1.74,0.47,2.14,0.41
2020-05-22,600615,453.47,470.58,475.57,444.92,38207,30445326.0,6.77,3.94,17.82,2.04
2020-05-25,600615,464.88,469.87,474.14,464.88,21306,17144830.0,1.97,-0.15,-0.71,1.14
2020-05-26,600615,470.58,527.59,527.59,466.3,82808,71383217.0,13.04,12.28,57.72,4.41
2020-05-27,600615,533.3,530.45,553.25,513.34,115291,103775124.0,7.56,0.54,2.86,6.14
2020-05-28,600615,519.76,553.25,573.92,511.2,89848,81471318.0,11.82,4.3,22.8,4.79
2020-05-29,600615,553.25,553.25,562.52,543.27,59229,54578632.0,3.48,0.0,0.0,3.16
2020-06-01,600615,576.77,550.4,578.2,543.99,47418,43781940.0,6.18,-0.52,-2.85,2.53
2020-06-02,600615,548.26,553.25,562.52,534.01,39092,36074030.0,5.18,0.52,2.85,2.08
2020-06-03,600615,553.25,551.11,565.37,547.55,32865,30382120.0,3.22,-0.39,-2.14,1.75
2020-06-04,600615,554.68,544.7,556.1,543.27,24425,22338805.0,2.33,-1.16,-6.41,1.3
2020-06-05,600615,544.7,554.68,570.36,539.0,29704,27432953.0,5.76,1.83,9.98,1.58
2020-06-08,600615,562.52,594.59,600.29,550.4,58143,55970226.0,8.99,7.2,39.91,3.1
2020-06-09,600615,591.74,605.28,608.84,576.77,47437,46381421.0,5.39,1.8,10.69,2.53
2020-06-10,600615,603.85,639.49,643.05,580.33,86931,88328971.0,10.36,5.65,34.21,4.63
2020-06-11,600615,639.49,565.37,672.99,565.37,220590,224505655.0,16.83,-11.59,-74.12,11.76
2020-06-12,600615,498.37,537.57,561.09,498.37,76091,67489393.0,11.09,-4.92,-27.8,4.06
2020-06-15,600615,536.15,497.66,536.15,496.24,49240,42737086.0,7.42,-7.42,-39.91,2.62
2020-06-16,600615,501.94,514.77,519.04,498.37,24680,21297368.0,4.15,3.44,17.11,1.32
2020-06-17,600615,514.77,526.17,529.02,502.65,30997,26896156.0,5.12,2.21,11.4,1.65
2020-06-18,600615,525.46,534.72,544.7,516.19,24889,22273549.0,5.42,1.62,8.55,1.33
2020-06-19,600615,534.01,549.69,555.39,527.59,27155,24776026.0,5.2,2.8,14.97,1.45
2020-06-22,600615,554.68,542.56,557.53,540.42,16403,15013083.0,3.11,-1.3,-7.13,0.87
2020-06-23,600615,541.85,528.31,547.55,527.59,15429,13848457.0,3.68,-2.63,-14.25,0.82
2020-06-24,600615,528.31,520.47,537.57,516.19,15908,13975459.0,4.05,-1.48,-7.84,0.85
2020-06-29,600615,519.76,522.61,523.32,509.78,13882,12086018.0,2.6,0.41,2.14,0.74
2020-06-30,600615,524.03,556.82,561.8,524.03,31319,28600344.0,7.23,6.55,34.21,1.67
2020-07-01,600615,556.82,556.1,572.5,548.98,23857,22204742.0,4.22,-0.13,-0.72,1.27
2020-07-02,600615,556.82,546.13,556.82,541.85,20867,19074435.0,2.69,-1.79,-9.97,1.11
2020-07-03,600615,546.84,551.83,558.95,545.41,15224,14012056.0,2.48,1.04,5.7,0.81
2020-07-06,600615,555.39,572.5,575.35,552.54,53439,50290149.0,4.13,3.75,20.67,2.85
2020-07-07,600615,576.77,570.36,586.75,562.52,48065,45795502.0,4.23,-0.37,-2.14,2.56
2020-07-08,600615,569.64,572.5,576.77,561.09,32948,31225268.0,2.75,0.38,2.14,1.76
2020-07-09,600615,572.5,585.32,588.17,570.36,37948,36518488.0,3.11,2.24,12.82,2.02
2020-07-10,600615,583.9,571.07,597.44,568.93,35787,34361317.0,4.87,-2.43,-14.25,1.91
2020-07-13,600615,574.63,582.47,590.31,566.79,40303,38696727.0,4.12,2.0,11.4,2.15
2020-07-14,600615,581.76,588.89,591.74,567.51,42779,41193767.0,4.16,1.1,6.42,2.28
2020-07-15,600615,588.89,570.36,588.89,566.79,48933,46692912.0,3.75,-3.15,-18.53,2.61
2020-07-16,600615,571.78,536.15,576.77,536.15,27850,25762251.0,7.12,-6.0,-34.21,1.48
2020-07-17,600615,538.29,529.02,551.83,516.19,27251,24130461.0,6.65,-1.33,-7.13,1.45
2020-07-20,600615,530.45,549.69,551.11,530.45,22774,20750827.0,3.91,3.91,20.67,1.21
2020-07-21,600615,552.54,547.55,560.38,546.13,16466,15150274.0,2.59,-0.39,-2.14,0.88
2020-07-22,600615,547.55,536.15,554.68,532.58,20723,18816852.0,4.04,-2.08,-11.4,1.1
2020-07-23,600615,531.87,521.18,536.86,506.21,31158,27195282.0,5.72,-2.79,-14.97,1.66
2020-07-24,600615,523.32,506.21,535.43,506.21,30180,26471852.0,5.61,-2.87,-14.97,1.61
2020-07-27,600615,509.06,501.22,519.04,494.81,20403,17366628.0,4.79,-0.99,-4.99,1.09
2020-07-28,600615,505.5,516.19,521.18,503.36,27444,23732154.0,3.56,2.99,14.97,1.46
2020-07-29,600615,517.62,538.29,539.71,516.9,33870,30158647.0,4.42,4.28,22.1,1.81
2020-07-30,600615,543.99,546.13,556.1,531.16,29655,26928273.0,4.63,1.46,7.84,1.58
2020-07-31,600615,548.26,551.11,558.24,540.42,19212,17617233.0,3.26,0.91,4.98,1.02
2020-08-03,600615,616.68,616.68,616.68,579.62,60997,60975987.0,6.72,11.9,65.57,3.25
2020-08-18,600615,688.67,688.67,688.67,660.87,82514,91535920.0,4.51,11.67,71.99,4.4
2020-08-19,600615,651.61,609.56,664.43,609.56,147938,152386435.0,7.97,-11.49,-79.11,7.88
2020-08-20,600615,586.04,558.24,586.04,553.96,107326,101396801.0,5.26,-8.42,-51.32,5.72
2020-08-21,600615,562.52,549.69,568.93,547.55,59718,55449844.0,3.83,-1.53,-8.55,3.18
2020-08-24,600615,549.69,551.11,555.39,528.31,39637,35880137.0,4.93,0.26,1.42,2.11
2020-08-25,600615,544.7,542.56,550.4,537.57,25009,22713502.0,2.33,-1.55,-8.55,1.33
2020-08-26,600615,539.71,541.85,553.96,537.57,30442,27732759.0,3.02,-0.13,-0.71,1.62
2020-08-27,600615,543.27,541.14,544.7,529.02,20168,18163843.0,2.89,-0.13,-0.71,1.07
2020-08-28,600615,538.29,534.72,543.27,529.73,21904,19608906.0,2.5,-1.19,-6.42,1.17
2020-08-31,600615,536.15,537.57,548.26,535.43,21964,19856887.0,2.4,0.53,2.85,1.17
2020-09-01,600615,533.3,536.86,541.85,522.61,23778,21227452.0,3.58,-0.13,-0.71,1.27
2020-09-02,600615,536.15,546.84,551.11,532.58,33605,30444956.0,3.45,1.86,9.98,1.79
2020-09-03,600615,551.83,535.43,551.83,534.01,22506,20310425.0,3.26,-2.09,-11.41,1.2
2020-09-04,600615,529.02,539.0,544.7,524.03,22989,20658838.0,3.86,0.67,3.57,1.23
2020-09-07,600615,537.57,538.29,551.83,523.32,28072,25492382.0,5.29,-0.13,-0.71,1.5
2020-09-08,600615,536.15,542.56,544.7,532.58,14581,13151788.0,2.25,0.79,4.27,0.78
2020-09-09,600615,539.0,537.57,548.26,534.01,31503,28501966.0,2.63,-0.92,-4.99,1.68
2020-09-10,600615,537.57,513.34,539.0,509.06,30250,26612570.0,5.57,-4.51,-24.23,1.61
2020-09-11,600615,511.92,516.19,520.47,502.65,11775,10159344.0,3.47,0.56,2.85,0.63
2020-09-14,600615,517.62,526.17,529.73,514.05,16763,14749935.0,3.04,1.93,9.98,0.89
2020-09-15,600615,529.73,519.76,529.73,514.05,10890,9525781.0,2.98,-1.22,-6.41,0.58
2020-09-16,600615,518.33,514.77,521.18,509.78,13084,11346723.0,2.19,-0.96,-4.99,0.7
2020-09-17,600615,510.49,514.77,522.61,510.49,9443,8205187.0,2.35,0.0,0.0,0.5
2020-09-18,600615,514.77,525.46,526.17,511.92,15171,13268024.0,2.77,2.08,10.69,0.81
2020-09-21,600615,521.89,518.33,527.59,516.19,13532,11837843.0,2.17,-1.36,-7.13,0.72
2020-09-22,600615,518.33,503.36,518.33,501.94,13362,11458223.0,3.16,-2.89,-14.97,0.71
2020-09-23,600615,503.36,504.08,506.93,500.51,7314,6227550.0,1.28,0.14,0.72,0.39
2020-09-24,600615,500.51,479.13,504.08,477.71,15064,12494411.0,5.23,-4.95,-24.95,0.8
2020-09-25,600615,479.13,470.58,486.26,469.87,12038,9773737.0,3.42,-1.78,-8.55,0.64
2020-09-28,600615,471.29,462.74,476.99,460.6,8929,7169841.0,3.48,-1.67,-7.84,0.48
2020-09-29,600615,465.59,471.29,479.84,461.31,12924,10451673.0,4.0,1.85,8.55,0.69
2020-09-30,600615,471.29,471.29,473.43,463.45,9134,7330840.0,2.12,0.0,0.0,0.49
2020-10-09,600615,474.85,482.69,489.82,474.85,10695,8824252.0,3.18,2.42,11.4,0.57
2020-10-12,600615,484.12,499.09,504.08,484.12,17198,14431766.0,4.14,3.4,16.4,0.92
2020-10-13,600615,495.52,501.22,514.77,493.39,18312,15581872.0,4.28,0.43,2.13,0.98
2020-10-14,600615,496.24,486.97,498.37,484.12,12688,10572457.0,2.84,-2.84,-14.25,0.68
2020-10-15,600615,486.26,486.26,491.96,481.27,9911,8193569.0,2.2,-0.15,-0.71,0.53
2020-10-16,600615,483.41,486.26,488.4,481.27,8375,6914896.0,1.47,0.0,0.0,0.45
2020-10-19,600615,486.97,488.4,507.64,483.41,15171,12695164.0,4.98,0.44,2.14,0.81
2020-10-20,600615,488.4,496.24,498.37,476.99,17705,14686963.0,4.38,1.61,7.84,0.94
2020-10-21,600615,492.67,483.41,500.51,480.56,12831,10610243.0,4.02,-2.59,-12.83,0.68
2020-10-22,600615,481.98,481.27,484.83,475.57,8327,6837011.0,1.92,-0.44,-2.14,0.44
2020-10-23,600615,484.83,479.13,491.96,476.99,19274,15928834.0,3.11,-0.44,-2.14,1.03
2020-10-26,600615,478.42,476.99,479.13,466.3,14404,11649080.0,2.68,-0.45,-2.14,0.77
2020-10-27,600615,474.85,479.84,486.26,470.58,19374,15845036.0,3.29,0.6,2.85,1.03
2020-10-28,600615,475.57,482.69,484.83,474.85,9921,8119094.0,2.08,0.59,2.85,0.53
2020-10-29,600615,484.83,486.26,491.96,476.28,13169,10874450.0,3.25,0.74,3.57,0.7
2020-10-30,600615,484.12,472.0,494.1,466.3,19870,16325000.0,5.72,-2.93,-14.26,1.06
2020-11-02,600615,467.02,443.5,474.85,442.07,38958,30931129.0,6.94,-6.04,-28.5,2.08
2020-11-03,600615,451.34,469.15,474.85,434.94,21255,16846666.0,9.0,5.78,25.65,1.13
2020-11-04,600615,470.58,467.02,474.85,462.74,10272,8254570.0,2.58,-0.45,-2.13,0.55
2020-11-05,600615,466.3,471.29,475.57,464.88,13861,11180587.0,2.29,0.91,4.27,0.74
2020-11-06,600615,471.29,463.45,474.14,459.89,15189,12139030.0,3.02,-1.66,-7.84,0.81
2020-11-09,600615,464.88,476.99,487.68,464.16,26604,21728559.0,5.07,2.92,13.54,1.42
2020-11-10,600615,476.99,469.15,480.56,466.3,12504,10101491.0,2.99,-1.64,-7.84,0.67
2020-11-11,600615,471.29,470.58,472.0,464.88,12122,9727402.0,1.52,0.3,1.43,0.65
2020-11-12,600615,466.3,467.02,470.58,463.45,7580,6068139.0,1.52,-0.76,-3.56,0.4
2020-11-13,600615,467.02,469.87,470.58,460.6,7452,5950854.0,2.14,0.61,2.85,0.4
2020-11-16,600615,469.15,479.13,482.69,467.73,20414,16662381.0,3.18,1.97,9.26,1.09
2020-11-17,600615,479.13,475.57,481.98,467.02,10203,8287094.0,3.12,-0.74,-3.56,0.54
2020-11-18,600615,477.71,477.71,489.11,475.57,15084,12404160.0,2.85,0.45,2.14,0.8
2020-11-19,600615,483.41,483.41,486.26,473.43,15742,12903442.0,2.69,1.19,5.7,0.84
2020-11-20,600615,483.41,480.56,483.41,474.14,11173,9125516.0,1.92,-0.59,-2.85,0.6
2020-11-23,600615,481.27,481.27,489.82,476.99,13832,11375368.0,2.67,0.15,0.71,0.74
2020-11-24,600615,477.71,489.11,491.25,476.28,26683,22044581.0,3.11,1.63,7.84,1.42
2020-11-25,600615,486.97,479.84,494.81,478.42,16032,13289166.0,3.35,-1.9,-9.27,0.85
2020-11-26,600615,476.99,470.58,480.56,469.15,15858,12831927.0,2.38,-1.93,-9.26,0.85
2020-11-27,600615,468.44,479.84,482.69,466.3,18967,15402303.0,3.48,1.97,9.26,1.01
2020-11-30,600615,479.84,479.13,487.68,472.0,16496,13505167.0,3.27,-0.15,-0.71,0.88
2020-12-01,600615,475.57,483.41,486.97,475.57,11137,9166019.0,2.38,0.89,4.28,0.59
2020-12-02,600615,485.55,479.13,489.11,477.71,13344,10977355.0,2.36,-0.89,-4.28,0.71
2020-12-03,600615,477.71,474.14,479.84,470.58,17823,14470998.0,1.93,-1.04,-4.99,0.95
2020-12-04,600615,473.43,475.57,476.99,470.58,6680,5418074.0,1.35,0.3,1.43,0.36
2020-12-07,600615,477.71,470.58,477.71,469.87,12107,9791998.0,1.65,-1.05,-4.99,0.65
2020-12-08,600615,471.29,471.29,479.84,469.15,7013,5674377.0,2.27,0.15,0.71,0.37
2020-12-09,600615,462.03,461.31,470.58,460.6,22597,18033324.0,2.12,-2.12,-9.98,1.2
2020-12-10,600615,455.61,454.19,459.89,448.48,10517,8239312.0,2.47,-1.54,-7.12,0.56
2020-12-11,600615,454.19,439.93,459.89,434.94,14538,11184803.0,5.49,-3.14,-14.26,0.77
2020-12-14,600615,443.5,447.77,448.48,434.23,7818,5990457.0,3.24,1.78,7.84,0.42
2020-12-15,600615,437.08,412.85,447.06,412.85,37417,27626046.0,7.64,-7.8,-34.92,1.99
2020-12-16,600615,412.14,380.78,412.85,378.64,60638,42347629.0,8.29,-7.77,-32.07,3.23
2020-12-17,600615,381.49,400.73,403.58,359.4,54123,37335797.0,11.6,5.24,19.95,2.88
2020-12-18,600615,398.6,390.76,407.86,387.9,21844,15278533.0,4.98,-2.49,-9.97,1.16
2020-12-21,600615,395.03,385.05,396.46,385.05,18073,12470945.0,2.92,-1.46,-5.71,0.96
2020-12-22,600615,385.05,371.51,388.62,369.37,15571,10545828.0,5.0,-3.52,-13.54,0.83
2020-12-23,600615,371.51,375.08,382.2,369.37,13843,9333639.0,3.45,0.96,3.57,0.74
2020-12-24,600615,375.08,372.23,379.35,370.09,13623,9133112.0,2.47,-0.76,-2.85,0.73
2020-12-25,600615,371.51,385.77,398.6,368.66,17740,12212062.0,8.04,3.64,13.54,0.95
2020-12-28,600615,387.19,377.21,393.61,372.94,12566,8506336.0,5.36,-2.22,-8.56,0.67
2020-12-29,600615,372.94,372.23,379.35,369.37,11363,7612639.0,2.65,-1.32,-4.98,0.61
2020-12-30,600615,372.23,370.09,375.79,368.66,7461,4982789.0,1.92,-0.57,-2.14,0.4
2020-12-31,600615,370.09,373.65,377.21,368.66,9142,6124461.0,2.31,0.96,3.56,0.49
2021-01-04,600615,373.65,374.36,383.63,370.09,20229,13602138.0,3.62,0.19,0.71,1.08
2021-01-05,600615,370.8,372.23,379.35,370.8,14109,9468734.0,2.28,-0.57,-2.13,0.75
2021-01-06,600615,372.23,347.99,372.23,338.02,32457,20804350.0,9.19,-6.51,-24.24,1.73
2021-01-07,600615,352.27,323.76,352.27,319.49,35589,21820369.0,9.42,-6.96,-24.23,1.9
2021-01-08,600615,328.04,325.19,334.45,295.25,29295,17250958.0,12.11,0.44,1.43,1.56
2021-01-11,600615,327.33,290.26,330.89,287.41,49735,28262283.0,13.37,-10.74,-34.93,2.65
2021-01-12,600615,290.98,283.14,312.36,277.44,55508,30594779.0,12.03,-2.45,-7.12,2.96
2021-01-13,600615,283.85,271.02,284.56,267.46,31303,16600897.0,6.04,-4.28,-12.12,1.67
2021-01-14,600615,269.6,272.45,276.72,263.89,20144,10618708.0,4.73,0.53,1.43,1.07
2021-01-15,600615,269.6,288.84,300.95,269.6,35083,19270964.0,11.51,6.02,16.39,1.87
2021-01-18,600615,288.84,294.54,300.24,288.13,25525,14218411.0,4.19,1.97,5.7,1.36
2021-01-19,600615,294.54,300.24,305.94,290.98,33100,18741737.0,5.08,1.94,5.7,1.76
2021-01-20,600615,300.95,304.52,310.93,297.39,17973,10262823.0,4.51,1.43,4.28,0.96
2021-01-21,600615,308.79,302.38,310.93,301.67,15682,9015214.0,3.04,-0.7,-2.14,0.84
2021-01-22,600615,303.81,292.4,303.81,290.26,29546,16484154.0,4.48,-3.3,-9.98,1.57
2021-01-25,600615,288.84,283.85,290.26,283.14,23083,12635827.0,2.44,-2.92,-8.55,1.23
2021-01-26,600615,283.85,283.14,290.26,276.72,30278,16479013.0,4.77,-0.25,-0.71,1.61
2021-01-27,600615,284.56,293.12,298.82,279.57,23292,12915732.0,6.8,3.52,9.98,1.24
2021-01-28,600615,288.84,295.25,303.81,285.28,34622,19475882.0,6.32,0.73,2.13,1.85
2021-01-29,600615,296.68,302.38,304.52,293.12,33315,18774201.0,3.86,2.41,7.13,1.78
2021-02-01,600615,278.86,289.55,295.97,278.15,34111,18799247.0,5.89,-4.24,-12.83,1.82
2021-02-02,600615,281.71,295.97,297.39,281.71,26743,14871741.0,5.42,2.22,6.42,1.43
2021-02-03,600615,293.83,295.25,298.1,284.56,39165,21825408.0,4.57,-0.24,-0.72,2.09
2021-02-04,600615,290.98,291.69,295.25,281.0,25491,14026467.0,4.83,-1.21,-3.56,1.36
2021-02-05,600615,291.69,303.09,305.94,290.98,50183,28421125.0,5.13,3.91,11.4,2.67
2021-02-08,600615,302.38,302.38,304.52,296.68,29193,16554749.0,2.59,-0.23,-0.71,1.56
2021-02-09,600615,305.94,302.38,306.66,297.39,42517,24259913.0,3.07,0.0,0.0,2.27
2021-02-10,600615,304.52,293.83,304.52,292.4,22259,12470963.0,4.01,-2.83,-8.55,1.19
2021-02-18,600615,293.83,302.38,313.07,293.83,21843,12510415.0,6.55,2.91,8.55,1.16
2021-02-19,600615,300.95,325.19,328.75,299.53,34597,20430933.0,9.66,7.54,22.81,1.84
2021-02-22,600615,323.76,329.46,346.57,323.76,41391,25626184.0,7.01,1.31,4.27,2.21
2021-02-23,600615,323.76,330.89,335.16,318.06,26604,16136186.0,5.19,0.43,1.43,1.42
2021-02-24,600615,327.33,328.04,333.74,323.05,17450,10605096.0,3.23,-0.86,-2.85,0.93
2021-02-25,600615,333.74,343.72,346.57,325.9,36982,22904646.0,6.3,4.78,15.68,1.97
2021-02-26,600615,333.03,333.03,340.87,325.9,32773,20132505.0,4.36,-3.11,-10.69,1.75
2021-03-01,600615,333.03,335.88,337.3,329.46,13641,8405588.0,2.35,0.86,2.85,0.73
2021-03-02,600615,333.74,331.6,334.45,328.75,26861,16412503.0,1.7,-1.27,-4.28,1.43
2021-03-03,600615,332.31,343.0,344.43,329.46,18363,11383259.0,4.51,3.44,11.4,0.98
2021-03-04,600615,342.29,362.96,370.8,335.88,41365,26449762.0,10.18,5.82,19.96,2.2
2021-03-05,600615,365.81,369.37,398.6,362.96,44083,29676514.0,9.82,1.77,6.41,2.35
2021-03-08,600615,375.08,372.94,376.5,367.95,19284,12835339.0,2.31,0.97,3.57,1.03
2021-03-09,600615,366.52,368.66,375.79,355.83,27399,18067111.0,5.35,-1.15,-4.28,1.46
2021-03-10,600615,372.23,367.24,379.35,363.67,18462,12257539.0,4.25,-0.39,-1.42,0.98
2021-03-11,600615,367.95,362.25,367.95,357.97,15545,10150812.0,2.72,-1.36,-4.99,0.83
2021-03-12,600615,362.96,363.67,365.81,357.26,17206,11228127.0,2.36,0.39,1.42,0.92
2021-03-15,600615,360.11,362.25,362.25,354.41,12911,8354402.0,2.16,-0.39,-1.42,0.69
2021-03-16,600615,362.25,363.67,368.66,356.55,10910,7146116.0,3.34,0.39,1.42,0.58
2021-03-17,600615,363.67,365.81,367.24,360.11,10965,7194317.0,1.96,0.59,2.14,0.58
2021-03-18,600615,365.81,366.52,372.94,365.81,9459,6266438.0,1.95,0.19,0.71,0.5
2021-03-19,600615,365.81,369.37,374.36,357.97,13879,9213494.0,4.47,0.78,2.85,0.74
2021-03-22,600615,369.37,377.21,379.35,362.96,28260,18929127.0,4.44,2.12,7.84,1.51
2021-03-23,600615,377.21,373.65,379.35,368.66,20046,13414746.0,2.83,-0.94,-3.56,1.07
2021-03-24,600615,377.93,371.51,377.93,367.95,13321,8870048.0,2.67,-0.57,-2.14,0.71
2021-03-25,600615,371.51,368.66,375.79,367.95,9825,6550962.0,2.11,-0.77,-2.85,0.52
2021-03-26,600615,372.94,375.08,380.78,367.95,17542,11826091.0,3.48,1.74,6.42,0.93
2021-03-29,600615,372.94,371.51,380.07,371.51,12367,8300765.0,2.28,-0.95,-3.57,0.66
2021-03-30,600615,371.51,361.53,378.64,360.11,24900,16547923.0,4.99,-2.69,-9.98,1.33
2021-03-31,600615,361.53,358.68,363.67,349.42,11228,7297169.0,3.94,-0.79,-2.85,0.6
2021-04-01,600615,358.68,343.0,361.53,339.44,17623,11124601.0,6.16,-4.37,-15.68,0.94
2021-04-02,600615,349.42,333.74,349.42,329.46,17052,10516439.0,5.82,-2.7,-9.26,0.91
2021-04-06,600615,336.59,337.3,340.15,330.89,17148,10575498.0,2.77,1.07,3.56,0.91
2021-04-07,600615,336.59,345.86,346.57,334.45,10775,6734518.0,3.59,2.54,8.56,0.57
2021-04-08,600615,340.15,339.44,345.86,335.16,12885,8000526.0,3.09,-1.86,-6.42,0.69
2021-04-09,600615,338.02,340.15,343.0,335.88,9773,6075922.0,2.1,0.21,0.71,0.52
2021-04-12,600615,340.15,325.19,340.15,320.91,15593,9502026.0,5.66,-4.4,-14.96,0.83
2021-04-13,600615,323.76,315.92,323.76,313.78,14620,8630278.0,3.07,-2.85,-9.27,0.78
2021-04-14,600615,318.06,324.47,328.75,316.63,8441,5053689.0,3.84,2.71,8.55,0.45
2021-04-15,600615,328.04,330.89,331.6,321.62,7049,4270601.0,3.08,1.98,6.42,0.38
2021-04-16,600615,330.89,346.57,346.57,330.89,13719,8526887.0,4.74,4.74,15.68,0.73
2021-04-19,600615,346.57,342.29,350.13,338.73,16204,10117085.0,3.29,-1.23,-4.28,0.86
2021-04-20,600615,342.29,343.72,347.99,338.02,14890,9360037.0,2.91,0.42,1.43,0.79
2021-04-21,600615,345.14,348.71,348.71,339.44,29225,18430831.0,2.7,1.45,4.99,1.56
2021-04-22,600615,349.42,344.43,352.98,344.43,20548,12983906.0,2.45,-1.23,-4.28,1.1
2021-04-23,600615,341.58,341.58,347.28,340.15,15017,9408314.0,2.07,-0.83,-2.85,0.8
2021-04-26,600615,334.45,336.59,347.28,334.45,17799,11051171.0,3.76,-1.46,-4.99,0.95
2021-04-27,600615,331.6,302.38,343.0,295.97,42087,24968876.0,13.97,-10.16,-34.21,2.24
2021-04-28,600615,300.95,301.67,306.66,285.28,30515,17140103.0,7.07,-0.23,-0.71,1.63
2021-04-29,600615,302.38,286.7,302.38,286.7,17379,9689314.0,5.2,-4.96,-14.97,0.93
2021-05-06,600615,267.46,267.46,271.02,267.46,59444,30984388.0,1.24,-6.71,-19.24,3.17
2021-05-07,600615,267.46,285.99,285.99,265.32,19340,10366540.0,7.73,6.93,18.53,1.03
2021-05-10,600615,289.55,305.23,305.23,285.99,20840,11828139.0,6.73,6.73,19.24,1.11
2021-05-11,600615,305.23,325.9,325.9,296.68,23888,14194423.0,9.57,6.77,20.67,1.27
2021-05-12,600615,320.91,332.31,342.29,320.91,14016,8609546.0,6.56,1.97,6.41,0.75
2021-05-13,600615,332.31,352.27,354.41,332.31,18704,11919536.0,6.65,6.01,19.96,1.0
2021-05-14,600615,351.56,338.73,361.53,336.59,19731,12568940.0,7.08,-3.84,-13.54,1.05
2021-05-17,600615,335.88,328.75,335.88,319.49,10097,6102550.0,4.84,-2.95,-9.98,0.54
2021-05-18,600615,332.31,350.13,350.13,323.05,18561,11686811.0,8.24,6.5,21.38,0.99
2021-05-19,600615,357.26,372.94,372.94,350.13,22586,14847825.0,6.51,6.51,22.81,1.2
2021-05-20,600615,380.07,396.46,396.46,380.07,33236,23266839.0,4.39,6.31,23.52,1.77
2021-05-21,600615,387.9,375.08,417.13,372.23,33013,23304162.0,11.33,-5.39,-21.38,1.76
2021-05-24,600615,371.51,399.31,399.31,362.96,20458,14073792.0,9.69,6.46,24.23,1.09
2021-05-25,600615,407.15,400.73,418.55,396.46,18038,12886328.0,5.53,0.36,1.42,0.96
2021-05-26,600615,397.88,399.31,402.16,390.04,11463,8068755.0,3.02,-0.35,-1.42,0.61
2021-05-27,600615,399.31,402.16,405.72,394.32,6079,4299238.0,2.85,0.71,2.85,0.32
2021-05-28,600615,397.88,407.15,419.98,397.17,8398,6059484.0,5.67,1.24,4.99,0.45
2021-05-31,600615,407.15,416.41,418.55,405.72,9144,6613185.0,3.15,2.27,9.26,0.49
2021-06-01,600615,417.13,417.84,429.95,412.14,12719,9317748.0,4.28,0.34,1.43,0.68
2021-06-02,600615,420.69,429.95,434.23,413.56,14920,11111023.0,4.95,2.9,12.11,0.8
2021-06-03,600615,432.81,431.38,434.23,417.13,7341,5467947.0,3.98,0.33,1.43,0.39
2021-06-04,600615,436.37,435.66,437.08,429.95,6648,4999968.0,1.65,0.99,4.28,0.35
2021-06-07,600615,437.08,443.5,444.92,431.38,11204,8506274.0,3.11,1.8,7.84,0.6
2021-06-08,600615,443.5,442.07,443.5,437.08,3641,2781419.0,1.45,-0.32,-1.43,0.19
2021-06-09,600615,442.07,439.93,443.5,437.79,8050,6137132.0,1.29,-0.48,-2.14,0.43
2021-06-10,600615,439.93,448.48,448.48,438.51,10682,8220959.0,2.27,1.94,8.55,0.57
2021-06-11,600615,451.34,436.37,451.34,427.1,7148,5445587.0,5.4,-2.7,-12.11,0.38
2021-06-15,600615,435.66,409.29,435.66,409.29,16184,11766615.0,6.04,-6.21,-27.08,0.86
2021-06-16,600615,403.58,396.46,414.99,389.33,8277,5857511.0,6.27,-3.13,-12.83,0.44
2021-06-17,600615,396.46,407.15,409.29,395.03,5192,3682329.0,3.6,2.7,10.69,0.28
2021-06-18,600615,400.02,422.83,432.81,399.31,5512,4051825.0,8.23,3.85,15.68,0.29
2021-06-21,600615,422.11,439.22,442.07,414.99,7136,5381955.0,6.4,3.88,16.39,0.38
2021-06-22,600615,439.22,461.31,464.88,437.08,12412,9655057.0,6.33,5.03,22.09,0.66
2021-06-23,600615,465.59,467.02,480.56,457.75,15838,12787479.0,4.94,1.24,5.71,0.84
2021-06-24,600615,472.0,467.02,472.72,463.45,4571,3669130.0,1.98,0.0,0.0,0.24
2021-06-25,600615,467.73,467.02,470.58,452.76,7806,6196314.0,3.82,0.0,0.0,0.42
2021-06-28,600615,467.02,466.3,470.58,452.05,5388,4268901.0,3.97,-0.15,-0.72,0.29
2021-06-29,600615,467.02,446.35,467.02,444.92,7400,5783516.0,4.74,-4.28,-19.95,0.39
2021-06-30,600615,441.36,441.36,454.19,439.93,2946,2264672.0,3.19,-1.12,-4.99,0.16
2021-07-01,600615,442.07,444.92,455.61,439.22,3673,2837895.0,3.71,0.81,3.56,0.2
2021-07-02,600615,442.78,444.92,453.47,431.38,4936,3757838.0,4.96,0.0,0.0,0.26
2021-07-05,600615,435.66,437.08,444.92,430.67,6467,4904912.0,3.2,-1.76,-7.84,0.34
2021-07-06,600615,437.79,437.79,443.5,427.82,3231,2442192.0,3.59,0.16,0.71,0.17
2021-07-07,600615,432.09,425.68,432.09,421.4,5060,3768012.0,2.44,-2.77,-12.11,0.27
2021-07-08,600615,426.39,419.26,426.39,414.27,7217,5277762.0,2.85,-1.51,-6.42,0.38
2021-07-09,600615,419.26,410.71,419.26,405.72,7694,5546781.0,3.23,-2.04,-8.55,0.41
2021-07-12,600615,410.71,436.37,436.37,410.71,4194,3155297.0,6.25,6.25,25.66,0.22
2021-07-13,600615,463.45,461.31,463.45,447.77,17424,13803534.0,3.59,5.72,24.94,0.93
2021-07-14,600615,467.73,459.18,467.73,432.81,6684,5239472.0,7.57,-0.46,-2.13,0.36
2021-07-15,600615,445.63,451.34,457.04,445.63,4739,3693402.0,2.48,-1.71,-7.84,0.25
2021-07-16,600615,452.05,451.34,459.89,446.35,4162,3236956.0,3.0,0.0,0.0,0.22
2021-07-19,600615,451.34,441.36,455.61,434.23,1856,1421910.0,4.74,-2.21,-9.98,0.1
2021-07-20,600615,440.64,449.2,464.16,437.79,2751,2130856.0,5.97,1.78,7.84,0.15
2021-07-21,600615,441.36,444.92,455.61,440.64,4161,3209343.0,3.33,-0.95,-4.28,0.22
2021-07-22,600615,444.92,442.78,447.06,440.64,3649,2795461.0,1.44,-0.48,-2.14,0.19
2021-07-23,600615,448.48,442.78,448.48,439.22,4113,3151522.0,2.09,0.0,0.0,0.22
2021-07-26,600615,442.07,434.23,442.07,432.09,4406,3332461.0,2.25,-1.93,-8.55,0.23
2021-07-27,600615,437.79,431.38,437.79,430.67,3288,2482143.0,1.64,-0.66,-2.85,0.18
2021-07-28,600615,438.51,437.08,447.77,432.09,5028,3825655.0,3.63,1.32,5.7,0.27
2021-07-29,600615,439.93,443.5,443.5,432.81,5123,3898156.0,2.45,1.47,6.42,0.27
2021-07-30,600615,442.07,441.36,443.5,434.94,3282,2497038.0,1.93,-0.48,-2.14,0.17
2021-08-02,600615,443.5,434.94,444.21,424.25,6327,4791750.0,4.52,-1.45,-6.42,0.34
2021-08-03,600615,428.53,424.97,438.51,424.25,2589,1931089.0,3.28,-2.29,-9.97,0.14
2021-08-04,600615,424.97,398.6,427.82,398.6,11734,8361161.0,6.88,-6.21,-26.37,0.63
2021-08-05,600615,399.31,375.08,399.31,373.65,17104,11577958.0,6.44,-5.9,-23.52,0.91
2021-08-06,600615,374.36,380.78,384.34,370.8,5603,3803171.0,3.61,1.52,5.7,0.3
2021-08-09,600615,381.49,380.78,385.05,377.93,4552,3092942.0,1.87,0.0,0.0,0.24
2021-08-10,600615,380.78,372.23,382.2,366.52,13033,8699383.0,4.12,-2.25,-8.55,0.69
2021-08-11,600615,371.51,365.81,372.23,360.82,8599,5679174.0,3.07,-1.72,-6.42,0.46
2021-08-12,600615,365.81,372.23,375.08,361.53,7774,5155090.0,3.7,1.76,6.42,0.41
2021-08-13,600615,370.8,370.8,372.23,366.52,8183,5437916.0,1.53,-0.38,-1.43,0.44
2021-08-16,600615,373.65,390.76,394.32,370.09,11626,8016317.0,6.53,5.38,19.96,0.62
2021-08-17,600615,387.9,381.49,390.04,372.23,7008,4778626.0,4.56,-2.37,-9.27,0.37
2021-08-18,600615,385.77,381.49,391.47,376.5,10747,7329863.0,3.92,0.0,0.0,0.57
2021-08-19,600615,382.92,384.34,385.05,377.21,4454,3037722.0,2.06,0.75,2.85,0.24
2021-08-20,600615,385.05,390.04,390.04,380.07,5841,4013567.0,2.59,1.48,5.7,0.31
2021-08-23,600615,387.9,389.33,392.89,380.78,6398,4402997.0,3.1,-0.18,-0.71,0.34
2021-08-24,600615,385.77,387.19,392.18,385.77,2779,1921024.0,1.65,-0.55,-2.14,0.15
2021-08-25,600615,387.9,384.34,390.04,382.92,6533,4489379.0,1.84,-0.74,-2.85,0.35
2021-08-26,600615,382.92,379.35,385.77,377.21,5133,3487374.0,2.23,-1.3,-4.99,0.27
2021-08-27,600615,380.78,384.34,385.05,378.64,2614,1787542.0,1.69,1.32,4.99,0.14
2021-08-30,600615,385.77,378.64,385.77,378.64,3085,2104235.0,1.86,-1.48,-5.7,0.16
2021-08-31,600615,382.92,377.93,382.92,375.08,4988,3366621.0,2.07,-0.19,-0.71,0.27
2021-09-01,600615,377.93,374.36,381.49,372.94,5033,3385624.0,2.26,-0.94,-3.57,0.27
2021-09-02,600615,373.65,371.51,373.65,365.81,8329,5522383.0,2.09,-0.76,-2.85,0.44
2021-09-03,600615,367.24,370.8,372.23,367.24,5349,3553940.0,1.34,-0.19,-0.71,0.29
2021-09-06,600615,368.66,367.95,370.8,363.67,3718,2455305.0,1.92,-0.77,-2.85,0.2
2021-09-07,600615,370.8,369.37,370.8,363.67,6915,4558149.0,1.94,0.39,1.42,0.37
2021-09-08,600615,365.81,369.37,371.51,364.39,6847,4549682.0,1.93,0.0,0.0,0.36
2021-09-09,600615,370.09,375.79,376.5,367.24,5946,3980919.0,2.51,1.74,6.42,0.32
2021-09-10,600615,375.08,370.09,375.08,370.09,3625,2418559.0,1.33,-1.52,-5.7,0.19
2021-09-13,600615,372.23,367.24,372.94,366.52,4668,3098375.0,1.73,-0.77,-2.85,0.25
2021-09-14,600615,367.24,380.07,390.76,366.52,19580,13376652.0,6.6,3.49,12.83,1.04
2021-09-15,600615,373.65,404.3,404.3,373.65,12849,8968370.0,8.06,6.38,24.23,0.68
2021-09-16,600615,414.27,429.24,429.95,413.56,31009,23152128.0,4.05,6.17,24.94,1.65
2021-09-17,600615,428.53,428.53,442.07,413.56,29941,22320244.0,6.64,-0.17,-0.71,1.6
2021-09-22,600615,422.83,431.38,437.08,411.42,9630,7130750.0,5.99,0.67,2.85,0.51
2021-09-23,600615,434.94,424.25,434.94,422.11,7715,5734632.0,2.97,-1.65,-7.13,0.41
2021-09-24,600615,426.39,412.85,426.39,405.01,6555,4792243.0,5.04,-2.69,-11.4,0.35
2021-09-27,600615,409.29,438.51,438.51,409.29,25524,19292762.0,7.08,6.22,25.66,1.36
2021-09-28,600615,437.08,418.55,437.08,418.55,13333,9882372.0,4.23,-4.55,-19.96,0.71
2021-09-29,600615,418.55,416.41,429.24,413.56,5271,3852653.0,3.75,-0.51,-2.14,0.28
2021-09-30,600615,412.85,429.95,433.52,412.85,5257,3910563.0,4.96,3.25,13.54,0.28
2021-10-08,600615,437.08,429.95,437.08,425.68,4984,3737656.0,2.65,0.0,0.0,0.27
2021-10-11,600615,432.09,447.06,456.32,432.09,11550,8996376.0,5.64,3.98,17.11,0.62
2021-10-12,600615,444.92,441.36,450.62,432.09,7208,5518841.0,4.14,-1.27,-5.7,0.38
2021-10-13,600615,436.37,434.23,442.07,431.38,4380,3315400.0,2.42,-1.62,-7.13,0.23
2021-10-14,600615,434.23,424.25,434.94,419.26,8990,6675320.0,3.61,-2.3,-9.98,0.48
2021-10-15,600615,424.25,413.56,429.24,408.57,8040,5875880.0,4.87,-2.52,-10.69,0.43
2021-10-18,600615,413.56,429.95,436.37,399.31,13519,9926470.0,8.96,3.96,16.39,0.72
2021-10-19,600615,429.95,430.67,432.09,423.54,6415,4807677.0,1.99,0.17,0.72,0.34
2021-10-20,600615,434.23,431.38,434.23,424.97,3176,2373825.0,2.15,0.16,0.71,0.17
2021-10-21,600615,444.92,432.81,444.92,424.97,5294,3981765.0,4.62,0.33,1.43,0.28
2021-10-22,600615,432.09,427.82,440.64,426.39,4694,3539612.0,3.29,-1.15,-4.99,0.25
2021-10-25,600615,429.24,419.98,429.24,410.0,6418,4698175.0,4.5,-1.83,-7.84,0.34
2021-10-26,600615,412.85,415.7,422.11,407.86,3048,2221446.0,3.39,-1.02,-4.28,0.16
2021-10-27,600615,417.84,416.41,420.69,407.86,4434,3210444.0,3.09,0.17,0.71,0.24
2021-10-28,600615,411.42,412.85,422.11,399.31,5780,4168926.0,5.48,-0.85,-3.56,0.31
2021-10-29,600615,407.15,427.82,435.66,404.3,7095,5200865.0,7.6,3.63,14.97,0.38
2021-11-01,600615,425.68,429.24,437.08,425.68,5060,3795989.0,2.66,0.33,1.42,0.27
2021-11-02,600615,430.67,422.11,432.81,419.98,6818,5072387.0,2.99,-1.66,-7.13,0.36
2021-11-03,600615,418.55,414.27,422.11,405.72,5047,3653642.0,3.88,-1.86,-7.84,0.27
2021-11-04,600615,412.14,417.84,422.11,411.42,2882,2104905.0,2.58,0.86,3.57,0.15
2021-11-05,600615,418.55,415.7,425.68,414.27,6521,4790516.0,2.73,-0.51,-2.14,0.35
2021-11-08,600615,419.98,417.84,419.98,414.27,1673,1222461.0,1.37,0.51,2.14,0.09
2021-11-09,600615,422.83,441.36,444.21,416.41,10024,7436565.0,6.65,5.63,23.52,0.53
2021-11-10,600615,437.79,449.91,453.47,435.66,12743,9803526.0,4.04,1.94,8.55,0.68
2021-11-11,600615,449.91,449.2,462.74,444.92,7045,5491125.0,3.96,-0.16,-0.71,0.38
2021-11-12,600615,450.62,472.0,476.99,450.62,17999,14495958.0,5.87,5.08,22.8,0.96
2021-11-15,600615,467.02,477.71,484.12,463.45,11977,9751380.0,4.38,1.21,5.71,0.64
2021-11-16,600615,477.71,458.46,477.71,458.46,9285,7433615.0,4.03,-4.03,-19.25,0.49
2021-11-17,600615,457.04,464.88,465.59,452.76,3381,2678103.0,2.8,1.4,6.42,0.18
2021-11-18,600615,460.6,472.0,477.71,457.75,5696,4588230.0,4.29,1.53,7.12,0.3
2021-11-19,600615,474.14,476.99,491.25,464.88,8463,6913891.0,5.59,1.06,4.99,0.45
2021-11-22,600615,475.57,467.73,475.57,461.31,8029,6415725.0,2.99,-1.94,-9.26,0.43
2021-11-23,600615,467.73,468.44,469.15,457.75,5655,4503820.0,2.44,0.15,0.71,0.3
2021-11-24,600615,468.44,464.88,469.87,459.18,3163,2520111.0,2.28,-0.76,-3.56,0.17
2021-11-25,600615,467.73,459.18,467.73,457.75,2790,2211089.0,2.15,-1.23,-5.7,0.15
2021-11-26,600615,456.32,452.05,462.74,452.05,3383,2657898.0,2.33,-1.55,-7.13,0.18
2021-11-29,600615,449.2,449.91,458.46,445.63,8279,6431769.0,2.84,-0.47,-2.14,0.44
2021-11-30,600615,452.05,444.92,454.19,444.92,5019,3896858.0,2.06,-1.11,-4.99,0.27
2021-12-01,600615,449.2,448.48,449.2,443.5,3044,2348471.0,1.28,0.8,3.56,0.16
2021-12-02,600615,447.06,448.48,452.05,443.5,5214,4035036.0,1.91,0.0,0.0,0.28
2021-12-03,600615,448.48,476.28,476.28,445.63,18588,15009751.0,6.83,6.2,27.8,0.99
2021-12-06,600615,480.56,469.15,480.56,463.45,10064,8112805.0,3.59,-1.5,-7.13,0.54
2021-12-07,600615,469.15,497.66,497.66,469.15,29884,25133731.0,6.08,6.08,28.51,1.59
2021-12-08,600615,494.81,499.8,511.92,483.41,23813,20148476.0,5.73,0.43,2.14,1.27
2021-12-09,600615,496.95,494.1,509.06,484.83,13776,11618746.0,4.85,-1.14,-5.7,0.73
2021-12-10,600615,489.82,499.8,499.8,489.82,5853,4923171.0,2.02,1.15,5.7,0.31
2021-12-13,600615,499.09,488.4,499.09,472.0,13693,11270065.0,5.42,-2.28,-11.4,0.73
2021-12-14,600615,486.26,484.12,494.81,479.13,3713,3076843.0,3.21,-0.88,-4.28,0.2
2021-12-15,600615,484.12,486.97,493.39,472.72,10207,8386476.0,4.27,0.59,2.85,0.54
2021-12-16,600615,479.13,482.69,494.81,479.13,4426,3674247.0,3.22,-0.88,-4.28,0.24
2021-12-17,600615,482.69,469.15,484.83,461.31,12261,9894339.0,4.87,-2.81,-13.54,0.65
2021-12-20,600615,468.44,477.71,482.69,468.44,4171,3386387.0,3.04,1.82,8.56,0.22
2021-12-21,600615,474.85,484.83,486.97,472.72,3287,2705656.0,2.98,1.49,7.12,0.18
2021-12-22,600615,486.97,482.69,489.11,477.71,2490,2050534.0,2.35,-0.44,-2.14,0.13
2021-12-23,600615,486.97,491.25,497.66,481.27,5138,4282908.0,3.4,1.77,8.56,0.27
2021-12-24,600615,491.25,486.97,496.95,481.98,5694,4735787.0,3.05,-0.87,-4.28,0.3
2021-12-27,600615,486.97,513.34,516.19,479.13,16595,14264209.0,7.61,5.42,26.37,0.88
2021-12-28,600615,508.35,520.47,529.02,507.64,13754,12029335.0,4.16,1.39,7.13,0.73
2021-12-29,600615,520.47,537.57,551.83,520.47,20169,18221993.0,6.03,3.29,17.1,1.07
2021-12-30,600615,531.16,532.58,537.57,520.47,6643,5883852.0,3.18,-0.93,-4.99,0.35
2021-12-31,600615,548.26,522.61,548.26,500.51,27313,23627939.0,8.97,-1.87,-9.97,1.46
2022-01-04,600615,519.04,491.96,521.89,491.25,23952,20161692.0,5.86,-5.86,-30.65,1.28
2022-01-05,600615,487.68,464.88,491.25,462.03,16947,13660845.0,5.94,-5.5,-27.08,0.9
2022-01-06,600615,462.74,476.99,481.98,462.03,9881,8024286.0,4.29,2.6,12.11,0.53
2022-01-07,600615,474.14,473.43,478.42,467.73,6813,5511376.0,2.24,-0.75,-3.56,0.36
2022-01-10,600615,473.43,492.67,496.95,473.43,8068,6698972.0,4.97,4.06,19.24,0.43
2022-01-11,600615,487.68,499.09,505.5,487.68,5905,4995649.0,3.62,1.3,6.42,0.31
2022-01-12,600615,499.8,499.09,507.64,494.81,6324,5354982.0,2.57,0.0,0.0,0.34
2022-01-13,600615,497.66,499.09,514.05,494.81,5567,4749145.0,3.86,0.0,0.0,0.3
2022-01-14,600615,499.09,498.37,504.08,488.4,4171,3520086.0,3.14,-0.14,-0.72,0.22
2022-01-17,600615,498.37,513.34,521.18,492.67,8478,7319050.0,5.72,3.0,14.97,0.45
2022-01-18,600615,513.34,527.59,534.72,509.06,10233,9046854.0,5.0,2.78,14.25,0.55
2022-01-19,600615,534.72,528.31,537.57,512.63,6236,5535045.0,4.73,0.14,0.72,0.33
2022-01-20,600615,521.89,507.64,535.43,505.5,6939,6047634.0,5.67,-3.91,-20.67,0.37
2022-01-21,600615,521.18,501.94,526.88,498.37,4506,3835822.0,5.62,-1.12,-5.7,0.24
2022-01-24,600615,497.66,502.65,514.77,497.66,2111,1793688.0,3.41,0.14,0.71,0.11
2022-01-25,600615,501.94,485.55,504.79,476.28,4407,3662136.0,5.67,-3.4,-17.1,0.23
2022-01-26,600615,497.66,491.96,501.94,480.56,2054,1712644.0,4.4,1.32,6.41,0.11
2022-01-27,600615,486.26,462.03,486.26,462.03,13812,10990115.0,4.93,-6.08,-29.93,0.74
2022-01-28,600615,448.48,454.19,464.88,433.52,9313,7126974.0,6.79,-1.7,-7.84,0.5
2022-02-07,600615,449.91,454.9,466.3,439.22,2858,2231477.0,5.96,0.16,0.71,0.15
2022-02-08,600615,473.43,482.69,482.69,455.61,8858,7240998.0,5.95,6.11,27.79,0.47
2022-02-09,600615,482.69,510.49,511.92,482.69,7934,6739750.0,6.06,5.76,27.8,0.42
2022-02-10,600615,510.49,499.09,526.17,494.1,8514,7238870.0,6.28,-2.23,-11.4,0.45
2022-02-11,600615,499.09,469.87,499.09,469.15,7808,6384199.0,6.0,-5.85,-29.22,0.42
2022-02-14,600615,467.02,486.97,497.66,459.18,5281,4312883.0,8.19,3.64,17.1,0.28
2022-02-15,600615,480.56,484.12,491.96,457.75,4865,3936867.0,7.03,-0.59,-2.85,0.26
2022-02-16,600615,482.69,503.36,510.49,472.0,7755,6587193.0,7.95,3.97,19.24,0.41
2022-02-17,600615,498.37,509.06,514.05,498.37,7008,6029276.0,3.12,1.13,5.7,0.37
2022-02-18,600615,514.77,508.35,514.77,504.79,2208,1896575.0,1.96,-0.14,-0.71,0.12
2022-02-21,600615,506.93,505.5,514.05,496.24,3032,2592571.0,3.5,-0.56,-2.85,0.16
2022-02-22,600615,474.85,506.21,511.2,474.85,3785,3204293.0,7.19,0.14,0.71,0.2
2022-02-23,600615,507.64,501.22,521.89,492.67,4315,3672772.0,5.77,-0.99,-4.99,0.23
2022-02-24,600615,501.22,494.81,504.79,486.26,6792,5715777.0,3.7,-1.28,-6.41,0.36
2022-02-25,600615,491.96,504.79,506.21,491.96,3671,3123096.0,2.88,2.02,9.98,0.2
2022-02-28,600615,504.79,502.65,510.49,496.95,3599,3048647.0,2.68,-0.42,-2.14,0.19
2022-03-01,600615,499.8,494.1,508.35,489.11,4296,3621164.0,3.83,-1.7,-8.55,0.23
2022-03-02,600615,487.68,491.25,497.66,482.69,2277,1896295.0,3.03,-0.58,-2.85,0.12
2022-03-03,600615,494.1,487.68,494.81,482.69,2918,2417205.0,2.47,-0.73,-3.57,0.16
2022-03-04,600615,489.82,485.55,489.82,481.27,2174,1796739.0,1.75,-0.44,-2.13,0.12
2022-03-07,600615,476.28,480.56,487.68,476.28,2587,2129877.0,2.35,-1.03,-4.99,0.14
2022-03-08,600615,480.56,474.85,485.55,460.6,4184,3377849.0,5.19,-1.19,-5.71,0.22
2022-03-09,600615,469.87,459.89,476.99,445.63,6774,5330940.0,6.6,-3.15,-14.96,0.36
2022-03-10,600615,462.03,464.88,467.73,454.19,1640,1305484.0,2.94,1.09,4.99,0.09
2022-03-11,600615,457.75,469.15,469.15,453.47,2094,1660722.0,3.37,0.92,4.27,0.11
2022-03-14,600615,467.02,461.31,467.02,452.76,1865,1471860.0,3.04,-1.67,-7.84,0.1
2022-03-15,600615,454.19,441.36,459.89,437.79,2502,1950466.0,4.79,-4.32,-19.95,0.13
2022-03-16,600615,445.63,447.77,451.34,439.93,3126,2411709.0,2.59,1.45,6.41,0.17
2022-03-17,600615,449.2,452.05,457.04,449.2,3924,3067511.0,1.75,0.96,4.28,0.21
2022-03-18,600615,452.05,479.84,479.84,452.05,7033,5714149.0,6.15,6.15,27.79,0.37
2022-03-21,600615,480.56,489.11,507.64,468.44,6362,5308178.0,8.17,1.93,9.27,0.34
2022-03-22,600615,483.41,488.4,501.22,483.41,3940,3277984.0,3.64,-0.15,-0.71,0.21
2022-03-23,600615,491.25,491.96,495.52,486.26,3818,3190172.0,1.9,0.73,3.56,0.2
2022-03-24,600615,494.1,491.25,504.79,489.82,2724,2292093.0,3.04,-0.14,-0.71,0.15
2022-03-25,600615,491.25,488.4,494.81,481.98,3580,2977729.0,2.61,-0.58,-2.85,0.19
2022-03-28,600615,488.4,489.82,491.25,481.27,2212,1834680.0,2.04,0.29,1.42,0.12
2022-03-29,600615,485.55,488.4,491.25,483.41,1293,1069513.0,1.6,-0.29,-1.42,0.07
2022-03-30,600615,487.68,496.24,504.79,486.26,5184,4384952.0,3.79,1.61,7.84,0.28
2022-03-31,600615,496.24,487.68,500.51,485.55,3165,2630993.0,3.01,-1.72,-8.56,0.17
2022-04-01,600615,487.68,504.08,513.34,484.12,14112,12029447.0,5.99,3.36,16.4,0.75
2022-04-06,600615,506.93,529.73,533.3,501.94,14923,12922742.0,6.22,5.09,25.65,0.8
2022-04-07,600615,529.73,526.17,534.01,519.76,7656,6757398.0,2.69,-0.67,-3.56,0.41
2022-04-08,600615,532.58,548.98,551.83,520.47,15904,14256594.0,5.96,4.34,22.81,0.85
2022-04-11,600615,546.84,548.26,566.08,541.14,14787,13597347.0,4.54,-0.13,-0.72,0.79
2022-04-12,600615,551.11,555.39,561.09,542.56,11102,10160002.0,3.38,1.3,7.13,0.59
2022-04-13,600615,546.84,548.26,555.39,545.41,7271,6688089.0,1.8,-1.28,-7.13,0.39
2022-04-14,600615,555.39,543.99,558.24,529.73,9335,8496790.0,5.2,-0.78,-4.27,0.5
2022-04-15,600615,537.57,544.7,550.4,537.57,9314,8481319.0,2.36,0.13,0.71,0.5
2022-04-18,600615,544.7,576.77,577.48,541.85,20200,18971907.0,6.54,5.89,32.07,1.08
2022-04-19,600615,576.06,569.64,582.47,566.79,13239,12612597.0,2.72,-1.24,-7.13,0.71
2022-04-20,600615,566.08,566.79,586.75,563.23,10361,9866848.0,4.13,-0.5,-2.85,0.55
2022-04-21,600615,565.37,569.64,570.36,553.25,8266,7746362.0,3.02,0.5,2.85,0.44
2022-04-22,600615,556.82,536.15,572.5,536.15,8261,7518585.0,6.38,-5.88,-33.49,0.44
2022-04-25,600615,504.08,504.08,530.45,504.08,12021,10317986.0,4.92,-5.98,-32.07,0.64
2022-04-26,600615,507.64,475.57,507.64,473.43,12567,10220148.0,6.79,-5.66,-28.51,0.67
2022-04-27,600615,476.99,467.73,503.36,449.2,7841,6235659.0,11.39,-1.65,-7.84,0.42
2022-04-28,600615,471.29,476.99,486.26,467.73,5723,4642003.0,3.96,1.98,9.26,0.31
2022-04-29,600615,473.43,501.22,501.22,470.58,9667,8006560.0,6.42,5.08,24.23,0.52
2022-05-05,600615,495.52,485.55,503.36,472.72,9924,8168835.0,6.11,-3.13,-15.67,0.53
2022-05-06,600615,473.43,472.72,484.12,456.32,8060,6422093.0,5.73,-2.64,-12.83,0.43
2022-05-09,600615,479.13,489.11,496.95,473.43,5635,4647874.0,4.98,3.47,16.39,0.3
2022-05-10,600615,487.68,475.57,487.68,466.3,8791,7127550.0,4.37,-2.77,-13.54,0.47
2022-05-11,600615,481.98,492.67,504.79,480.56,5793,4806548.0,5.09,3.6,17.1,0.31
2022-05-12,600615,492.67,490.53,494.1,475.57,7008,5782438.0,3.76,-0.43,-2.14,0.37
2022-05-13,600615,489.82,514.05,514.77,480.56,10083,8546724.0,6.97,4.79,23.52,0.54
2022-05-16,600615,519.04,527.59,533.3,506.21,6893,6079388.0,5.27,2.63,13.54,0.37
2022-05-17,600615,517.62,523.32,539.0,516.9,6460,5754799.0,4.19,-0.81,-4.27,0.34
2022-05-18,600615,531.87,506.21,531.87,505.5,12872,11250721.0,5.04,-3.27,-17.11,0.69
2022-05-19,600615,506.21,525.46,526.17,501.94,9125,7948067.0,4.79,3.8,19.25,0.49
2022-05-20,600615,525.46,556.82,556.82,521.89,18713,17168603.0,6.65,5.97,31.36,1.0
2022-05-23,600615,588.89,559.67,589.6,551.11,49833,47373434.0,6.91,0.51,2.85,2.66
2022-05-24,600615,560.38,548.98,571.07,546.84,18354,17018803.0,4.33,-1.91,-10.69,0.98
2022-05-25,600615,544.7,562.52,573.21,543.99,19085,17755296.0,5.32,2.47,13.54,1.02
2022-05-26,600615,566.08,548.26,568.93,547.55,10683,9906709.0,3.8,-2.54,-14.26,0.57
2022-05-27,600615,548.26,539.71,552.54,531.87,13652,12391705.0,3.77,-1.56,-8.55,0.73
2022-05-30,600615,523.32,538.29,543.27,509.78,19036,16811551.0,6.21,-0.26,-1.42,1.01
2022-05-31,600615,538.29,533.3,538.29,522.61,12914,11449902.0,2.91,-0.93,-4.99,0.69
2022-06-01,600615,524.74,534.01,534.72,523.32,9700,8637303.0,2.14,0.13,0.71,0.52
2022-06-02,600615,501.94,501.94,501.94,501.94,3446,2929100.0,0.0,-6.01,-32.07,0.18
2022-06-06,600615,472.0,472.0,472.0,472.0,3021,2440968.0,0.0,-5.96,-29.94,0.16
2022-06-07,600615,443.5,443.5,472.0,443.5,58543,45340505.0,6.04,-6.04,-28.5,3.12
2022-06-08,600615,436.37,442.78,452.05,417.13,25856,19606754.0,7.87,-0.16,-0.72,1.38
2022-06-09,600615,432.09,433.52,439.93,422.11,23690,17772223.0,4.02,-2.09,-9.26,1.26
2022-06-10,600615,432.09,441.36,460.6,424.25,22773,17485050.0,8.38,1.81,7.84,1.21
2022-06-13,600615,431.38,444.21,448.48,429.24,13882,10577361.0,4.36,0.65,2.85,0.74
2022-06-14,600615,433.52,424.97,441.36,417.13,18915,13968385.0,5.45,-4.33,-19.24,1.01
2022-06-15,600615,422.11,426.39,432.09,416.41,10200,7558771.0,3.69,0.33,1.42,0.54
2022-06-16,600615,420.69,449.91,452.76,417.13,19200,14561379.0,8.36,5.52,23.52,1.02
2022-06-17,600615,444.92,448.48,454.19,437.79,11914,9178177.0,3.65,-0.32,-1.43,0.63
2022-06-20,600615,441.36,420.69,441.36,420.69,13132,9755474.0,4.61,-6.2,-27.79,0.7
2022-06-21,600615,416.41,394.32,427.1,394.32,19118,13636024.0,7.79,-6.27,-26.37,1.02
2022-06-22,600615,396.46,408.57,411.42,389.33,10619,7528544.0,5.6,3.61,14.25,0.57
2022-06-23,600615,409.29,412.85,414.27,400.73,4027,2888259.0,3.31,1.05,4.28,0.21
2022-06-24,600615,412.85,410.71,428.53,406.44,11677,8512726.0,5.35,-0.52,-2.14,0.62
2022-06-27,600615,417.84,436.37,436.37,412.85,13726,10242731.0,5.73,6.25,25.66,0.73
2022-06-28,600615,429.24,430.67,463.45,418.55,15217,11502843.0,10.29,-1.31,-5.7,0.81
2022-06-29,600615,424.25,425.68,436.37,418.55,9119,6773719.0,4.14,-1.16,-4.99,0.49
2022-06-30,600615,429.95,430.67,433.52,420.69,5273,3916019.0,3.01,1.17,4.99,0.28
2022-07-01,600615,429.24,457.04,457.75,425.68,20279,15695998.0,7.45,6.12,26.37,1.08
2022-07-04,600615,454.19,451.34,463.45,441.36,9547,7441919.0,4.83,-1.25,-5.7,0.51
2022-07-05,600615,438.51,445.63,457.75,438.51,12333,9575485.0,4.26,-1.27,-5.71,0.66
2022-07-06,600615,448.48,439.93,450.62,434.94,11887,9095036.0,3.52,-1.28,-5.7,0.63
2022-07-07,600615,439.93,442.78,444.92,434.23,5021,3823649.0,2.43,0.65,2.85,0.27
2022-07-08,600615,438.51,449.91,452.05,438.51,4894,3783810.0,3.06,1.61,7.13,0.26
2022-07-11,600615,449.91,460.6,467.02,449.91,8678,6863266.0,3.8,2.38,10.69,0.46
2022-07-12,600615,449.91,443.5,450.62,432.09,13617,10418794.0,4.02,-3.71,-17.1,0.73
2022-07-13,600615,439.22,444.92,446.35,437.79,3994,3065280.0,1.93,0.32,1.42,0.21
2022-07-14,600615,438.51,438.51,442.78,427.1,5100,3848919.0,3.52,-1.44,-6.41,0.27
2022-07-15,600615,430.67,423.54,438.51,411.42,10183,7479952.0,6.18,-3.41,-14.97,0.54
2022-07-18,600615,416.41,431.38,434.23,416.41,6950,5176438.0,4.21,1.85,7.84,0.37
2022-07-19,600615,421.4,431.38,434.23,419.98,9798,7313722.0,3.3,0.0,0.0,0.52
2022-07-20,600615,429.95,435.66,438.51,428.53,21341,16044513.0,2.31,0.99,4.28,1.14
2022-07-21,600615,435.66,433.52,444.21,428.53,15629,11816580.0,3.6,-0.49,-2.14,0.83
2022-07-22,600615,431.38,434.23,443.5,424.25,12596,9522322.0,4.44,0.16,0.71,0.67
2022-07-25,600615,439.93,459.18,461.31,436.37,28422,22186447.0,5.74,5.75,24.95,1.51
2022-07-26,600615,452.05,472.0,481.98,444.92,23475,18477600.0,8.07,2.79,12.82,1.25
2022-07-27,600615,469.15,469.15,472.72,460.6,12412,9919822.0,2.57,-0.6,-2.85,0.66
2022-07-28,600615,468.44,471.29,474.85,461.31,10611,8493267.0,2.89,0.46,2.14,0.57
2022-07-29,600615,471.29,496.95,497.66,468.44,15360,12616632.0,6.2,5.44,25.66,0.82
2022-08-01,600615,489.82,496.24,500.51,481.27,13890,11590775.0,3.87,-0.14,-0.71,0.74
2022-08-02,600615,484.12,466.3,487.68,466.3,17055,13721672.0,4.31,-6.03,-29.94,0.91
2022-08-03,600615,459.18,442.07,472.72,437.79,15233,11973292.0,7.49,-5.2,-24.23,0.81
2022-08-04,600615,446.35,459.18,462.74,442.78,10986,8551855.0,4.52,3.87,17.11,0.59
2022-08-05,600615,459.18,472.72,477.71,452.76,10148,8137627.0,5.43,2.95,13.54,0.54
2022-08-08,600615,463.45,469.15,476.99,460.6,10505,8471016.0,3.47,-0.76,-3.57,0.56
2022-08-09,600615,464.88,457.75,466.3,450.62,17194,13510943.0,3.34,-2.43,-11.4,0.92
2022-08-10,600615,457.75,452.05,457.75,447.77,8664,6751534.0,2.18,-1.25,-5.7,0.46
2022-08-11,600615,449.91,450.62,456.32,449.2,7056,5499505.0,1.58,-0.32,-1.43,0.38
2022-08-12,600615,452.76,451.34,467.73,445.63,15305,12053505.0,4.9,0.16,0.72,0.82
2022-08-15,600615,472.72,479.13,479.13,463.45,36072,29384787.0,3.47,6.16,27.79,1.92
2022-08-16,600615,475.57,508.35,508.35,471.29,39867,33404837.0,7.73,6.1,29.22,2.12
2022-08-17,600615,514.77,539.0,539.0,512.63,70176,62695624.0,5.19,6.03,30.65,3.74
2022-08-18,600615,517.62,543.27,551.83,513.34,29186,26244500.0,7.14,0.79,4.27,1.56
2022-08-19,600615,575.35,568.22,575.35,556.1,40919,38660329.0,3.54,4.59,24.95,2.18
2022-08-22,600615,545.41,553.96,562.52,543.27,27104,24909284.0,3.39,-2.51,-14.26,1.44
2022-08-24,600615,619.53,529.02,619.53,520.47,198569,187874532.0,17.88,-4.5,-24.94,10.58
2022-08-25,600615,534.01,533.3,571.78,501.94,131823,118240997.0,13.2,0.81,4.28,7.03
2022-08-26,600615,515.48,496.24,522.61,493.39,91763,78440921.0,5.48,-6.95,-37.06,4.89
2022-08-29,600615,487.68,511.92,521.89,481.98,47067,40290250.0,8.04,3.16,15.68,2.51
2022-08-30,600615,511.92,532.58,558.95,504.08,75874,67540566.0,10.72,4.04,20.66,4.04
2022-08-31,600615,520.47,513.34,539.0,509.06,54148,47516975.0,5.62,-3.61,-19.24,2.89
2022-09-01,600615,528.31,499.8,528.31,498.37,38783,33275253.0,5.83,-2.64,-13.54,2.07
2022-09-02,600615,498.37,506.21,509.78,495.52,26417,22515620.0,2.85,1.28,6.41,1.41
2022-09-05,600615,509.78,514.77,521.18,501.94,25110,21648759.0,3.8,1.69,8.56,1.34
2022-09-06,600615,512.63,525.46,532.58,509.78,38081,33530079.0,4.43,2.08,10.69,2.03
2022-09-07,600615,525.46,553.25,573.21,521.89,74254,67535685.0,9.77,5.29,27.79,3.96
2022-09-08,600615,553.25,618.82,618.82,553.25,146397,144080434.0,11.85,11.85,65.57,7.8
2022-09-09,600615,619.53,615.26,637.35,584.61,159610,159930520.0,8.52,-0.58,-3.56,8.51
2022-09-13,600615,591.74,610.27,637.35,591.74,74834,75615979.0,7.41,-0.81,-4.99,3.99
2022-09-14,600615,608.84,627.37,636.64,592.45,68001,69253959.0,7.24,2.8,17.1,3.62
2022-09-15,600615,618.11,610.27,635.93,600.29,57279,57662386.0,5.68,-2.73,-17.1,3.05
2022-09-16,600615,619.53,623.1,652.32,602.43,59975,61936055.0,8.18,2.1,12.83,3.2
2022-09-19,600615,628.09,612.41,630.22,603.14,50410,50630957.0,4.35,-1.72,-10.69,2.69
2022-09-20,600615,616.68,624.52,644.48,610.27,62671,64233314.0,5.59,1.98,12.11,3.34
2022-09-21,600615,626.66,637.35,650.18,607.42,53531,55383726.0,6.85,2.05,12.83,2.85
2022-09-22,600615,625.24,673.7,697.93,620.25,93945,102043038.0,12.19,5.7,36.35,5.01
2022-09-23,600615,673.7,638.06,682.96,637.35,70139,74759987.0,6.77,-5.29,-35.64,3.74
2022-09-26,600615,638.06,609.56,643.77,601.72,49705,50451445.0,6.59,-4.47,-28.5,2.65
2022-09-27,600615,614.54,625.95,625.95,600.29,25937,26176835.0,4.21,2.69,16.39,1.38
2022-09-28,600615,627.37,588.89,627.37,579.62,36712,36054102.0,7.63,-5.92,-37.06,1.96
2022-09-29,600615,591.03,586.75,608.13,575.35,20529,19934541.0,5.57,-0.36,-2.14,1.09
2022-09-30,600615,584.61,568.22,592.45,563.23,30105,28567717.0,4.98,-3.16,-18.53,1.6
2022-10-10,600615,546.13,573.21,586.75,537.57,36940,34966193.0,8.66,0.88,4.99,1.97
2022-10-11,600615,576.06,571.07,576.77,562.52,13985,13223228.0,2.49,-0.37,-2.14,0.75
2022-10-12,600615,584.61,593.16,595.3,547.55,25733,24208546.0,8.36,3.87,22.09,1.37
2022-10-13,600615,588.17,583.19,593.16,581.05,16607,16088773.0,2.04,-1.68,-9.97,0.89
2022-10-14,600615,592.45,573.21,592.45,548.98,40979,38431820.0,7.45,-1.71,-9.98,2.18
2022-10-17,600615,572.5,603.85,606.71,558.24,33887,32732668.0,8.46,5.35,30.64,1.81
2022-10-18,600615,596.01,616.68,636.64,592.45,44909,45517872.0,7.32,2.12,12.83,2.39
2022-10-19,600615,619.53,603.85,619.53,601.72,27373,27289773.0,2.89,-2.08,-12.83,1.46
2022-10-20,600615,596.01,567.51,608.84,566.08,35092,33651678.0,7.08,-6.02,-36.34,1.87
2022-10-21,600615,571.07,561.8,573.92,556.1,18603,17416223.0,3.14,-1.01,-5.71,0.99
2022-10-24,600615,558.24,568.22,572.5,551.11,19807,18572772.0,3.81,1.14,6.42,1.06
2022-10-25,600615,568.22,573.21,585.32,556.82,18876,17949471.0,5.02,0.88,4.99,1.01
2022-10-26,600615,573.92,571.78,578.91,566.08,17906,17007455.0,2.24,-0.25,-1.43,0.95
2022-10-27,600615,578.2,571.78,598.87,566.79,26399,25195148.0,5.61,0.0,0.0,1.41
2022-10-28,600615,568.22,578.2,598.87,562.52,47118,45270393.0,6.36,1.12,6.42,2.51
2022-10-31,600615,550.4,546.13,578.91,521.18,60310,54865593.0,9.98,-5.55,-32.07,3.21
2022-11-01,600615,549.69,555.39,563.94,538.29,25025,23014999.0,4.7,1.7,9.26,1.33
2022-11-02,600615,553.25,553.96,563.23,537.57,20155,18571198.0,4.62,-0.26,-1.43,1.07
2022-11-03,600615,544.7,553.25,560.38,544.7,10431,9585294.0,2.83,-0.13,-0.71,0.56
2022-11-04,600615,558.24,559.67,563.94,553.96,13739,12782157.0,1.8,1.16,6.42,0.73
2022-11-07,600615,560.38,573.92,580.33,559.67,31071,29433352.0,3.69,2.55,14.25,1.66
2022-11-08,600615,576.77,641.63,641.63,572.5,94586,97090847.0,12.05,11.8,67.71,5.04
2022-11-09,600615,663.01,626.66,665.86,621.67,122542,128631107.0,6.89,-2.33,-14.97,6.53
2022-11-10,600615,632.36,628.09,637.35,609.56,54655,55847552.0,4.43,0.23,1.43,2.91
2022-11-11,600615,633.08,635.21,651.61,623.1,45894,47919667.0,4.54,1.13,7.12,2.45
2022-11-14,600615,641.63,603.14,645.19,603.14,44698,45101744.0,6.62,-5.05,-32.07,2.38
2022-11-15,600615,605.28,609.56,612.41,588.89,48586,47914114.0,3.9,1.06,6.42,2.59
2022-11-16,600615,609.56,615.26,623.1,600.29,29238,29371874.0,3.74,0.94,5.7,1.56
2022-11-17,600615,603.14,615.97,623.81,599.58,23210,23348411.0,3.94,0.12,0.71,1.24
2022-11-18,600615,624.52,601.0,635.21,598.87,32916,33087420.0,5.9,-2.43,-14.97,1.75
2022-11-21,600615,605.99,626.66,644.48,593.16,38235,38879526.0,8.54,4.27,25.66,2.04
2022-11-22,600615,621.67,633.79,633.79,611.69,27816,28395132.0,3.53,1.14,7.13,1.48
2022-11-23,600615,640.91,605.99,642.34,596.01,33427,33355846.0,7.31,-4.39,-27.8,1.78
2022-11-24,600615,610.27,592.45,618.82,586.75,23147,22810100.0,5.29,-2.23,-13.54,1.23
2022-11-25,600615,593.88,598.15,599.58,581.76,16029,15605535.0,3.01,0.96,5.7,0.85
2022-11-28,600615,588.89,579.62,588.89,565.37,18634,17760195.0,3.93,-3.1,-18.53,0.99
2022-11-29,600615,586.04,583.9,588.17,573.21,14618,14092912.0,2.58,0.74,4.28,0.78
2022-11-30,600615,587.46,577.48,587.46,569.64,13339,12737886.0,3.05,-1.1,-6.42,0.71
2022-12-01,600615,577.48,579.62,588.89,576.77,13483,12968252.0,2.1,0.37,2.14,0.72
2022-12-02,600615,574.63,578.2,584.61,574.63,12154,11642866.0,1.72,-0.24,-1.42,0.65
2022-12-05,600615,570.36,578.91,582.47,570.36,13516,12934570.0,2.09,0.12,0.71,0.72
2022-12-06,600615,581.05,588.17,603.14,567.51,24431,23640056.0,6.15,1.6,9.26,1.3
2022-12-07,600615,588.17,589.6,600.29,583.9,21642,21150914.0,2.79,0.24,1.43,1.15
2022-12-08,600615,593.88,571.07,594.59,568.93,16306,15498007.0,4.35,-3.14,-18.53,0.87
2022-12-09,600615,586.04,571.07,586.04,566.79,12750,12111745.0,3.37,0.0,0.0,0.68
2022-12-12,600615,571.07,566.79,571.07,553.25,17048,15902978.0,3.12,-0.75,-4.28,0.91
2022-12-13,600615,566.08,576.77,593.16,564.66,23547,22690060.0,5.03,1.76,9.98,1.26
2022-12-14,600615,586.75,576.06,587.46,570.36,9893,9440529.0,2.96,-0.12,-0.71,0.53
2022-12-15,600615,578.91,583.19,586.75,568.22,10778,10305138.0,3.22,1.24,7.13,0.57
2022-12-16,600615,586.04,564.66,586.04,562.52,10512,9923388.0,4.03,-3.18,-18.53,0.56
2022-12-19,600615,564.66,549.69,564.66,544.7,9823,9052118.0,3.53,-2.65,-14.97,0.52
2022-12-20,600615,550.4,542.56,556.1,541.85,7750,7092813.0,2.59,-1.3,-7.13,0.41
2022-12-21,600615,554.68,535.43,554.68,531.16,10699,9665245.0,4.34,-1.31,-7.13,0.57
2022-12-22,600615,535.43,519.76,548.26,510.49,11101,9784189.0,7.05,-2.93,-15.67,0.59
2022-12-23,600615,525.46,506.93,525.46,500.51,16273,14005800.0,4.8,-2.47,-12.83,0.87
2022-12-26,600615,511.2,537.57,548.98,506.93,20438,18247652.0,8.3,6.04,30.64,1.09
2022-12-27,600615,541.85,542.56,551.11,531.87,10627,9620734.0,3.58,0.93,4.99,0.57
2022-12-28,600615,545.41,548.98,561.8,535.43,14738,13541916.0,4.86,1.18,6.42,0.79
2022-12-29,600615,558.95,536.86,558.95,536.86,9270,8397973.0,4.02,-2.21,-12.12,0.49
2022-12-30,600615,534.72,531.87,541.85,529.73,6840,6128573.0,2.26,-0.93,-4.99,0.36
2023-01-03,600615,534.01,553.25,554.68,527.59,9972,9102950.0,5.09,4.02,21.38,0.53
2023-01-04,600615,553.25,557.53,565.37,550.4,7026,6513201.0,2.71,0.77,4.28,0.37
2023-01-05,600615,557.53,557.53,562.52,554.68,8052,7469699.0,1.41,0.0,0.0,0.43
2023-01-06,600615,558.24,548.98,563.94,547.55,6225,5745454.0,2.94,-1.53,-8.55,0.33
2023-01-09,600615,553.96,553.25,562.52,544.7,6406,5874823.0,3.25,0.78,4.27,0.34
2023-01-10,600615,561.09,555.39,561.09,547.55,4991,4604749.0,2.45,0.39,2.14,0.27
2023-01-11,600615,560.38,547.55,560.38,537.57,7577,6925921.0,4.11,-1.41,-7.84,0.4
2023-01-12,600615,548.98,541.14,555.39,537.57,8502,7742646.0,3.25,-1.17,-6.41,0.45
2023-01-13,600615,546.84,541.85,548.26,537.57,5007,4531924.0,1.98,0.13,0.71,0.27
2023-01-16,600615,546.84,546.84,549.69,537.57,5967,5439722.0,2.24,0.92,4.99,0.32
2023-01-17,600615,546.84,542.56,551.11,539.71,4631,4206377.0,2.08,-0.78,-4.28,0.25
2023-01-18,600615,546.84,554.68,558.24,540.42,7979,7347339.0,3.28,2.23,12.12,0.43
2023-01-19,600615,544.7,550.4,564.66,541.14,8713,7995197.0,4.24,-0.77,-4.28,0.46
2023-01-20,600615,556.82,558.95,562.52,541.85,9343,8659816.0,3.76,1.55,8.55,0.5
2023-01-30,600615,568.93,567.51,580.33,561.8,12934,12247617.0,3.32,1.53,8.56,0.69
2023-01-31,600615,567.51,570.36,577.48,566.08,5837,5525968.0,2.01,0.5,2.85,0.31
2023-02-01,600615,576.06,590.31,591.03,571.07,21756,21061152.0,3.5,3.5,19.95,1.16
2023-02-02,600615,590.31,583.19,593.88,580.33,15152,14657316.0,2.3,-1.21,-7.12,0.81
2023-02-03,600615,583.19,582.47,588.89,575.35,8818,8482087.0,2.32,-0.12,-0.72,0.47
2023-02-06,600615,583.19,576.06,589.6,573.21,21367,20492845.0,2.81,-1.1,-6.41,1.14
2023-02-07,600615,574.63,576.06,583.19,568.93,9893,9419626.0,2.48,0.0,0.0,0.53
2023-02-08,600615,575.35,572.5,583.19,566.08,10125,9647570.0,2.97,-0.62,-3.56,0.54
2023-02-09,600615,571.07,580.33,581.05,563.94,10734,10262528.0,2.99,1.37,7.83,0.57
2023-02-10,600615,582.47,578.2,588.89,573.92,8216,7897203.0,2.58,-0.37,-2.13,0.44
2023-02-13,600615,581.76,573.92,586.04,570.36,11749,11208555.0,2.71,-0.74,-4.28,0.63
2023-02-14,600615,578.2,576.77,581.05,570.36,9911,9452230.0,1.86,0.5,2.85,0.53
2023-02-15,600615,576.77,594.59,601.72,576.77,38507,37746854.0,4.33,3.09,17.82,2.05
2023-02-16,600615,591.74,565.37,594.59,564.66,32737,31418521.0,5.03,-4.91,-29.22,1.74
2023-02-17,600615,565.37,571.78,578.91,565.37,11311,10732018.0,2.39,1.13,6.41,0.6
2023-02-20,600615,568.93,573.21,581.05,566.08,11184,10592501.0,2.62,0.25,1.43,0.6
2023-02-21,600615,567.51,588.17,591.74,567.51,19921,19181172.0,4.23,2.61,14.96,1.06
2023-02-22,600615,587.46,596.01,603.85,582.47,31438,30817702.0,3.64,1.33,7.84,1.68
2023-02-23,600615,600.29,599.58,603.14,589.6,19143,18816114.0,2.27,0.6,3.57,1.02
2023-02-24,600615,596.73,610.27,629.51,596.73,42867,43170068.0,5.47,1.78,10.69,2.28
2023-02-27,600615,610.27,595.3,614.54,593.16,26051,25835634.0,3.5,-2.45,-14.97,1.39
2023-02-28,600615,599.58,596.73,600.29,588.17,19952,19575656.0,2.04,0.24,1.43,1.06
2023-03-01,600615,604.57,606.71,610.98,596.73,18028,17894022.0,2.39,1.67,9.98,0.96
2023-03-02,600615,606.71,596.01,613.12,595.3,17217,17058754.0,2.94,-1.76,-10.7,0.92
2023-03-03,600615,603.14,596.73,603.14,594.59,10131,9977919.0,1.43,0.12,0.72,0.54
2023-03-06,600615,595.3,591.74,601.72,588.89,14087,13803471.0,2.15,-0.84,-4.99,0.75
2023-03-07,600615,591.03,578.2,595.3,577.48,11054,10664517.0,3.01,-2.29,-13.54,0.59
2023-03-08,600615,586.04,605.28,609.56,573.92,37075,36502480.0,6.16,4.68,27.08,1.98
2023-03-09,600615,608.84,592.45,608.84,589.6,13639,13395554.0,3.18,-2.12,-12.83,0.73
2023-03-10,600615,588.89,585.32,596.73,575.35,16944,16296069.0,3.61,-1.2,-7.13,0.9
2023-03-13,600615,584.61,575.35,588.89,571.78,20616,19801607.0,2.92,-1.7,-9.97,1.1
2023-03-14,600615,581.76,553.25,581.76,551.11,17497,16308221.0,5.33,-3.84,-22.1,0.93
2023-03-15,600615,557.53,563.23,566.08,553.25,9828,9189344.0,2.32,1.8,9.98,0.52
2023-03-16,600615,556.82,552.54,568.22,552.54,9122,8466681.0,2.78,-1.9,-10.69,0.49
2023-03-17,600615,580.33,547.55,580.33,545.41,17882,16476564.0,6.32,-0.9,-4.99,0.95
2023-03-20,600615,551.83,551.11,556.1,543.99,10600,9723689.0,2.21,0.65,3.56,0.56
2023-03-21,600615,544.7,549.69,558.95,544.7,10291,9453767.0,2.59,-0.26,-1.42,0.55
2023-03-22,600615,562.52,566.08,567.51,549.69,15257,14209681.0,3.24,2.98,16.39,0.81
2023-03-23,600615,565.37,551.11,565.37,549.69,10770,9953921.0,2.77,-2.64,-14.97,0.57
2023-03-24,600615,552.54,558.24,583.19,551.83,21983,20655129.0,5.69,1.29,7.13,1.17
2023-03-27,600615,557.53,550.4,564.66,545.41,15374,14109079.0,3.45,-1.4,-7.84,0.82
2023-03-28,600615,549.69,541.85,553.25,537.57,12705,11545230.0,2.85,-1.55,-8.55,0.68
2023-03-29,600615,541.85,529.02,548.98,526.17,12509,11191223.0,4.21,-2.37,-12.83,0.67
2023-03-30,600615,523.32,532.58,539.0,523.32,13577,12135076.0,2.96,0.67,3.56,0.72
2023-03-31,600615,536.86,529.73,539.71,524.74,8472,7549907.0,2.81,-0.54,-2.85,0.45
2023-04-03,600615,530.45,519.76,530.45,513.34,14389,12590367.0,3.23,-1.88,-9.97,0.77
2023-04-04,600615,519.04,503.36,519.76,494.81,15699,13434519.0,4.8,-3.16,-16.4,0.84
2023-04-06,600615,502.65,489.82,502.65,485.55,18098,15143598.0,3.4,-2.69,-13.54,0.96
2023-04-07,600615,489.11,489.11,496.24,484.83,15391,12833019.0,2.33,-0.14,-0.71,0.82
2023-04-10,600615,498.37,476.28,498.37,471.29,18570,15300346.0,5.54,-2.62,-12.83,0.99
2023-04-11,600615,476.28,484.83,486.97,466.3,14925,12213237.0,4.34,1.8,8.55,0.8
2023-04-12,600615,484.12,481.27,491.25,481.27,8790,7266422.0,2.06,-0.73,-3.56,0.47
2023-04-13,600615,481.27,487.68,493.39,477.71,13739,11360770.0,3.26,1.33,6.41,0.73
2023-04-14,600615,486.97,487.68,491.96,482.69,7603,6300926.0,1.9,0.0,0.0,0.41
2023-04-17,600615,487.68,488.4,491.96,483.41,6014,4993306.0,1.75,0.15,0.72,0.32
2023-04-18,600615,489.11,486.97,494.1,479.84,7521,6243256.0,2.92,-0.29,-1.43,0.4
2023-04-19,600615,486.97,480.56,488.4,474.14,8041,6588965.0,2.93,-1.32,-6.41,0.43
2023-04-20,600615,480.56,441.36,480.56,427.82,38764,29877728.0,10.97,-8.16,-39.2,2.07
2023-04-21,600615,432.81,437.79,449.91,429.95,18280,13998679.0,4.52,-0.81,-3.57,0.97
2023-04-24,600615,437.08,433.52,444.92,422.11,12756,9663656.0,5.21,-0.98,-4.27,0.68
2023-04-25,600615,426.39,419.98,442.07,416.41,13612,10108585.0,5.92,-3.12,-13.54,0.73
2023-04-26,600615,423.54,432.81,440.64,419.98,12140,9145659.0,4.92,3.05,12.83,0.65
2023-04-27,600615,432.81,445.63,451.34,429.95,11928,9170640.0,4.94,2.96,12.82,0.64
2023-04-28,600615,452.05,458.46,459.18,444.92,9963,7806916.0,3.2,2.88,12.83,0.53
2023-05-04,600615,459.18,483.41,496.24,459.18,26412,21815071.0,8.08,5.44,24.95,1.41
2023-05-05,600615,487.68,509.78,526.88,477.71,41061,35238372.0,10.17,5.45,26.37,2.19
2023-05-08,600615,509.78,521.18,534.72,502.65,25021,21976517.0,6.29,2.24,11.4,1.33
2023-05-09,600615,524.74,496.95,524.74,494.81,16422,14007950.0,5.74,-4.65,-24.23,0.88
2023-05-10,600615,496.95,511.92,512.63,495.52,11493,9814586.0,3.44,3.01,14.97,0.61
2023-05-11,600615,509.06,509.06,521.18,502.65,11357,9798777.0,3.62,-0.56,-2.86,0.61
2023-05-12,600615,503.36,502.65,509.78,498.37,8116,6923441.0,2.24,-1.26,-6.41,0.43
2023-05-15,600615,501.94,505.5,508.35,493.39,8167,6949712.0,2.98,0.57,2.85,0.44
2023-05-16,600615,498.37,495.52,512.63,491.96,10072,8548821.0,4.09,-1.97,-9.98,0.54
2023-05-17,600615,494.81,509.78,517.62,489.11,12347,10575434.0,5.75,2.88,14.26,0.66
2023-05-18,600615,514.77,513.34,516.19,502.65,7688,6621176.0,2.66,0.7,3.56,0.41
2023-05-19,600615,512.63,505.5,520.47,499.09,8237,7027593.0,4.16,-1.53,-7.84,0.44
2023-05-22,600615,509.06,532.58,546.84,506.21,22135,19644073.0,8.04,5.36,27.08,1.18
2023-05-23,600615,529.73,528.31,536.15,524.03,7890,7011386.0,2.28,-0.8,-4.27,0.42
2023-05-24,600615,524.74,516.9,534.01,516.19,10305,9057146.0,3.37,-2.16,-11.41,0.55
2023-05-25,600615,521.89,517.62,521.89,505.5,10528,9090521.0,3.17,0.14,0.72,0.56
2023-05-26,600615,529.02,510.49,529.02,503.36,8473,7313328.0,4.96,-1.38,-7.13,0.45
2023-05-29,600615,513.34,505.5,513.34,501.94,6646,5703666.0,2.23,-0.98,-4.99,0.35
2023-05-30,600615,506.93,504.79,513.34,496.24,8401,7160806.0,3.38,-0.14,-0.71,0.45
2023-05-31,600615,505.5,503.36,509.06,494.81,6782,5781122.0,2.82,-0.28,-1.43,0.36
2023-06-01,600615,513.34,501.22,521.18,499.8,10731,9182697.0,4.25,-0.43,-2.14,0.57
2023-06-02,600615,501.22,509.78,512.63,497.66,7131,6128653.0,2.99,1.71,8.56,0.38
2023-06-05,600615,512.63,520.47,522.61,509.78,9904,8649657.0,2.52,2.1,10.69,0.53
2023-06-06,600615,526.17,519.76,534.72,515.48,13448,11854559.0,3.7,-0.14,-0.71,0.72
2023-06-07,600615,513.34,514.05,524.03,507.64,7919,6871432.0,3.15,-1.1,-5.71,0.42
2023-06-08,600615,515.48,506.93,519.76,506.93,4366,3771479.0,2.5,-1.39,-7.12,0.23
2023-06-09,600615,506.21,499.09,513.34,499.09,6237,5320086.0,2.81,-1.55,-7.84,0.33
2023-06-12,600615,498.37,511.92,516.19,488.4,11265,9605783.0,5.57,2.57,12.83,0.6
2023-06-13,600615,517.62,518.33,526.17,511.92,9572,8382981.0,2.78,1.25,6.41,0.51
2023-06-14,600615,527.59,506.93,527.59,504.79,7551,6517493.0,4.4,-2.2,-11.4,0.4
2023-06-15,600615,500.51,501.94,511.2,496.95,7508,6380862.0,2.81,-0.98,-4.99,0.4
2023-06-16,600615,505.5,492.67,511.2,491.25,9613,8125759.0,3.97,-1.85,-9.27,0.51
2023-06-19,600615,492.67,469.87,494.81,467.02,19811,16121665.0,5.64,-4.63,-22.8,1.06
2023-06-20,600615,467.73,467.73,478.42,459.18,15237,12230294.0,4.09,-0.46,-2.14,0.81
2023-06-21,600615,464.16,462.03,479.13,461.31,12598,10162131.0,3.81,-1.22,-5.7,0.67
2023-06-26,600615,463.45,459.89,474.85,459.89,11856,9484914.0,3.24,-0.46,-2.14,0.63
2023-06-27,600615,464.88,476.99,478.42,454.19,12065,9712077.0,5.27,3.72,17.1,0.64
2023-06-28,600615,474.85,493.39,495.52,467.02,11186,9206412.0,5.97,3.44,16.4,0.6
2023-06-29,600615,484.83,512.63,517.62,484.83,18015,15452953.0,6.65,3.9,19.24,0.96
2023-06-30,600615,511.92,521.18,523.32,508.35,15870,13875656.0,2.92,1.67,8.55,0.85
2023-07-03,600615,524.74,519.76,535.43,516.19,16038,14153945.0,3.69,-0.27,-1.42,0.85
2023-07-04,600615,524.03,526.17,529.73,516.19,15151,13376728.0,2.61,1.23,6.41,0.81
2023-07-05,600615,529.73,588.89,588.89,516.9,96907,92921894.0,13.68,11.92,62.72,5.16
2023-07-06,600615,586.04,563.23,586.04,544.7,150946,140052268.0,7.02,-4.36,-25.66,8.05
2023-07-07,600615,553.96,546.84,566.08,539.0,78902,72278019.0,4.81,-2.91,-16.39,4.21
2023-07-10,600615,548.98,543.99,564.66,537.57,50164,45700440.0,4.95,-0.52,-2.85,2.67
2023-07-11,600615,539.71,544.7,546.84,526.88,47636,42879565.0,3.67,0.13,0.71,2.54
2023-07-12,600615,542.56,534.01,551.83,531.87,37222,33607642.0,3.66,-1.96,-10.69,1.98
2023-07-13,600615,526.17,530.45,539.71,524.74,33490,29807501.0,2.8,-0.67,-3.56,1.78
2023-07-14,600615,529.73,526.17,531.87,520.47,19372,17158974.0,2.15,-0.81,-4.28,1.03
2023-07-17,600615,528.31,532.58,536.86,512.63,19806,17603228.0,4.6,1.22,6.41,1.06
2023-07-18,600615,529.73,546.84,553.25,529.73,25341,23031516.0,4.42,2.68,14.26,1.35
2023-07-19,600615,543.99,548.98,557.53,542.56,16204,14805181.0,2.74,0.39,2.14,0.86
2023-07-20,600615,546.13,547.55,555.39,543.99,16794,15363840.0,2.08,-0.26,-1.43,0.9
2023-07-21,600615,545.41,541.85,549.69,539.71,11918,10826356.0,1.82,-1.04,-5.7,0.64
2023-07-24,600615,545.41,539.0,545.41,532.58,11339,10208670.0,2.37,-0.53,-2.85,0.6
2023-07-25,600615,545.41,556.82,557.53,541.14,24771,22825347.0,3.04,3.31,17.82,1.32
2023-07-26,600615,553.96,550.4,560.38,550.4,12919,11945375.0,1.79,-1.15,-6.42,0.69
2023-07-27,600615,551.83,551.83,563.23,550.4,14828,13718163.0,2.33,0.26,1.43,0.79
2023-07-28,600615,548.26,556.1,558.95,542.56,15533,14332745.0,2.97,0.77,4.27,0.83
2023-07-31,600615,556.82,549.69,562.52,546.84,17154,15777882.0,2.82,-1.15,-6.41,0.91
2023-08-01,600615,553.96,554.68,556.82,548.98,11087,10222228.0,1.43,0.91,4.99,0.59
2023-08-02,600615,565.37,553.96,568.22,550.4,17028,15783854.0,3.21,-0.13,-0.72,0.91
2023-08-03,600615,548.98,549.69,557.53,546.84,14538,13337051.0,1.93,-0.77,-4.27,0.77
2023-08-04,600615,548.98,539.0,553.25,537.57,12537,11394194.0,2.85,-1.94,-10.69,0.67
2023-08-07,600615,539.71,541.85,546.13,536.15,10976,9940772.0,1.85,0.53,2.85,0.58
2023-08-08,600615,545.41,539.71,545.41,536.15,8186,7401231.0,1.71,-0.39,-2.14,0.44
2023-08-09,600615,537.57,526.88,537.57,525.46,10784,9586450.0,2.24,-2.38,-12.83,0.57
2023-08-10,600615,531.16,535.43,539.0,520.47,8996,8030401.0,3.52,1.62,8.55,0.48
2023-08-11,600615,539.0,521.18,539.0,520.47,11697,10333449.0,3.46,-2.66,-14.25,0.62
2023-08-14,600615,521.18,516.9,526.88,510.49,10276,8941235.0,3.14,-0.82,-4.28,0.55
2023-08-15,600615,515.48,514.05,522.61,509.78,8239,7146837.0,2.48,-0.55,-2.85,0.44
2023-08-16,600615,511.92,510.49,517.62,504.79,7252,6271160.0,2.5,-0.69,-3.56,0.39
2023-08-17,600615,513.34,529.73,534.01,506.93,13971,12274483.0,5.3,3.77,19.24,0.74
2023-08-18,600615,529.73,534.72,549.69,521.89,12895,11665300.0,5.25,0.94,4.99,0.69
2023-08-21,600615,534.72,529.02,543.99,526.88,10769,9637224.0,3.2,-1.07,-5.7,0.57
2023-08-22,600615,533.3,511.2,533.3,499.8,16405,14195851.0,6.33,-3.37,-17.82,0.87
2023-08-23,600615,524.03,498.37,524.03,491.96,20587,17426527.0,6.27,-2.51,-12.83,1.1
2023-08-24,600615,500.51,486.97,506.21,486.97,12634,10600827.0,3.86,-2.29,-11.4,0.67
2023-08-25,600615,486.97,487.68,504.79,486.97,18950,15871634.0,3.66,0.15,0.71,1.01
2023-08-28,600615,516.19,502.65,524.03,501.94,25110,21712977.0,4.53,3.07,14.97,1.34
2023-08-29,600615,506.21,532.58,537.57,501.94,20030,17666864.0,7.09,5.95,29.93,1.07
2023-08-30,600615,531.16,539.0,550.4,531.16,26490,24010801.0,3.61,1.21,6.42,1.41
2023-08-31,600615,543.99,532.58,543.99,529.02,13367,11949241.0,2.78,-1.19,-6.42,0.71
2023-09-01,600615,532.58,529.73,543.99,522.61,11990,10644282.0,4.01,-0.54,-2.85,0.64
2023-09-04,600615,526.88,549.69,550.4,526.88,15543,14070433.0,4.44,3.77,19.96,0.83
2023-09-05,600615,545.41,543.99,549.69,539.71,11122,10119048.0,1.82,-1.04,-5.7,0.59
2023-09-06,600615,543.99,548.98,551.83,538.29,12347,11302921.0,2.49,0.92,4.99,0.66
2023-09-07,600615,553.96,543.27,556.82,538.29,23192,21094270.0,3.38,-1.04,-5.71,1.24
2023-09-08,600615,541.85,541.14,548.26,536.15,13573,12317081.0,2.23,-0.39,-2.13,0.72
2023-09-11,600615,548.26,555.39,560.38,537.57,19057,17546322.0,4.22,2.63,14.25,1.02
2023-09-12,600615,553.25,544.7,558.95,539.71,11976,10968679.0,3.46,-1.92,-10.69,0.64
2023-09-13,600615,545.41,536.86,546.84,531.87,14371,12932784.0,2.75,-1.44,-7.84,0.77
2023-09-14,600615,548.98,529.73,548.98,525.46,10044,8959480.0,4.38,-1.33,-7.13,0.54
2023-09-15,600615,531.16,534.01,538.29,524.03,11085,9911515.0,2.69,0.81,4.28,0.59
2023-09-18,600615,540.42,598.15,598.15,526.88,149315,146141406.0,13.35,12.01,64.14,7.96
2023-09-19,600615,594.59,578.2,598.15,558.95,194511,185633976.0,6.55,-3.34,-19.95,10.37
2023-09-20,600615,558.24,551.83,574.63,546.13,132138,122707460.0,4.93,-4.56,-26.37,7.04
2023-09-21,600615,551.83,617.4,617.4,548.98,171337,167800323.0,12.4,11.88,65.57,9.13
2023-09-22,600615,658.02,689.38,689.38,647.33,112351,122962772.0,6.81,11.66,71.98,5.99
2023-09-25,600615,767.78,768.49,768.49,633.79,442837,510734262.0,19.54,11.48,79.11,23.6
2023-09-26,600615,703.63,681.54,732.85,681.54,277580,313348689.0,6.68,-11.31,-86.95,14.79
2023-09-27,600615,603.14,603.14,633.08,603.14,253046,252613189.0,4.39,-11.5,-78.4,13.49
2023-09-28,600615,580.33,571.07,580.33,559.67,212723,200663570.0,3.43,-5.32,-32.07,11.34
2023-10-09,600615,571.07,594.59,595.3,566.08,191590,184682575.0,5.12,4.12,23.52,10.21
2023-10-10,600615,586.04,580.33,589.6,569.64,134721,128922130.0,3.36,-2.4,-14.26,7.18
2023-10-11,600615,576.06,568.93,576.77,561.8,112394,105676720.0,2.58,-1.96,-11.4,5.99
2023-10-12,600615,563.23,572.5,576.77,553.25,100667,94651435.0,4.13,0.63,3.57,5.37
2023-10-13,600615,563.94,563.23,575.35,560.38,69908,65637499.0,2.61,-1.62,-9.27,3.73
2023-10-16,600615,566.08,580.33,588.17,558.24,143171,136245674.0,5.31,3.04,17.1,7.63
2023-10-17,600615,580.33,568.22,587.46,564.66,89905,85325673.0,3.93,-2.09,-12.11,4.79
2023-10-18,600615,567.51,635.21,635.21,558.24,244434,245659634.0,13.55,11.79,66.99,13.03
2023-10-19,600615,635.93,599.58,635.93,599.58,225101,226319837.0,5.72,-5.61,-35.63,12.0
2023-10-20,600615,599.58,670.14,670.14,591.03,242654,250205005.0,13.19,11.77,70.56,12.93
2023-10-23,600615,670.14,644.48,722.16,644.48,303208,334532057.0,11.59,-3.83,-25.66,16.16
2023-10-24,600615,645.19,660.87,662.3,618.82,218755,230130900.0,6.75,2.54,16.39,11.66
2023-10-25,600615,645.19,651.61,657.31,627.37,150163,157562618.0,4.53,-1.4,-9.26,8.0
2023-10-26,600615,649.47,647.33,650.18,627.37,122230,127211523.0,3.5,-0.66,-4.28,6.51
2023-10-27,600615,641.63,614.54,641.63,602.43,151039,152674515.0,6.06,-5.07,-32.79,8.05
2023-10-30,600615,614.54,613.83,624.52,605.28,97610,98031849.0,3.13,-0.12,-0.71,5.2
2023-10-31,600615,613.83,593.16,626.66,586.75,108907,107815845.0,6.5,-3.37,-20.67,5.8
2023-11-01,600615,588.17,598.15,614.54,582.47,96617,95873327.0,5.41,0.84,4.99,5.15
2023-11-02,600615,603.14,608.13,644.48,601.72,108652,110426630.0,7.15,1.67,9.98,5.79
2023-11-03,600615,611.69,616.68,630.22,610.27,91642,92987991.0,3.28,1.41,8.55,4.88
2023-11-06,600615,619.53,623.81,630.22,596.73,143408,144469621.0,5.43,1.16,7.13,7.64
2023-11-07,600615,623.81,635.93,653.03,615.97,134176,139019919.0,5.94,1.94,12.12,7.15
2023-11-08,600615,637.35,625.95,637.35,616.68,88138,89980778.0,3.25,-1.57,-9.98,4.7
2023-11-09,600615,625.24,642.34,661.58,606.71,149709,154053993.0,8.77,2.62,16.39,7.98
2023-11-10,600615,641.63,640.2,665.86,633.79,134089,142063954.0,4.99,-0.33,-2.14,7.15
2023-11-13,600615,624.52,645.19,653.03,624.52,80564,84146220.0,4.45,0.78,4.99,4.29
2023-11-14,600615,642.34,637.35,645.19,628.8,68679,71251991.0,2.54,-1.22,-7.84,3.66
2023-11-15,600615,638.78,694.37,708.62,629.51,212614,231312913.0,12.41,8.95,57.02,11.33
2023-11-16,600615,672.27,740.69,772.77,665.15,247200,285617011.0,15.5,6.67,46.32,13.18
2023-11-17,600615,727.15,825.51,825.51,722.88,226453,286947906.0,13.86,11.45,84.82,12.07
2023-11-20,600615,822.65,819.09,868.27,786.31,380155,497263242.0,9.93,-0.78,-6.42,20.26
2023-11-21,600615,787.73,808.4,808.4,774.9,220976,277343572.0,4.09,-1.31,-10.69,11.78
2023-11-22,600615,781.32,717.17,808.4,717.17,210915,247756046.0,11.29,-11.29,-91.23,11.24
2023-11-23,600615,701.49,703.63,717.17,692.94,116142,131931782.0,3.38,-1.89,-13.54,6.19
2023-11-24,600615,700.78,671.56,702.21,668.71,115517,127587236.0,4.76,-4.56,-32.07,6.16
2023-11-27,600615,673.7,715.75,740.69,665.15,166373,187076779.0,11.25,6.58,44.19,8.87
2023-11-28,600615,712.19,719.31,737.13,698.64,121158,140266636.0,5.38,0.5,3.56,6.46
2023-11-29,600615,713.61,719.31,736.42,712.9,93206,108065756.0,3.27,0.0,0.0,4.97
2023-11-30,600615,722.88,717.89,722.88,692.23,74839,84938839.0,4.26,-0.2,-1.42,3.99
2023-12-01,600615,719.31,687.95,719.31,672.27,113562,125894663.0,6.55,-4.17,-29.94,6.05
2023-12-04,600615,687.24,767.06,767.06,678.69,172439,202711256.0,12.85,11.5,79.11,9.19
2023-12-05,600615,767.06,776.33,808.4,747.82,221312,271062503.0,7.9,1.21,9.27,11.8
2023-12-06,600615,761.36,769.91,799.14,759.94,154505,192007109.0,5.05,-0.83,-6.42,8.23
2023-12-07,600615,777.75,744.97,782.74,734.28,103540,123389251.0,6.29,-3.24,-24.94,5.52
2023-12-08,600615,752.1,712.9,757.09,711.47,80802,93741149.0,6.12,-4.3,-32.07,4.31
2023-12-11,600615,708.62,730.0,730.0,695.79,68655,79344231.0,4.8,2.4,17.1,3.66
2023-12-12,600615,729.29,735.7,739.27,712.9,56951,66121540.0,3.61,0.78,5.7,3.04
2023-12-13,600615,734.99,819.8,819.8,727.15,237529,301663305.0,12.59,11.43,84.1,12.66
2023-12-14,600615,821.23,854.01,879.67,815.53,286875,378124081.0,7.82,4.17,34.21,15.29
2023-12-15,600615,834.77,801.27,836.91,794.86,180821,232618264.0,4.92,-6.18,-52.74,9.64
2023-12-18,600615,805.55,785.59,826.22,784.88,103266,132356970.0,5.16,-1.96,-15.68,5.5
2023-12-19,600615,789.87,781.32,802.7,770.63,80631,100327966.0,4.08,-0.54,-4.27,4.3
2023-12-20,600615,785.59,817.67,829.78,772.77,142724,181025633.0,7.3,4.65,36.35,7.61
2023-12-21,600615,795.57,802.7,805.55,751.38,101889,127104870.0,6.62,-1.83,-14.97,5.43
2023-12-22,600615,787.02,773.48,801.99,757.8,81285,100001079.0,5.51,-3.64,-29.22,4.33
2023-12-25,600615,767.78,814.1,835.48,765.64,120281,153154205.0,9.03,5.25,40.62,6.41
2023-12-26,600615,802.7,787.73,802.7,773.48,72747,90819310.0,3.59,-3.24,-26.37,3.88
2023-12-27,600615,783.46,713.61,787.02,698.64,139315,159996634.0,11.22,-9.41,-74.12,7.43
2023-12-28,600615,688.67,743.54,764.21,688.67,112907,132905149.0,10.59,4.19,29.93,6.02
2023-12-29,600615,732.85,759.22,767.06,732.85,73915,89214173.0,4.6,2.11,15.68,3.94
2024-01-02,600615,755.66,742.12,758.51,734.28,45962,54666354.0,3.19,-2.25,-17.1,2.45
2024-01-03,600615,742.83,765.64,772.77,734.28,64716,77922195.0,5.19,3.17,23.52,3.45
2024-01-04,600615,763.5,769.91,816.95,755.66,103446,128858170.0,8.01,0.56,4.27,5.51
2024-01-05,600615,769.91,791.3,834.06,769.91,125831,159337126.0,8.33,2.78,21.39,6.71
2024-01-08,600615,765.64,734.99,777.04,727.15,92575,111277629.0,6.3,-7.12,-56.31,4.93
2024-01-09,600615,735.7,819.09,819.09,732.14,156720,200529474.0,11.83,11.44,84.1,8.35
2024-01-10,600615,814.81,779.18,818.38,777.75,160580,202392598.0,4.96,-4.87,-39.91,8.56
2024-01-11,600615,779.18,772.05,785.59,750.67,93319,114373961.0,4.48,-0.92,-7.13,4.97
2024-01-12,600615,767.78,777.04,829.78,737.84,158036,197453564.0,11.91,0.65,4.99,8.42
2024-01-15,600615,776.33,756.37,794.15,751.38,93097,113489227.0,5.5,-2.66,-20.67,4.96
2024-01-16,600615,751.38,748.53,761.36,717.17,90651,106890881.0,5.84,-1.04,-7.84,4.83
2024-01-17,600615,749.25,737.13,803.41,732.85,67086,80813085.0,9.43,-1.52,-11.4,3.58
2024-01-18,600615,715.75,712.19,721.45,683.68,78821,89111454.0,5.12,-3.38,-24.94,4.2
2024-01-19,600615,701.49,675.12,711.47,671.56,53874,59677768.0,5.6,-5.21,-37.07,2.87
2024-01-22,600615,676.55,639.49,682.96,625.24,60059,63655890.0,8.55,-5.28,-35.63,3.2
2024-01-23,600615,620.25,629.51,639.49,608.84,45392,46308730.0,4.79,-1.56,-9.98,2.42
2024-01-24,600615,627.37,635.93,650.18,610.27,40680,41908558.0,6.34,1.02,6.42,2.17
2024-01-25,600615,633.79,652.32,654.46,628.8,39262,41293940.0,4.04,2.58,16.39,2.09
2024-01-26,600615,651.61,640.2,660.16,637.35,34694,36584129.0,3.5,-1.86,-12.12,1.85
2024-01-29,600615,640.91,607.42,645.19,598.15,42543,42771844.0,7.35,-5.12,-32.78,2.27
2024-01-30,600615,614.54,584.61,623.1,582.47,37375,36904171.0,6.69,-3.76,-22.81,1.99
2024-01-31,600615,583.9,551.83,598.15,551.83,43675,41477662.0,7.92,-5.61,-32.78,2.33
2024-02-01,600615,556.82,556.82,569.64,543.99,37024,34222611.0,4.65,0.9,4.99,1.97
2024-02-02,600615,561.09,526.88,572.5,495.52,48464,43405994.0,13.82,-5.38,-29.94,2.58
2024-02-05,600615,523.32,464.16,523.32,464.16,55307,44662021.0,11.23,-11.9,-62.72,2.95
2024-02-06,600615,458.46,469.87,494.81,407.15,65553,50069206.0,18.89,1.23,5.71,3.49
2024-02-07,600615,469.87,452.05,502.65,430.67,60778,48942133.0,15.32,-3.79,-17.82,3.24
2024-02-08,600615,448.48,479.13,482.69,427.82,37262,29413337.0,12.14,5.99,27.08,1.99
2024-02-19,600615,490.53,537.57,537.57,480.56,39802,34265740.0,11.9,12.2,58.44,2.12
2024-02-20,600615,546.13,540.42,573.21,536.86,57866,53652123.0,6.76,0.53,2.85,3.08
2024-02-21,600615,540.42,567.51,604.57,529.02,69977,67249529.0,13.98,5.01,27.09,3.73
2024-02-22,600615,562.52,568.93,579.62,548.26,41675,39086312.0,5.53,0.25,1.42,2.22
2024-02-23,600615,571.78,576.06,586.04,564.66,37693,35863731.0,3.76,1.25,7.13,2.01
2024-02-26,600615,574.63,591.03,620.25,566.79,44554,43598914.0,9.28,2.6,14.97,2.37
2024-02-27,600615,588.89,612.41,619.53,581.76,38348,38181430.0,6.39,3.62,21.38,2.04
2024-02-28,600615,611.69,555.39,628.09,554.68,46838,45746217.0,11.99,-9.31,-57.02,2.5
2024-02-29,600615,551.11,593.88,621.67,548.26,46071,44819585.0,13.22,6.93,38.49,2.46
2024-03-01,600615,593.88,608.84,638.06,593.88,43423,43567493.0,7.44,2.52,14.96,2.31
2024-03-04,600615,603.14,596.01,610.27,587.46,24940,24566729.0,3.75,-2.11,-12.83,1.33
2024-03-05,600615,591.03,574.63,592.45,563.23,42630,40587782.0,4.9,-3.59,-21.38,2.27
2024-03-06,600615,573.92,586.75,593.88,566.08,29190,28269018.0,4.84,2.11,12.12,1.56
2024-03-07,600615,586.75,586.75,610.98,579.62,36771,36142199.0,5.34,0.0,0.0,1.96
2024-03-08,600615,578.2,596.01,600.29,578.2,23451,22902554.0,3.76,1.58,9.26,1.25
2024-03-11,600615,608.13,601.72,608.13,592.45,21904,21659627.0,2.63,0.96,5.71,1.17
2024-03-12,600615,599.58,608.13,615.97,594.59,28042,27863460.0,3.55,1.07,6.41,1.49
2024-03-13,600615,607.42,618.82,640.91,605.99,38415,39154870.0,5.74,1.76,10.69,2.05
2024-03-14,600615,623.1,618.82,638.78,605.28,42003,42945142.0,5.41,0.0,0.0,2.24
2024-03-15,600615,611.69,637.35,640.91,611.69,44303,45635161.0,4.72,2.99,18.53,2.36
2024-03-18,600615,645.9,648.75,650.18,625.24,40573,42256863.0,3.91,1.79,11.4,2.16
2024-03-19,600615,658.73,701.49,722.88,648.75,92094,102189789.0,11.43,8.13,52.74,4.91
2024-03-20,600615,722.88,782.03,782.03,714.32,155350,190969695.0,9.65,11.48,80.54,8.28
2024-03-21,600615,782.03,811.25,822.65,759.22,147792,184883050.0,8.11,3.74,29.22,7.88
2024-03-22,600615,792.72,769.91,821.23,764.21,104062,130321738.0,7.03,-5.1,-41.34,5.55
2024-03-25,600615,769.91,770.63,801.99,765.64,73676,91661683.0,4.72,0.09,0.72,3.93
2024-03-26,600615,762.79,763.5,789.87,750.67,53978,65954035.0,5.09,-0.93,-7.13,2.88
2024-03-27,600615,775.62,757.8,777.75,752.81,48492,59377473.0,3.27,-0.75,-5.7,2.58
2024-03-28,600615,760.65,774.9,789.87,755.66,63237,78135164.0,4.51,2.26,17.1,3.37
2024-03-29,600615,771.34,785.59,793.43,771.34,62759,77939492.0,2.85,1.38,10.69,3.34
2024-04-01,600615,784.88,787.73,794.15,767.06,56395,69850615.0,3.45,0.27,2.14,3.01
2024-04-02,600615,788.44,810.54,813.39,779.18,64892,82250430.0,4.34,2.9,22.81,3.46
2024-04-03,600615,801.27,834.77,872.54,786.31,80792,105886603.0,10.64,2.99,24.23,4.31
2024-04-08,600615,834.77,771.34,836.91,769.91,79270,99774304.0,8.03,-7.6,-63.43,4.22
2024-04-09,600615,769.91,794.15,856.86,765.64,70040,88462409.0,11.83,2.96,22.81,3.73
2024-04-10,600615,789.16,776.33,810.54,766.35,46110,57584129.0,5.56,-2.24,-17.82,2.46
2024-04-11,600615,766.35,752.81,782.03,751.38,40519,49511575.0,3.95,-3.03,-23.52,2.16
2024-04-12,600615,811.96,762.07,811.96,755.66,59182,72633897.0,7.48,1.23,9.26,3.15
2024-04-15,600615,749.96,675.84,749.96,675.84,78056,87455657.0,9.73,-11.32,-86.23,4.16
2024-04-16,600615,662.3,598.15,667.28,598.15,56611,56541978.0,10.23,-11.5,-77.69,3.02
2024-04-17,600615,613.12,620.25,639.49,585.32,61468,62262137.0,9.06,3.69,22.1,3.28
2024-04-18,600615,620.96,591.74,620.96,582.47,72490,71495811.0,6.21,-4.6,-28.51,3.86
2024-04-19,600615,587.46,605.28,608.13,566.79,51287,50053457.0,6.99,2.29,13.54,2.73
2024-04-22,600615,605.28,595.3,630.94,588.17,64883,64725499.0,7.07,-1.65,-9.98,3.46
2024-04-23,600615,584.61,619.53,625.95,584.61,40807,41250488.0,6.94,4.07,24.23,2.17
2024-04-24,600615,616.68,633.08,640.2,610.27,28049,28898032.0,4.83,2.19,13.55,1.49
2024-04-25,600615,634.5,633.08,652.32,629.51,25538,26716964.0,3.6,0.0,0.0,1.36
2024-04-26,600615,630.94,628.8,645.9,616.68,42961,44338873.0,4.62,-0.68,-4.28,2.29
2024-04-29,600615,628.8,664.43,665.86,628.8,34686,36851266.0,5.89,5.67,35.63,1.85
2024-04-30,600615,664.43,653.74,676.55,646.62,25856,27612655.0,4.5,-1.61,-10.69,1.38
2024-05-06,600615,663.72,685.82,692.94,651.61,38513,42306866.0,6.32,4.91,32.08,2.05
2024-05-07,600615,687.24,708.62,710.76,687.24,38891,44037254.0,3.43,3.32,22.8,2.07
2024-05-08,600615,715.75,690.09,715.75,683.68,28769,32133939.0,4.53,-2.61,-18.53,1.53
2024-05-09,600615,682.25,700.78,719.31,682.25,28681,32398442.0,5.37,1.55,10.69,1.53
2024-05-10,600615,697.93,694.37,707.91,688.67,20630,23191932.0,2.75,-0.91,-6.41,1.1
2024-05-13,600615,687.24,668.0,687.95,659.45,24191,26346209.0,4.1,-3.8,-26.37,1.29
2024-05-14,600615,668.0,683.68,684.39,662.3,16362,17887777.0,3.31,2.35,15.68,0.87
2024-05-15,600615,667.28,689.38,702.92,667.28,18595,20794865.0,5.21,0.83,5.7,0.99
2024-05-16,600615,689.38,680.11,706.48,675.12,24029,26811429.0,4.55,-1.34,-9.27,1.28
2024-05-17,600615,675.84,744.97,758.51,672.99,57235,66219705.0,12.57,9.54,64.86,3.05
2024-05-20,600615,731.43,725.01,772.05,712.19,68285,80058770.0,8.04,-2.68,-19.96,3.64
2024-05-21,600615,720.74,687.95,720.74,681.54,43839,49187753.0,5.41,-5.11,-37.06,2.34
2024-05-22,600615,685.1,655.17,696.51,632.36,79577,85030485.0,9.32,-4.76,-32.78,4.24
2024-05-23,600615,651.61,630.22,663.72,628.09,43416,45483409.0,5.44,-3.81,-24.95,2.31
2024-05-24,600615,633.79,636.64,647.33,612.41,33814,34977602.0,5.54,1.02,6.42,1.8
2024-05-27,600615,636.64,635.93,640.91,623.1,19415,20060942.0,2.8,-0.11,-0.71,1.03
2024-05-28,600615,630.22,624.52,648.04,623.1,22781,23613655.0,3.92,-1.79,-11.41,1.21
2024-05-29,600615,635.21,638.06,642.34,623.81,19420,20176519.0,2.97,2.17,13.54,1.04
2024-05-30,600615,631.65,624.52,645.9,623.81,14134,14571360.0,3.46,-2.12,-13.54,0.75
2024-05-31,600615,630.22,615.97,630.22,610.98,17807,18018558.0,3.08,-1.37,-8.55,0.95
2024-06-03,600615,616.68,601.0,621.67,596.01,20161,20060477.0,4.17,-2.43,-14.97,1.07
2024-06-04,600615,605.99,580.33,605.99,566.08,28463,27332060.0,6.64,-3.44,-20.67,1.52
2024-06-05,600615,581.05,586.04,588.89,561.09,22440,21570626.0,4.79,0.98,5.71,1.2
2024-06-06,600615,596.73,538.29,596.73,529.73,40596,37336151.0,11.43,-8.15,-47.75,2.16
2024-06-07,600615,543.27,566.79,571.07,543.27,25065,23420259.0,5.16,5.29,28.5,1.34
2024-06-11,600615,561.8,548.26,566.08,538.29,19310,17592118.0,4.9,-3.27,-18.53,1.03
2024-06-12,600615,548.26,564.66,566.08,544.7,14467,13429984.0,3.9,2.99,16.4,0.77
2024-06-13,600615,562.52,547.55,568.93,545.41,19822,18317769.0,4.17,-3.03,-17.11,1.06
2024-06-14,600615,547.55,548.98,553.96,533.3,12244,11191665.0,3.77,0.26,1.43,0.65
2024-06-17,600615,547.55,541.14,553.25,537.57,12043,10913884.0,2.86,-1.43,-7.84,0.64
2024-06-18,600615,537.57,551.83,557.53,536.86,15985,14660199.0,3.82,1.98,10.69,0.85
2024-06-19,600615,556.82,557.53,601.72,554.68,35341,33508039.0,8.52,1.03,5.7,1.88
2024-06-20,600615,553.96,536.86,559.67,531.16,24098,21900927.0,5.11,-3.71,-20.67,1.28
2024-06-21,600615,542.56,531.87,542.56,527.59,12015,10771630.0,2.79,-0.93,-4.99,0.64
2024-06-24,600615,521.89,503.36,524.74,496.24,17238,14789588.0,5.36,-5.36,-28.51,0.92
2024-06-25,600615,505.5,514.05,524.03,499.09,15662,13590689.0,4.95,2.12,10.69,0.83
2024-06-26,600615,513.34,522.61,522.61,501.94,19305,16712273.0,4.02,1.67,8.56,1.03
2024-06-27,600615,519.76,507.64,524.74,504.79,16592,14341280.0,3.82,-2.86,-14.97,0.88
2024-06-28,600615,506.93,499.09,518.33,499.09,16608,14288401.0,3.79,-1.68,-8.55,0.89
2024-07-01,600615,496.24,517.62,522.61,491.25,24004,20714892.0,6.28,3.71,18.53,1.28
2024-07-02,600615,515.48,539.0,551.11,514.77,23530,21156977.0,7.02,4.13,21.38,1.25
2024-07-03,600615,553.25,536.86,573.21,536.15,23200,21217351.0,6.88,-0.4,-2.14,1.24
2024-07-04,600615,536.86,512.63,548.26,512.63,16219,14332803.0,6.64,-4.51,-24.23,0.86
2024-07-05,600615,513.34,519.04,522.61,505.5,10379,9017565.0,3.34,1.25,6.41,0.55
2024-07-08,600615,519.04,491.96,526.17,489.82,13813,11740422.0,7.0,-5.22,-27.08,0.74
2024-07-09,600615,494.1,494.1,503.36,476.99,15592,13013302.0,5.36,0.43,2.14,0.83
2024-07-10,600615,508.35,491.25,508.35,485.55,12641,10616805.0,4.61,-0.58,-2.85,0.67
2024-07-11,600615,501.94,518.33,519.76,500.51,17666,15288021.0,3.92,5.51,27.08,0.94
2024-07-12,600615,522.61,533.3,535.43,519.76,18022,15986679.0,3.02,2.89,14.97,0.96
2024-07-15,600615,527.59,533.3,537.57,524.03,12901,11515738.0,2.54,0.0,0.0,0.69
2024-07-16,600615,529.02,551.11,553.96,515.48,16783,15165595.0,7.22,3.34,17.81,0.89
2024-07-17,600615,548.26,527.59,555.39,524.74,17662,15934539.0,5.56,-4.27,-23.52,0.94
2024-07-18,600615,524.74,514.77,524.74,505.5,11932,10327437.0,3.65,-2.43,-12.82,0.64
2024-07-19,600615,523.32,521.18,534.72,510.49,11456,10094483.0,4.71,1.25,6.41,0.61
2024-07-22,600615,521.18,532.58,543.99,517.62,11908,10622860.0,5.06,2.19,11.4,0.63
2024-07-23,600615,531.87,510.49,540.42,508.35,12286,10844280.0,6.02,-4.15,-22.09,0.65
2024-07-24,600615,512.63,496.95,514.77,495.52,11788,10030552.0,3.77,-2.65,-13.54,0.63
2024-07-25,600615,496.24,511.2,518.33,489.82,11497,9796713.0,5.74,2.87,14.25,0.61
2024-07-26,600615,511.2,531.16,536.15,511.2,13789,12255621.0,4.88,3.9,19.96,0.73
2024-07-29,600615,591.03,548.98,593.16,543.99,47015,43905883.0,9.26,3.35,17.82,2.51
2024-07-30,600615,537.57,563.23,570.36,533.3,28089,25935089.0,6.75,2.6,14.25,1.5
2024-07-31,600615,569.64,570.36,576.77,559.67,23849,22482110.0,3.04,1.27,7.13,1.27
2024-08-01,600615,567.51,576.77,586.75,567.51,26009,24869801.0,3.37,1.12,6.41,1.39
2024-08-02,600615,574.63,645.19,645.19,568.22,52036,53329909.0,13.35,11.86,68.42,2.77
2024-08-05,600615,657.31,608.13,687.95,601.72,79127,82403124.0,13.37,-5.74,-37.06,4.22
2024-08-06,600615,608.13,603.14,626.66,591.74,51544,51219044.0,5.74,-0.82,-4.99,2.75
2024-08-07,600615,601.72,592.45,613.12,587.46,31389,30938344.0,4.25,-1.77,-10.69,1.67
2024-08-08,600615,649.47,603.14,652.32,602.43,57327,58236951.0,8.42,1.8,10.69,3.06
2024-08-09,600615,621.67,600.29,632.36,592.45,45520,45636469.0,6.62,-0.47,-2.85,2.43
2024-08-12,600615,594.59,571.07,598.15,565.37,38470,36829153.0,5.46,-4.87,-29.22,2.05
2024-08-13,600615,571.07,564.66,573.92,549.69,29708,27563812.0,4.24,-1.12,-6.41,1.58
2024-08-14,600615,558.95,565.37,584.61,558.95,20827,19598382.0,4.54,0.13,0.71,1.11
2024-08-15,600615,565.37,561.09,576.06,553.96,23119,21638938.0,3.91,-0.76,-4.28,1.23
2024-08-16,600615,558.95,546.84,571.07,544.7,18945,17472463.0,4.7,-2.54,-14.25,1.01
2024-08-19,600615,541.14,541.14,547.55,534.01,13686,12397883.0,2.48,-1.04,-5.7,0.73
2024-08-20,600615,539.71,529.02,543.99,525.46,12182,10876213.0,3.42,-2.24,-12.12,0.65
2024-08-21,600615,528.31,541.14,547.55,522.61,14298,12842215.0,4.71,2.29,12.12,0.76
2024-08-22,600615,548.98,536.86,548.98,527.59,14592,13094601.0,3.95,-0.79,-4.28,0.78
2024-08-23,600615,534.01,537.57,541.14,522.61,16778,14937952.0,3.45,0.13,0.71,0.89
2024-08-26,600615,541.14,558.95,566.08,537.57,30298,27812848.0,5.3,3.98,21.38,1.61
2024-08-27,600615,553.25,527.59,553.25,524.74,19055,17103960.0,5.1,-5.61,-31.36,1.02
2024-08-28,600615,527.59,525.46,538.29,515.48,18380,16308073.0,4.32,-0.4,-2.13,0.98
2024-08-29,600615,524.03,533.3,539.0,516.9,17427,15537036.0,4.21,1.49,7.84,0.93
2024-08-30,600615,537.57,544.7,554.68,529.73,22084,20083246.0,4.68,2.14,11.4,1.18
2024-09-02,600615,537.57,533.3,551.83,530.45,19056,17207861.0,3.93,-2.09,-11.4,1.02
2024-09-03,600615,536.86,536.15,539.0,527.59,13018,11637386.0,2.14,0.53,2.85,0.69
2024-09-04,600615,533.3,520.47,535.43,519.04,15077,13315579.0,3.06,-2.92,-15.68,0.8
2024-09-05,600615,519.76,537.57,558.24,519.76,32914,29619585.0,7.39,3.29,17.1,1.75
2024-09-06,600615,537.57,520.47,538.29,514.77,29879,26271552.0,4.38,-3.18,-17.1,1.59
2024-09-09,600615,528.31,521.89,528.31,510.49,10412,9073512.0,3.42,0.27,1.42,0.55
2024-09-10,600615,518.33,525.46,529.02,514.05,10302,9057325.0,2.87,0.68,3.57,0.55
2024-09-11,600615,519.76,516.19,529.73,514.77,15135,13268540.0,2.85,-1.76,-9.27,0.81
2024-09-12,600615,517.62,514.05,526.17,512.63,11065,9660805.0,2.62,-0.41,-2.14,0.59
2024-09-13,600615,514.05,509.06,521.18,509.06,9330,8092846.0,2.36,-0.97,-4.99,0.5
2024-09-18,600615,510.49,500.51,511.92,484.83,16954,14222280.0,5.32,-1.68,-8.55,0.9
2024-09-19,600615,502.65,522.61,529.73,499.8,22940,20027219.0,5.98,4.42,22.1,1.22
2024-09-20,600615,517.62,514.77,528.31,509.78,16370,14223657.0,3.55,-1.5,-7.84,0.87
2024-09-23,600615,519.04,511.2,519.04,506.93,8840,7622809.0,2.35,-0.69,-3.57,0.47
2024-09-24,600615,510.49,526.88,529.02,509.06,23915,20910781.0,3.9,3.07,15.68,1.27
2024-09-25,600615,528.31,531.87,537.57,520.47,77286,68811039.0,3.25,0.95,4.99,4.12
2024-09-26,600615,530.45,539.71,540.42,524.74,46572,41662674.0,2.95,1.47,7.84,2.48
2024-09-27,600615,541.85,561.09,562.52,541.85,34517,31737022.0,3.83,3.96,21.38,1.84
2024-09-30,600615,581.76,623.1,623.1,562.52,92817,91301952.0,10.8,11.05,62.01,4.95
2024-10-08,600615,681.54,640.91,687.95,609.56,120617,127590775.0,12.58,2.86,17.81,6.43
2024-10-09,600615,629.51,568.93,629.51,567.51,76216,74621063.0,9.67,-11.23,-71.98,4.06
2024-10-10,600615,573.92,578.91,593.88,563.94,48066,46099008.0,5.26,1.75,9.98,2.56
2024-10-11,600615,571.78,556.1,578.91,548.98,31451,29406519.0,5.17,-3.94,-22.81,1.68
2024-10-14,600615,556.1,569.64,575.35,551.83,40382,37948654.0,4.23,2.43,13.54,2.15
2024-10-15,600615,564.66,556.82,571.07,555.39,28953,27021807.0,2.75,-2.25,-12.82,1.54
2024-10-16,600615,550.4,593.16,607.42,544.7,86708,83916610.0,11.26,6.53,36.34,4.62
2024-10-17,600615,597.44,580.33,601.72,571.78,63602,61350628.0,5.05,-2.16,-12.83,3.39
2024-10-18,600615,579.62,580.33,585.32,562.52,58848,56104542.0,3.93,0.0,0.0,3.14
2024-10-21,600615,579.62,573.92,584.61,567.51,50636,48259215.0,2.95,-1.1,-6.41,2.7
2024-10-22,600615,576.77,595.3,607.42,569.64,82262,80883555.0,6.58,3.73,21.38,4.38
2024-10-23,600615,599.58,597.44,620.96,585.32,73957,73226937.0,5.99,0.36,2.14,3.94
2024-10-24,600615,596.73,604.57,609.56,591.74,42675,42235999.0,2.98,1.19,7.13,2.27
2024-10-25,600615,609.56,675.12,675.12,609.56,145395,156279287.0,10.84,11.67,70.55,7.75
2024-10-28,600615,680.11,752.81,752.81,672.99,253141,293162629.0,11.82,11.51,77.69,13.49
2024-10-29,600615,752.81,708.62,763.5,702.21,188207,218695917.0,8.14,-5.87,-44.19,10.03
2024-10-30,600615,695.79,707.2,728.58,695.08,94183,107014602.0,4.73,-0.2,-1.42,5.02
2024-10-31,600615,711.47,717.89,728.58,695.08,101864,116003693.0,4.74,1.51,10.69,5.43
2024-11-01,600615,716.46,694.37,716.46,672.27,111634,125121438.0,6.16,-3.28,-23.52,5.95
2024-11-04,600615,690.09,714.32,725.73,676.55,83795,94890414.0,7.08,2.87,19.95,4.47
2024-11-05,600615,715.04,721.45,728.58,706.48,76222,87725286.0,3.09,1.0,7.13,4.06
2024-11-06,600615,722.88,720.74,737.13,701.49,97687,113042410.0,4.94,-0.1,-0.71,5.21
2024-11-07,600615,712.9,725.73,729.29,705.77,65162,75410046.0,3.26,0.69,4.99,3.47
2024-11-08,600615,743.54,701.49,744.26,696.51,87002,99410320.0,6.58,-3.34,-24.24,4.64
2024-11-11,600615,705.77,726.44,728.58,692.94,77186,87726539.0,5.08,3.56,24.95,4.11
2024-11-12,600615,730.0,759.94,809.83,726.44,134456,163958709.0,11.48,4.61,33.5,7.17
2024-11-13,600615,748.53,767.06,773.48,719.31,82124,98260270.0,7.13,0.94,7.12,4.38
2024-11-14,600615,754.95,733.57,764.93,732.14,49682,59348665.0,4.27,-4.37,-33.49,2.65
2024-11-15,600615,723.59,698.64,743.54,697.93,48189,55628612.0,6.22,-4.76,-34.93,2.57
2024-11-18,600615,702.21,658.73,707.91,650.89,43512,47222763.0,8.16,-5.71,-39.91,2.32
2024-11-19,600615,665.15,682.25,682.96,652.32,31669,34166256.0,4.65,3.57,23.52,1.69
2024-11-20,600615,681.54,687.95,693.65,677.26,36337,40236302.0,2.4,0.84,5.7,1.94
2024-11-21,600615,687.95,686.53,706.48,674.41,33505,37405395.0,4.66,-0.21,-1.42,1.79
2024-11-22,600615,765.64,765.64,765.64,765.64,18937,23084252.0,0.0,11.52,79.11,1.01
2024-11-25,600615,852.59,852.59,852.59,852.59,17428,23370948.0,0.0,11.36,86.95,0.93
2024-11-26,600615,948.09,948.09,948.09,948.09,50953,75155734.0,0.0,11.2,95.5,2.72
2024-11-27,600615,923.15,881.1,1047.87,843.32,330401,460166226.0,21.57,-7.07,-66.99,17.61
2024-11-28,600615,881.1,794.86,901.05,787.73,205244,270943115.0,12.86,-9.79,-86.24,10.94
2024-11-29,600615,773.48,831.92,859.0,767.06,173374,222341799.0,11.57,4.66,37.06,9.24
2024-12-02,600615,819.09,843.32,866.13,803.41,135342,177228962.0,7.54,1.37,11.4,7.21
2024-12-03,600615,830.49,829.07,864.7,816.24,108247,142116093.0,5.75,-1.69,-14.25,5.77
2024-12-04,600615,814.81,790.58,826.93,783.46,92095,117035030.0,5.24,-4.64,-38.49,4.91
2024-12-05,600615,797.0,824.79,878.96,787.02,160228,210367031.0,11.63,4.33,34.21,8.54
2024-12-06,600615,837.62,820.52,837.62,809.83,91389,118579406.0,3.37,-0.52,-4.27,4.87
2024-12-09,600615,825.51,834.06,858.29,816.95,88010,115942846.0,5.04,1.65,13.54,4.69
2024-12-10,600615,858.29,824.79,870.41,823.37,82318,108674720.0,5.64,-1.11,-9.27,4.39
2024-12-11,600615,824.79,837.62,844.75,818.38,61268,80441515.0,3.2,1.56,12.83,3.27
2024-12-12,600615,837.62,828.36,839.05,816.24,56131,73244501.0,2.72,-1.11,-9.26,2.99
2024-12-13,600615,826.93,809.83,827.64,806.97,39060,50401221.0,2.5,-2.24,-18.53,2.08
2024-12-16,600615,811.96,794.15,816.24,785.59,39061,49245341.0,3.78,-1.94,-15.68,2.08
2024-12-17,600615,787.73,744.26,788.44,737.84,56967,68899075.0,6.37,-6.28,-49.89,3.04
2024-12-18,600615,738.56,738.56,754.95,725.01,30399,36053533.0,4.02,-0.77,-5.7,1.62
2024-12-19,600615,734.99,747.11,753.52,729.29,30502,36149781.0,3.28,1.16,8.55,1.63
2024-12-20,600615,749.25,760.65,771.34,742.12,33846,41089901.0,3.91,1.81,13.54,1.8
2024-12-23,600615,764.21,717.17,768.49,711.47,43349,50864341.0,7.5,-5.72,-43.48,2.31
2024-12-24,600615,720.02,718.6,730.72,705.06,29453,33874500.0,3.58,0.2,1.43,1.57
2024-12-25,600615,712.9,691.52,716.46,681.54,32932,36734465.0,4.86,-3.77,-27.08,1.76
2024-12-26,600615,691.52,705.06,709.33,684.39,22576,25488483.0,3.61,1.96,13.54,1.2
2024-12-27,600615,705.06,720.02,727.86,700.78,23122,26691468.0,3.84,2.12,14.96,1.23
2024-12-30,600615,720.02,699.36,727.15,692.23,28228,32048065.0,4.85,-2.87,-20.66,1.5
2024-12-31,600615,698.64,690.09,703.63,683.68,26521,29547495.0,2.85,-1.33,-9.27,1.41
2025-01-02,600615,682.96,672.99,702.21,666.57,24532,27115800.0,5.16,-2.48,-17.1,1.31
2025-01-03,600615,672.99,646.62,679.4,643.77,26584,28434207.0,5.29,-3.92,-26.37,1.42
2025-01-06,600615,645.19,640.2,655.17,618.82,21214,22128707.0,5.62,-0.99,-6.42,1.13
2025-01-07,600615,636.64,666.57,666.57,635.93,30760,32620197.0,4.79,4.12,26.37,1.64
2025-01-08,600615,670.85,662.3,672.27,636.64,22221,23618550.0,5.35,-0.64,-4.27,1.18
2025-01-09,600615,661.58,661.58,670.14,650.89,17677,19034846.0,2.91,-0.11,-0.72,0.94
2025-01-10,600615,660.16,677.98,716.46,655.88,50785,56167777.0,9.16,2.48,16.4,2.71
2025-01-13,600615,668.71,756.37,756.37,661.58,50470,59680797.0,13.98,11.56,78.39,2.69
2025-01-14,600615,758.51,781.32,821.23,749.25,154081,191678402.0,9.52,3.3,24.95,8.21
2025-01-15,600615,767.78,747.11,772.05,742.12,86676,104007928.0,3.83,-4.38,-34.21,4.62
2025-01-16,600615,747.11,762.79,777.04,742.83,83832,101412456.0,4.58,2.1,15.68,4.47
2025-01-17,600615,755.66,775.62,779.18,739.98,83060,101330848.0,5.14,1.68,12.83,4.43
2025-01-20,600615,783.46,763.5,789.87,757.09,59680,72663247.0,4.23,-1.56,-12.12,3.18
2025-01-21,600615,764.21,769.2,769.91,747.82,54277,65648937.0,2.89,0.75,5.7,2.89
2025-01-22,600615,764.93,780.6,794.86,751.38,84703,104858000.0,5.65,1.48,11.4,4.51
2025-01-23,600615,793.43,763.5,795.57,762.07,67380,83549803.0,4.29,-2.19,-17.1,3.59
2025-01-24,600615,740.69,751.38,757.09,730.72,53237,63337687.0,3.45,-1.59,-12.12,2.84
2025-01-27,600615,750.67,738.56,758.51,735.7,30267,36121307.0,3.04,-1.71,-12.82,1.61
2025-02-05,600615,749.25,742.12,749.25,732.14,28119,33289601.0,2.32,0.48,3.56,1.5
2025-02-06,600615,734.28,747.82,747.82,734.28,46292,54806772.0,1.82,0.77,5.7,2.47
2025-02-07,600615,749.25,757.09,763.5,744.97,50846,61238828.0,2.48,1.24,9.27,2.71
2025-02-10,600615,760.65,765.64,765.64,749.25,48328,58394747.0,2.16,1.13,8.55,2.58
2025-02-11,600615,766.35,756.37,766.35,748.53,36020,43335188.0,2.33,-1.21,-9.27,1.92
2025-02-12,600615,759.22,784.17,798.42,742.12,101619,124201036.0,7.44,3.68,27.8,5.42
2025-02-13,600615,780.6,769.2,787.73,760.65,67639,83259645.0,3.45,-1.91,-14.97,3.61
2025-02-14,600615,760.65,739.27,767.06,737.84,62316,74287534.0,3.8,-3.89,-29.93,3.32
2025-02-17,600615,739.27,748.53,752.81,737.13,44123,52673909.0,2.12,1.25,9.26,2.35
2025-02-18,600615,743.54,742.83,766.35,733.57,41957,50091977.0,4.38,-0.76,-5.7,2.24
2025-02-19,600615,737.84,774.19,779.18,737.84,73421,89605204.0,5.57,4.22,31.36,3.91
2025-02-20,600615,761.36,783.46,787.73,761.36,59798,73971388.0,3.41,1.2,9.27,3.19
2025-02-21,600615,777.75,768.49,780.6,760.65,60838,74289908.0,2.55,-1.91,-14.97,3.24
2025-02-24,600615,771.34,790.58,799.14,771.34,82660,103133847.0,3.62,2.87,22.09,4.41
2025-02-25,600615,774.9,767.78,792.01,765.64,51526,63681373.0,3.34,-2.88,-22.8,2.75
2025-02-26,600615,766.35,784.17,799.14,766.35,61527,76732628.0,4.27,2.13,16.39,3.28
2025-02-27,600615,788.44,767.78,793.43,739.98,59779,72664437.0,6.82,-2.09,-16.39,3.19
2025-02-28,600615,765.64,806.97,840.47,748.53,124078,155781106.0,11.97,5.1,39.19,6.61
2025-03-03,600615,811.96,824.08,868.98,801.99,153503,201543123.0,8.3,2.12,17.11,8.18
2025-03-04,600615,801.27,836.91,864.7,801.27,121153,159289304.0,7.7,1.56,12.83,6.46
2025-03-05,600615,836.2,809.11,836.2,797.0,78674,101013253.0,4.68,-3.32,-27.8,4.19
2025-03-06,600615,812.68,809.11,814.81,794.86,67007,85611887.0,2.47,0.0,0.0,3.57
2025-03-07,600615,806.26,793.43,816.95,793.43,55561,70864487.0,2.91,-1.94,-15.68,2.96
2025-03-10,600615,793.43,806.97,807.69,788.44,46585,59147139.0,2.43,1.71,13.54,2.48
2025-03-11,600615,798.42,814.1,819.8,789.16,57648,73625254.0,3.8,0.88,7.13,3.07
2025-03-12,600615,813.39,824.79,859.0,813.39,78694,103097806.0,5.6,1.31,10.69,4.19
2025-03-13,600615,823.37,857.58,898.91,821.23,144191,194785525.0,9.42,3.98,32.79,7.69
2025-03-14,600615,857.58,838.33,876.11,826.93,92188,121744441.0,5.73,-2.24,-19.25,4.91
2025-03-17,600615,839.76,829.78,866.13,829.07,67534,89813521.0,4.42,-1.02,-8.55,3.6
2025-03-18,600615,832.63,826.93,834.06,814.81,51149,66471038.0,2.32,-0.34,-2.85,2.73
2025-03-19,600615,823.37,856.15,856.15,812.68,82078,108302947.0,5.26,3.53,29.22,4.37
2025-03-20,600615,856.15,838.33,865.42,836.2,60976,81269498.0,3.41,-2.08,-17.82,3.25
2025-03-21,600615,829.07,787.02,832.63,786.31,71388,90944092.0,5.53,-6.12,-51.31,3.8
2025-03-24,600615,787.73,773.48,800.56,748.53,51090,62646145.0,6.61,-1.72,-13.54,2.72
2025-03-25,600615,770.63,774.19,779.89,752.1,35426,43227392.0,3.59,0.09,0.71,1.89
2025-03-26,600615,772.77,791.3,797.71,769.2,33842,42335692.0,3.68,2.21,17.11,1.8
2025-03-27,600615,791.3,768.49,791.3,760.65,37917,46407521.0,3.87,-2.88,-22.81,2.02
2025-03-28,600615,765.64,762.79,774.19,754.95,30609,37218939.0,2.5,-0.74,-5.7,1.63
2025-03-31,600615,769.2,779.89,786.31,757.09,34694,42479379.0,3.83,2.24,17.1,1.85
2025-04-01,600615,779.18,781.32,790.58,771.34,25747,31941643.0,2.47,0.18,1.43,1.37
2025-04-02,600615,781.32,774.9,790.58,773.48,22086,27384494.0,2.19,-0.82,-6.42,1.18
2025-04-03,600615,771.34,768.49,778.47,755.66,19862,24284774.0,2.94,-0.83,-6.41,1.06
2025-04-07,600615,681.54,681.54,707.2,681.54,38262,42279045.0,3.34,-11.31,-86.95,2.04
2025-04-08,600615,658.02,687.95,705.77,648.75,52218,57344583.0,8.37,0.94,6.41,2.78
2025-04-09,600615,680.11,682.96,691.52,609.56,49296,52653900.0,11.91,-0.73,-4.99,2.63
2025-04-10,600615,691.52,695.08,705.06,688.67,33468,37595828.0,2.4,1.77,12.12,1.78
2025-04-11,600615,692.23,702.92,713.61,689.38,24992,28251024.0,3.49,1.13,7.84,1.33
2025-04-14,600615,709.33,723.59,725.01,708.62,24410,28075378.0,2.33,2.94,20.67,1.3
2025-04-15,600615,725.01,732.14,732.14,714.32,16984,19699858.0,2.46,1.18,8.55,0.91
2025-04-16,600615,730.0,714.32,732.85,698.64,20919,23994831.0,4.67,-2.43,-17.82,1.11
2025-04-17,600615,708.62,715.04,728.58,707.2,15450,17865479.0,2.99,0.1,0.72,0.82
2025-04-18,600615,720.74,733.57,739.27,710.76,22673,26371604.0,3.99,2.59,18.53,1.21
2025-04-21,600615,727.86,742.12,763.5,727.86,25158,29991928.0,4.86,1.17,8.55,1.34
2025-04-22,600615,746.4,742.12,752.1,737.84,14356,17023972.0,1.92,0.0,0.0,0.77
2025-04-23,600615,776.33,826.93,826.93,767.78,57957,74720275.0,7.97,11.43,84.81,3.09
2025-04-24,600615,920.29,920.29,920.29,878.25,317181,453590005.0,5.08,11.29,93.36,16.91
2025-04-25,600615,930.27,817.67,963.77,817.67,292455,402827358.0,15.88,-11.15,-102.62,15.59
